review,label
未來城市設定很酷，角色劇情 發展 可玩性非常多。能融進2077的故事裡。有看到網上的mod可以住進房子裡感覺好棒啊。哪天開心了一定來研究怎麼用。,1
畫風是我最喜歡的類型，但我要針對這遊戲說出一些我認為的缺陷。首先就是一開始的三種身份太形同虛設，只有一開始的五分鐘有差別，然後阿傑線也是鋪陳不夠，導致沒啥感覺。 但說到優點的部分，後面的強尼線是我最喜歡的，角色塑造最立體且有深度。但總體我覺得這款的劇情只能說是還不錯，我不會覺得特別優秀。,1
個人認為非常好玩 建議可以先去看動畫 能更好的沉浸在遊戲裡 然後要搭配dlc一起玩 可以好好感受賽博龐克的世界,1
整體還算可以，但這遊戲出了一段時間還是有些BUG未解決(狗鎮塔羅牌、50系列拍照要關光追)。大地圖人物對話較死板沒變化。個人評價約80-85分吧，折扣時入手是OK的。,1
為了蕾貝卡來報仇的,1
劇情創新 唯一目前感覺到的缺點 就是路人反應很不真實,1
什麼公司戰爭,1
記得存檔👁‍🗨,1
一周目單挑荒坂塔 成功通關!!!敬家人,1
可玩性可以的,1
"非常不錯，畫面等常規地方都在一線，而這遊戲最優秀的地方是文本和劇情,主線劇情引人入胜扑朔迷离有些地方非常的感动，支线剧情也种类多样不会无聊，包括打拳赛车偷东西暗杀。至于缺点的话这游戏这么多年了但我还是遇到了一些小bug包括人物卡进墙里和那个机枪塔的爆炸特效一直在爆炸，但无伤大雅。总的来说还是非常推荐的。 通關遊戲了,就如我之前所說的這遊戲的問本和劇情部分做得非常之好,在這裡強烈推介大家買DLC,我個人甚至覺得DLC質量比本體好,強烈推介購買/bug方面遇到了比較多的小問題比如穿膜,角色卡牆壁等這些還好完全不影響正常遊玩,但是我真的遇到了一次比較嚴重的bug,任務他叫我離開酒店我離開了後任務就卡住了無法進行下去,希望官方可以再打磨打磨這些小地方",1
畫面品質不錯，雖然發售距今已經超過5年，依然可以做為硬體的測試標竿 夜城打造的很豐富，城市的生命力及立體感很棒,1
"神作,偉大毋需多言",1
我直接明說了 能爆打亞當碎骨就是讚,1
唯一的缺點是，我沒辦法把自己的記憶消除，然後重玩一次,1
"所有車的手感確實有點差, 比gta差. 不用mod的情況下就是閹割的夜城, 用了80幾個mod才還原到真正的夜城味道",1
很好玩，缺點是第一人稱視角，只有使用載具的時候可以調整成第三人稱,1
2026年的今天 无敌神作不过分吧,1
很喜歡這遊戲,1
強尼讓我幹荒坂 [strike]荒坂賴宣你倒是給我電話阿[/strike] [spoiler]不要小看這位看起來是反派的人 [/spoiler],1
帶入感100分,1
很有沉浸感，喜歡這種反烏托邦風格,1
劇情表現細膩 場景小心思很多 人物關係錯綜複雜 遊戲玩法不單調 自由度高 DLC內容不僅豐富 還能增加遊戲本體的遊玩體驗 遊玩的帶入感很重，能很深刻的體會到世界觀下所構築的世界是什麼樣子，電馭叛客2077將電御叛客多年來的IP經營作了統整，每當我進入夜城都能感受到我是夜城的一份子，由其收音機撥放那首歌時，都會因為想起大衛和露西而難過......這款遊戲帶給我很多東西，不只是遊玩的體驗，而是一種哲學，我愛死這款遊戲了,1
[h1][b][u]現實讓遊戲像David一樣「是傳奇，但不是活着的傳奇」 [/u][/b][/h1] [p]遊戲是好遊戲，說第二沒人敢說第一的城市，沉浸劇情，是每隔一段時間就會重玩一次的佳作。每一次重開週目，甚至只是回到上個劇情的地圖也能發現新細節。之前空閒時也會特意在城內到處逛、開車開幾圈像在遊戲內生活，真正的第二人生。 [/p] [p] 只是遊戲在現實的開發、發行經歷、預期內容相比的缺失、後期發現的廢案、變動，讓我這兩三年每次看到關於2077的後續討論和細節發掘，都會覺得「竟然放棄這部份，可惜了，2077本來有機會成為活着的傳奇」 [/p],1
很頂的賽車模擬器,1
"這款遊戲是誤打誤撞在特價的時候購買，只能說四個字""物超所值"" 起初如同V這個角色懵懵懂懂，到了中後期，開始慢慢爬文看了許多攻略與影片，才發覺這款遊戲，真的非常耐人尋味 有不朽武器可以在這個世界慢慢尋找，以及不同流派的玩法，真的是很多種組合可以發展 以及每個角色都有不同的結局發展，真的想不到V與其他角色回答，居然有不同的劇情發展，真的很佩服這款遊戲的製作 玩到現在真的停不下來，下班都想趕快玩CP2077，真的是讓我能在下班之餘，讓我開心玩的遊戲^^ 非常值得推薦",1
非常好游戏，让我钱包干瘪,1
細節滿滿的開放世界 過了這麼久偶爾還是會上夜城逛逛,1
雖然聽說初期一堆BUG和爛遊玩體驗 但目前的版本是神作 ※追記:玩到狗命鎮的時候沒有觸發搶車任務 害我要重開一個檔才能全成就 拜託蠢驢修好好嗎?,1
打完主線了，超惆悵 劇本精彩沉浸感又好，神作,1
有些bug，大部分不影響游戲體驗，總的來說瑕不掩瑜，推薦。,1
動漫是真的好看，我不敢看第二遍。,1
我愛賽博龐克二千零七十七,1
人生第一款3a 還不錯,1
手發沒多久就買了 玩幾時小時，被優化、bug問題搞得退坑 5年過去了，在玩一次~ 恩~我就知道你可以的CD Projekt,1
回鍋~跟現在AI時代好貼近啊!,1
後續更新完善之後 確實好多了 可惜還是沒有做完原本承諾的内容,1
現在已經不只是在玩遊戲了，而是在把遊戲改寫成自己心中理想的樣子，2019年的預告片展示得太完美，不過要實現會追擊的警用巡邏浮空載具真不簡單,1
從高中玩到現在的回憶,1
真的很好玩,1
真的好有未來的感覺,1
這裡給到夯爆了,1
遊戲模式超酷，讚,1
沉浸式體驗,1
"[h1] 在夜城，活著不是目標。留下痕跡才是。[/h1] 夜城很亮。 亮到你幾乎忘了它其實沒有太陽。 幾年前第一次進入2077，我以為自己要升級義體、刷傳說裝備、進來生讓人記住名字。 後來才發現，這座城市真正升級的不是武器。 是代價。 V的身體裡住著銀手。 不是夥伴。不是導師。 是一個提醒 提醒你終究會被某種東西取代。 公司取代政府。 科技取代肉身。 傳奇取代普通人。 而你卻還在騎著機車穿過雨夜， 聽著那首歌， 假裝自己還有時間。 大衛拼命往上爬。 不是為了金錢。 不是為了榮耀。 只是想證明—— 自己配得上被留下。 他跑得很快。 快到時間都追不上。 但夜城從來不追人。 夜城只等你。 等你升級。 等你失去。 等你成為故事。 2077真正震撼的地方不是荒坂塔。 不是爆炸。 不是槍火。 而是當你明白一件事—— 這座城市不在乎你是否活著。 它只在乎你是否精彩地死去。 你可以選擇平凡地活。 也可以選擇燃燒到連灰燼都不剩。 強尼選擇炸。 大衛選擇跑。 而你呢？ 當任務結束，當字幕升起， 你才發現—— 真正殘忍的從來不是死亡。 而是你知道自己終究只是夜城的一部分， 卻還是想成為例外。 所以,V [b] 無名小卒?還是揚名立萬? [/b]",1
發布多年才體驗這款遊戲，是少數讓我全破的第一人稱類。 1. 劇情很棒，尤其我很喜歡一些支線的劇情鋪陳。 2. 操作簡單不會很困難。 3. 玩法多樣，潛行，駭客，近戰和槍戰都有。 4. 角色成長可以改造的部分很多，雖然有些眼花撩亂需要做功課，但挺有意思的。 諸多不同的遊戲方式，雖然剛發布似乎有很大的優化問題，但現在體感很好。,1
這真的是一款好遊戲 當初一堆消息要出這遊戲時我完全沒興趣，直到我追的實況主打這遊戲之後發現好像很有趣 豪不猶豫就買了 真的好玩，而且角色互動很棒，劇情很悲劇,1
夜之城沒有活著的傳奇,1
評價 夯爆了！,1
"好玩!但受我自身的電腦限制,效能都開最低,部分人物看起來是真的超醜xd",1
我愛夜之城,1
精神時光屋,1
真心好玩 已經玩好幾遍了,1
用心的大作品,1
名揚天下，還是無名小卒?,1
哪時候出DLC拉吼,1
故事原創性高、畫面精美,1
好遊戲!!,1
算是蠻好玩的，但並不令人驚豔。遠遠比不上巫師三。 我想部分的原因還是跟我跟我的喜好有關，我實在是不喜歡扮演流氓混混。想想也是，為什麼會喜歡JRPG大概就是因為我喜歡聖母主角。 整體來說CDPR還是很有能力塑造真正有趣的開放世界。這真是神奇，究竟是為什麼CDPR製作的委託任務不會給人罐頭感？明明很多任務其實也就是很重複的到某地殺某人這樣的內容。 比起巫師引人入勝的主線劇情，本作的主線劇本只能算是中規中矩。有把故事講完，邏輯自洽，但就這樣，沒什麼感人肺腑或印象深刻的時刻。而且主線劇情實在是太短太短了。 算是佳作，僅此。,1
從電腦版第一天推出我就開始玩了，這個遊戲絕對值得你花時間好好品持裡面的細節,1
整個遊戲都非常優秀 是我至今玩過最棒的遊戲之一 遊戲性極佳 武器種類很多 又有不同的流派可以嘗試 這也增加了遊戲的重玩性及可玩性 劇情方面具有深度且有趣 讓人情不自禁繼續玩下去 尤其是跟角色過去有關的劇情絕對不馬虎 即使是支線任務的角色也都很又個性 人物塑造也下了很大功夫 主要角色的背景交代清楚 人物曲線都有好好走完 即使有些角色個性真的很惡劣 但依然可以理解角色的動機 以及各個角色的內心衝突 掙扎 再來是氛圍 遊戲的氛圍我個人認為是做得最優秀的 尤其是在做了重大抉擇時幾乎沒有處理不好的地方 絕望感跟無力感的處理確實讓人感到窒息 尤其結局的後勁強烈 本體片尾曲Never fade away原版跟遊戲最終選用的版本的主角不太一樣原版曲風搖滾給人的感覺是主角V跟強尼那熱血不願放棄的氣質 遊戲版本則代表夜城 壓抑絕望 在夜城立足必須付出代價 DLC必買 整個品質更上一層 無論是角色、劇本還是氛圍 DLC有新增結局 基本上是最殘忍的結局(對主角來說) 過關後的感受實在不是滋味 也是唯一讓我短時間內不在開遊戲的結局 個人主觀認為是遊戲做的最優秀的的結局之一 但後勁估計是最強的 尤其在已經通關很多輪 足夠了解主角的個性以及他/她所追求的目標時 那個感受更為強烈 DLC的片尾曲 貼合角色 通關後播出這首歌時有種說不出的感受 彷彿內心空了一個洞 主角配音方面主要玩英文 男v聲線在表現上情感表現比較內斂克制 女v則有更多情緒上的表現尤其脆弱感更明顯 真要選個人比較推薦女v聲線 配角的配音基本上也沒有太大的問題 不會有那些配音出戲或是糟糕的 只有不錯跟優秀 總之這款遊戲絕對值得購買,1
戰鬥操作感很棒，流派的風格多樣，畫面感很棒，不過可惜的部分是，以第一人稱的角度過任務會稍微無法完全代入，會有情感上的一些抽離，不過整體上而言是很值得遊玩體驗的好作品。另外路邊的NPC可以更擬真一點，能參照RDR2的真實度就更好了。 本傳劇情普通，DLC自由幻局劇情較好，但是DLC的狗命鎮的電腦運作乘載過於壓迫，意思是會容易讓電腦黑頻重開機，希望貴公司可以調整一下。 期待未來有 Cyberpunk 2077相關的續作，或是同等概念的故事性遊戲發表。,1
J+V永不分開,1
看他們打炮時 搞得我好硬啊,1
一開始玩得很入迷，但後面遊戲存檔直接打不開，變成全部重新開始，這點讓我對這款遊戲有點失望，不過整體是好玩的。,1
Xbox one 1.6版玩了100多個小時，被卡版本了只好趁打折來steam買。買了終極版又全部破了，好玩！是說完了幾百個小時結果40個小時不小心開成離線。哈哈哈哈哈哈 蠢死我了 很喜歡2077，世界觀真的非常吸引人，但又害怕未來世界真的變得如此。 很喜歡大部分角色， 除了朱蒂。比豬蠢，我的天，我只好把他賣給舞子，哼哼哼哼,1
經典!!!值得收藏!!,1
我把荒坂操爆了,1
2077就是我們這個世代最能貼近社會現況和集開放世界遊戲大成的頂級體驗，推出好幾年的目前仍是如此,1
畫面漂亮 單機遊玩也不錯,1
玩完一陣子後又想再打一遍，好玩的。,1
"進狗鎮就遇到不開自動存檔任務無法進行的bug ,然後打奇美拉遇到鎖血bug,看reddit之前就有這個問題了,多久了還沒修好..",1
世界末日又怎麼樣 我就是想要把頌鳥送上月球,1
幹他媽的一天到晚在crash，開個地圖一直crash，而且越完越卡最後直接crash，一萬個會crash的遊戲,1
电子游戏画质的奇迹,1
Cyberpunk從最一開始bug滿天飛被噴爛到現在修好還有了不少更新， 幾乎複製no man sky的救贖故事（規模沒那麼大就是了）。 遊戲優點： 其龐大的世界觀所帶來的故事及價值觀：你想怎麼活，以及你永遠無法打倒企業的高牆。 Cyberpunk一句話我很有印象：“傳奇哪裡最多，在墳墓裡”。 究竟想要壯烈的活一次，還是渾渾噩噩地（或是說平凡地）過日子，我們的主角V面臨的就是這樣的課題。 開放世界：猛炸天，高科技看似雄偉的建築， 在各個看不見的角落卻充滿著落後的痕跡，貧富差距一覽無遺。 夜城也是少數我覺得夜晚也很好看的世界。 大部分開放世界到晚上對我而言除了很暗外，沒辦法帶出什麼特色。 但Cyberpunk完全不是如此，燈火通明，光線交織的霓虹城市，完全帶出了一種不同的風格。 支線：支線和委託是令我蠻意外的地方， 我原本以為又會是很無聊的公式任務（但畢竟是開放世界還是有那種無聊的清點，還算在成就裡）， 去那殺人，去那拿東西。 實際上遊玩可能也是這樣， 但重點是，幾乎每個支線和委託都有自己的劇情， 而且大部分只要你願意去仔細體驗或瞭解，都有可能發現更多黑暗的事實，有些甚至解鎖新的選項， cyberpunk是少數我每玩一個支線就會需要一直去看reddit確定我到底錯過了什麼的遊戲。 劇情跟人物塑造：雖然自由幻局故事更有緊湊感或驚悚感，但是本體的劇情也不輸。 我們的V在一次heist出包之後，基哥銀手的意識便跑到V腦裡同時逐漸侵蝕V身體，於是故事便是以尋找解法啟程。 基哥角色銀手。在前期V看似要死的時候突然鬼轉遊玩銀手畫面然後攻擊幾乎一擊必殺真的會產生深刻印象。 而這位老兄絕對是百分百混帳。 然而隨著相處越久，便會越瞭解他。 我記得銀手有對V講一句話，大概是這樣：“幾乎沒有人能忍受我，但我卻跟你（V）天天相處24小時，看起來也沒怎樣”。 銀手就是那種你一開始根本沒要求過但最後卻變很好的兄弟。 最後不管怎麼道別都格外痛心。 他有他的堅持，他也有他的個性，他也有他的痛苦，就跟一般人一樣。 稍微說些個人認為的缺點， 數值要求會隨等級提高真的有點煩，分數就已經快不夠分配還會被等級受限。 任務觸發，有些要等角色打電話的支線真的感覺很bug， 攻略說什麼等遊戲12小時我等了快一個禮拜，而且還不是只有一個， 很多這種打電話任務不知道為啥都會這樣。 開車：開車手感最奇怪的遊戲之一，而且聽說這還是有修過的，機車倒是沒啥問題。 在經歷一系列的旅程，我們會充分體驗到夜城這個看似充滿希望的城市所帶來的絕望。 而在企業掌握天下的世界中，再怎麼傳奇，終究只是一人罷了，是無法改變這個局勢的。 而Cyberpunk所能給你最好的結局，都是苦中帶甜的。 一部不容錯過的佳作!,1
還不錯，不過街頭聲望等相關等級數值，如果可以上限拉高一點就好了（目前有MOD有相關功能） 目前解過DLC雙結局、主線星星/節制結局，主線惡魔結局走到一半就不想再開了,1
好遊戲但很可惜不能兩個主角一起繼續活下來,1
幾年來的好遊戲,1
時至今日bug還是多到快發瘋 好痛苦 但還是好好玩 我的賽博故鄉,1
遊戲本身基礎跟一般FPS一樣，但不同的是有速駭這個打法，可以透過駭入別人的腦機面板做到非常多花式的操作（例如遠端遙控別人的車子再去碾人），或是潛行、搭配有消音器的手槍把所有人摸掉；又或是加入動畫邊緣行者主角David的沙德威斯坦流配刀劍操作，整體而言因為能力點是用有限的分配方式，因此戰鬥方式的選擇對新手來說不算友善，但一旦搞懂且找到自己喜歡的流派之後就會非常好玩。 遊戲本體主線的精彩程度可以說是無死角的S級，能跟他打的的確不多，支線也不敷衍，根據不同的選擇跟臨機應變往往對劇情有很大的影響，這方面有點像是西元2077年的RDR2，根據不同的選擇，即便是支線常常也會造成無論好壞都影響嚴重的後果，此外根據主線的每一步細微選擇，就算最後收束的是同一結局，劇情對話也都會有細微的差異，因此根據每個玩家遊戲方式的偏好不同，即可造就獨一無二的劇情體驗，且對話下的回饋感非常明顯；此外，也包含隱藏結局，這些路線上的選擇可以很好的去體現玩家的個性和偏好，讓人非常有在夜城生活的實感，很難不產生感情。 綜合來說，我完全可以理解為什麼當初很多人都跟我說這是神作，因為的確是；少數我認為的缺點就是前期真的很慢熱吧，老實說前3-5小時我真的覺得有一點無聊，因為遊戲的元素實在是太多了，會讓人有點抓不到重點的感覺，例如動畫裡有提到的幻智之舞/幻舞（braindance)，遊戲中就有另外設計一套玩法，我以為這會是很重點的劇情進行方式，但倒也不是，更像是體現在2077這些科技在日常能做到的變化。 開頭的許多部份不只是新手教學和劇情導向，而是為了讓你體驗西元2077的生活，深入帶入夜城的生活；理解這點不要太糾結許多後會突然變的非常好玩；綜合來說我甚至會覺得沒什麼好評分的，實在完美，當然遊戲類型喜好不同是個問題，但反過來說要是你喜歡劇情豐富的動作類型3A，這款遊戲無可挑剔。 補充：因為DLC推出後價格折數不如本體那麼低，因此價格可能讓人退卻或是想單買本體，但以劇情和可玩內容來說強烈推薦購買DLC，綜合來說這個套組售價1000，能有這個等級的劇情和體驗是非常值得的。 ======================================================================= 此外，本人在巴哈專版有整理塔羅牌的釋義；若是對劇情有興趣，歡迎加入討論。,1
神作！ 想看的劇情都看完了，很感動。 推薦給所有喜歡賽博世界觀的各位。,1
開放世界很有趣,1
除了偶爾閃退以外，劇情跟遊戲性都很不錯,1
遊戲內容豐富 蠻喜歡的,1
好玩 期待未來2077新作,1
7.5/10 玩法我真的不喜歡，故事不錯,1
雖然製作團隊當初椪風的部分補了一些 但還是差很多...不過忽略當初誇大不實的部分 這是個好遊戲!值得入手一玩!!,1
就買吧別考慮了,1
這是一個賽博江湖。,1
遊戲場景用心，劇情支線好玩，一句講曬好撚正,1
比起動作遊戲更接近RPG遊戲，演出細膩，世界觀營造細節很多，劇情很神,1
配上動畫彷彿這世界是活的,1
我命由我不由天,1
等遊戲穩定後才購買。 世界觀沉浸感很足，不過還是有一些出戲的地方，像 - 交通號誌碰到主角開車就綠燈，是瞬間換燈，走路都不會。 - 都 2077 年了自動駕駛比我 NPC 朋友還不會開車… 故事 NPC 應該有偷吃步，例如清除前方路人之類的， 然而自駕在這個模擬世界中不堪一擊、和路人一樣動不動就車禍 XD - 沒有計程車，大概也是自駕技術力不足所以沒弄。 - 摩天大樓的電梯永遠不換樓層，就一直停在上次的位置。 - 重複路人 spawn 滿頻繁的。 - 場景豐富但可互動商店過少。（還是 V 都只去愛店？） - 捷運是有縫的，在整體無縫地圖中很突兀（定位跟快速旅行重複）也滿可惜，很像臨時趕出來的。 - 沒開光追有些場景配色過暗/亮，不過算是業界通病。 其他像再生式補藥和芭樂挺友善，難度設計很照顧手殘玩家。,1
前期不知道在玩什麼鬼 但後面是真好玩 最後結局很棒很有感觸(惡魔) 建議開光追 帶入感好很多!!!,1
我要暈車了,1
"人生玩過最沉浸的遊戲, 真的感覺人活在裡面, 每次任務中都要思考, 你的原則是甚麼, 你的界線在哪裡.",1
戰鬥模式很讚,1
由於 CD PROJEKT RED高層決策失誤，《Cyberpunk 2077》主程式上市時 BUG 一堆，劇情縮水、遊玩性遭到削弱，品質與期待嚴重落差。所幸 CD PROJEKT RED 持續更新修正，隨著版本演進，遊戲才逐步回到可玩、甚至佳作的水準。 真正展現 CD PROJEKT RED 實力的，是 DLC《往日之影》。其劇情張力、選擇深度與內容豐富度全面提升，直接將《Cyberpunk 2077》拉升一個層次，也反襯出主程式當年推出的倉促。 整體評價：8.5 / 10 強烈建議入手 DLC，才能看見 CD PROJEKT RED 原本該有的製作實力。,1
目前版本 肯定有GOTY的等級 神作不玩可惜,1
沉浸感十足,1
三周目了還是會沒事就想到椰汁城晃一晃，地圖劇情加上重製技能後的手感，絕對是不可多得的好遊戲,1
早上好，椰汁城！神作無需多言,1
看完動畫再來玩這款遊戲，真的別有風味，值得一玩的好遊戲。,1
一杯伏特加加冰塊、青檸汁、姜汁啤酒，但最重要的是...再加上一點愛。,1
喜歡GTA5這種的應該也會喜歡，自由度挺高，BUG也修得挺快，內容也有意點道德兩難的議題，對於想放鬆逛逛世界的玩家也挺不錯，DLC一定要買，完整了故事性也讓V有更多選擇,1
好玩就是了,1
245小時是我在這PC的重玩的遊玩時間，加上PS的大概超過500小時，曾經2077當機到讓我摔PS手把 到現在讓人不敢置信是同一款遊戲，讓人驚喜，還有玩家創作的MOD一起增強每個細節，每次都感到興奮 雖然我應該玩不到二代了，我的國家跟夜之城一樣的無秩序，人命不如狗，意外失去性命，跟夜之城幾秒的事故報導一樣不值一提 人生很殘酷，但至少我跟大衛還有V都一樣，努力過也掙扎過，慶幸我玩過這個好遊戲。,1
紀錄一下 購買金額 (NT:1028),1
吃起來就像是A5和牛,1
非常好的遊戲，比首發時已經完善太多(雖然首發時我也覺得很好玩XD)，雖然還是有些小bug，但是無論是劇情，對話，槍械系統，義體系統，反饋各方面都很不錯，雖然衝的首發，但是覺得還是很值，就是不知道月球的DLC以什麼方式出現。,1
太好玩了 劇情上的選擇讓人會感到真切的情感 彷彿自己就是主角本人真的很好玩 是少數做的很讚的遊戲 發佈到現在也沒再遇到甚麼遊戲上的問題 跟最一開始發布差很多 dlc也很好玩 能深刻體會每個角色的內心 玩完伈裡總是一股遺憾..天啊..,1
支線、委託豐富，全程配音、內容龐大。缺點是優化有問題，開背包地圖再切回畫面會LAG，降低人物密度可以有效改善，但是DLC還是比較嚴重,1
世界上最棒得遊戲，強烈建議搭配4k OLED螢幕遊玩,1
很有沈浸感的世界,1
不是完美的遊戲 但卻是我最喜歡的,1
經過邊緣行者和大型更新後回來打二周目，很多以前看不懂的劇情和暗示，這次都能完整串起來了 夜城依然殘酷，但也讓人看見那微弱卻真實的希望 這種絕望與希望交織的感覺，就是 Cyberpunk 最迷人的地方。,1
可能活不到2077，但能想見夜城便是未來社會的縮影。 高塔結局很有意思，一生追逐的夢被現實磨去了大部分；只留下手術的痕跡和心裡那嚮往平凡的一角。,1
一定要連同DLC一起買，真的是超好玩啊 希望續作可以快點開發，一樣會支持首發,1
---【畫面】--- ✅ 我以為我看的是現實世界 ☐ 美得像藝術品 ☐ 還不錯，蠻順眼的 ☐ 有點粗糙，但能接受 ☐ 蕭煌奇看世界 ---【遊戲性】--- ☐ 停不下來，根本毒品 ✅ 很好玩，有靈魂 ☐ 一般般，可以殺時間 ☐ 無聊到懷疑人生 ☐ 我寧願去報稅也不想再打開來玩 ---【音樂】--- ✅ 聽完直接加到 Spotify ☐ 很棒，氣氛到位 ☐ 普普通通 ☐ 聽久了覺得耳朵申請離職 ☐ 你是梵谷才能玩 ---【受眾】--- ☐ 小孩會愛 ✅ 青少年最適合 ✅ 大人也能玩 ☐ 老人打開後睡著 ☐ 我阿嬤打了三關後開始講她年輕的故事 ---【電腦需求】--- ☐ 任何電腦都能跑 ☐ 一般筆電可撐 ☐ 需要中階顯卡 ✅ 高階玩家限定 ☐ 要先申請 NASA 的電腦租借 ---【遊戲大小】--- ☐ 輕如鴻毛 ☐ 老式大小，勉強可接受 ✅ 占你硬碟 10% ☐ 會佔你一個週末的下載時間 ☐ 下載完我都變老了 ---【難度】--- ☐ 一根手指就能通關 ✅ 適中，有挑戰性 ☐ 很難，但還算公平 ☐ 黑暗靈魂在笑我 ☐ 我現在的心理醫師叫我不要再玩這遊戲 ---【殺怪】--- ☐ 不用殺 ☐ 想拼排行榜才需要 ☐ 要搞一下 ✅ 殺到懷疑人生 ☐ 刷到連 NPC 都同情我 ---【劇情】--- ✅ 神作級劇本 ☐ 有誠意的故事 ☐ 一般，能接受 ☐ 肥皂劇或是八點檔 ☐ 劇情比速食麵的調味包還薄 ---【遊戲時長】--- ☐ 溫酒斬華雄 ☐ 一碗來一客 ☐ 一般長度 ✅ 我已經忘了現實中的太陽長什麼樣 ☐ 薛佛西斯推石頭 ---【價格】--- ☐ 免費真香 ☐值這個價 ✅ 打折再買最香 ☐ 太貴但我心甘情願 ☐ 這錢我寧願拿去買樂透 ---【Bug】--- ☐ 完美無瑕 ✅ 偶有小 bug ☐ 有點煩但能忍 ☐ bug 比怪多 ☐ 我懷疑整個遊戲就是 bug 化身 ---【沉浸感】--- ☐ 忘我其中 ✅ 很棒，有代入感 ☐ 普通 ☐ 有點抽離 ☐ 我進去五分鐘就想 Alt+F4 出來 ---【重玩價值】--- ✅ 絕對會再玩 ☐ 值得回味 ☐ 一次就夠 ☐ 只會重玩開頭 ☐ 我寧願重修高等工程數學也不想重玩這款,1
大卫！银手！亚当重锤已经被我幹死了，RIP。桀克，露西，娜，我会常来看你们的。,1
頂呱呱的頂,1
「孤獨被包裝成浪漫的地方。」—「夜城」,1
喜歡攻殼機動隊的人不可錯過的好遊戲,1
這麼多年了 我還是會回賴看看帕南,1
內容很豐富好玩,1
非常好游戲,1
世界觀超讚超吸引我。其他語言的配音少數找真的外國人來配，可以好好沉浸在劇情中，逃出荒坂飯店的劇情超刺激，T-bug突然被殺以及阿傑的死超讓人難過，瞬間感覺孤身一人，帶入感很強，另外出發前車子提到的遺體運送服務還可以打我一個回馬槍，超靠邀這設計有料。主角被老德斃了的時候超衝擊，到最後被強尼意識侵佔這個題材非常有趣，整個第一章的劇情比想像中有料，超級精彩，可惜的是感覺只有第一章和結局的劇情比較精彩，開放世界的互動性也不夠，帶入感沒那麼高。基哥主演很聰明，馬上讓觀眾感受到未來殺神的壓迫感，過程中有伴陪著一起打嘴砲也比較不孤單，也讓結局選擇更有分量。支線角色塑造都還不錯，但大部分任務沒什麼印象，只有市長候選人的偵探任務以及警察大河人類牧場任務好玩又好看。結局多樣性很足，各陣營的決戰打法和結局走向都很不同，而且每個結局都寫得很有份量我很喜歡，因為沒有客觀上的最佳結局，讓我罕見的讀檔體驗所有結局。 遊戲性我超級滿意，除了武器多樣外，技能樹是少數遊戲有確實做出流派差異性的，而且每個流派都超好玩，刺客流、駭客流、時停武士流都超帥好玩，可惜技能點只能reset一次，不能同一週目體驗所有流派。 DLC超棒，任務遊戲性、演員演出都比本傳更好，劇情設計也完全不輸本傳，要是這個品質可以完整覆蓋遊戲本體就會成為我心中的神作了。演出比本傳更上一層樓，原本覺得基哥已經演得很好了，但看了DLC的伊卓瑞斯才看到什麼叫演技，真的演得超好，代入感層次躍升。李德人性與原則的矛盾掙扎，以及昭彌的絕望，兩人間錯綜複雜的情感和關係真的寫得很好。李德同時是昭彌的救命恩人和無盡監牢，總是盲目的服從原則，另一邊頌鳥直接把我從頭騙到尾，但又真的很可憐，真的很難選要幫誰，又是CDPR最會搞得無解選擇題。新增的結局帶給我的衝擊和餘韻超強，第一次選了李得線，最後明明救了昭彌，大家都活著卻感覺不到開心，甚至治好本傳無解的V，但物是人非的孤獨感讓人感到痛苦，而透進光線的凡人未來卻也帶給我嶄新的希望，對這個結局又愛又恨，很新的體驗。,1
超讚 有多種戰鬥方式可供選擇 我很喜歡開車亂跑 喜歡看夜城風景,1
---【畫面】--- ✅ 我以為我看的是現實世界 ☐ 美得像藝術品 ☐ 還不錯，蠻順眼的 ☐ 有點粗糙，但能接受 ☐ 蕭煌奇看世界 ---【遊戲性】--- ☐ 停不下來，根本毒品 ✅ 很好玩，有靈魂 ☐ 一般般，可以殺時間 ☐ 無聊到懷疑人生 ☐ 我寧願去報稅也不想再打開來玩 ---【音樂】--- ✅ 聽完直接加到 Spotify ☐ 很棒，氣氛到位 ☐ 普普通通 ☐ 聽久了覺得耳朵申請離職 ☐ 你是梵谷才能玩 ---【受眾】--- ☐ 小孩會愛 ✅ 青少年最適合 ✅ 大人也能玩 ☐ 老人打開後睡著 ☐ 我阿嬤打了三關後開始講她年輕的故事 ---【電腦需求】--- ☐ 任何電腦都能跑 ☐ 一般筆電可撐 ☐ 需要中階顯卡 ✅ 高階玩家限定 ☐ 要先申請 NASA 的電腦租借 ---【遊戲大小】--- ☐ 輕如鴻毛 ☐ 老式大小，勉強可接受 ✅ 占你硬碟 10% ☐ 會佔你一個週末的下載時間 ☐ 下載完我都變老了 ---【難度】--- ☐ 一根手指就能通關 ☐ 適中，有挑戰性 ☐ 很難，但還算公平 ✅ 黑暗靈魂在笑我 ☐ 我現在的心理醫師叫我不要再玩這遊戲 ---【殺怪】--- ☐ 不用殺 ☐ 想拼排行榜才需要 ☐ 要搞一下 ✅ 殺到懷疑人生 ☐ 刷到連 NPC 都同情我 ---【劇情】--- ✅ 神作級劇本 ☐ 有誠意的故事 ☐ 一般，能接受 ☐ 肥皂劇或是八點檔 ☐ 劇情比速食麵的調味包還薄 ---【遊戲時長】--- ☐ 溫酒斬華雄 ☐ 一碗來一客 ☐ 一般長度 ✅ 我已經忘了現實中的太陽長什麼樣 ☐ 薛佛西斯推石頭 ---【價格】--- ☐ 免費真香 ✅ 值這個價 ☐ 打折再買最香 ☐ 太貴但我心甘情願 ☐ 這錢我寧願拿去買樂透 ---【Bug】--- ☐ 完美無瑕 ✅ 偶有小 bug ☐ 有點煩但能忍 ☐ bug 比怪多 ☐ 我懷疑整個遊戲就是 bug 化身 ---【沉浸感】--- ✅ 忘我其中 ☐ 很棒，有代入感 ☐ 普通 ☐ 有點抽離 ☐ 我進去五分鐘就想 Alt+F4 出來 ---【重玩價值】--- ✅ 絕對會再玩 ☐ 值得回味 ☐ 一次就夠 ☐ 只會重玩開頭 ☐ 我寧願重修高等工程數學也不想重玩這款,1
好想爆軸亞當,1
劇情優 畫面優 遊玩性優 除了交通事故頻發 非常推薦體驗夜城生活 尤其dlc劇情 太神了 建議動畫也看過 體驗會更好,1
我是在首發的時候就購買的玩家。當初因為遊戲各種BUG導致體驗上有些困擾，但還是因為遊戲本身是好玩的姑且打通一輪。 這款遊戲的角色刻畫得很好，許多遊戲的角色鋪墊不夠，或者是它的角色無法令你留下深刻印象，劇情打通後可能只記得做過甚麼，但對遊戲內的NPC可能沒有太多記憶點，這點它做得很好，你甚至會因為必須在許多2選1的選項中做出抉擇而困擾許久，因為你喜歡這個角色，你巴不得有更好的選項。 戰鬥系統就挺看個人，經歷了2.0的重大更新後，戰鬥變得更多搭配，雖然我第2輪主要完竄網使XD，武器及其他搭配使用較少，但不得不說使用速駭真的很方便，尤其是在劫車的任務上，全部速駭掉根本不用擔心會任務失敗 ~ 自由幻局推出後，用街頑的身份打了第3輪通關，真的很佩服CDPR可以把劇情寫得這麼好，演出上真的是非常的棒，好像在看一場諜報電影，最後要在太空港抉擇的那一段劇情，真的是全身都是雞皮疙瘩，劇情結束後甚至非常希望經歷過這一切的NPC能在事後聯絡我，或是告訴我他們過得如何。 前前後後破了3輪的遊戲，當然這3輪都是選擇不同結局，我只能說別再看留言了，這款不會讓你後悔 ! ! 而且也蠻常特價，值得入手 ! ! !,1
這個遊戲真的是太棒了...就跟巫師系列一樣...絕對是必須收藏的...對於其開發期間所受的苦難...表達歉意...全世界都欠你們一次...,1
雖然剛推出很糟糕，但現在是很棒的遊戲，推薦入手體驗,1
玩完了Cyberpunk 2077絕大部分的內容，也是解了全成就。 以下內容可能有一定劇透（SPOILER），請小心閱讀。 [spoiler]總覺得每個結局有一點令人絕望，沒有一個是完美的。要麼讓這個已經產生感情的人（？），徹底取代我；或者是離開我的身體，但我也活不了多久。就算我能活下來，但過去的生活也永遠沒有機會了。[/spoiler] 這個世界觀很棒，並且其它語言（自己正在使用日文）配音的水平也很到位，是可以比較容易沉浸在這裡的。自己很希望它可以有新的大型更新或續作，因為這個世界還有很多發生過的事情，精彩程度肯定也不輸給2077年的Night City（夜城）。 如果是對Cyberpunk（電馭叛客）題材感興趣的玩家，這個遊戲蠻推薦唷！如果你可以順利運行遊戲的話……,1
有夠好玩!! 期待續作,1
ps5買了一次本體跟dlc pc再買一次 個人蠻喜歡cyberpunk的題材背景 還有殺進荒版塔真的蠻爽的 期待下一作,1
如果沒有當初趕鴨子上架的閹割內容(附帶一堆bug)，搭配dlc肯定能成為神作，可惜現在處於佳作以上神作未滿。,1
为了说那一句welcome to nightcity我一定要活到2077年口牙！！ 我会一辈子记着Jackie好兄弟的,1
神作，個人認為玩到結局時的感受不會輸給邊緣行者，雖然可惜有些增加沉浸感的細節沒有做（吃小吃沒動畫好可惜），但市面上找不到第二款同性質的遊戲了，大城市的景色真的很美，我有時不解任務在城市裡晃晃也很開心，我也喜歡反烏托邦的設定。,1
啲車啊 啲天氣呀 完全係值回票價 入到去係好似真係進入咗一個世界 一個小說咁樣;而且打怪係好合理 又唔需要刷道具啊啲體力啊或者特登去殺嗰啲嘢怪;反而係因為呢個城市有好多罪惡，因為貧富懸殊 啲警察處理唔過嚟，所以你幫手去處理嗰啲罪惡,1
這遊戲我是看完邊緣行者在過來玩，這部作品DLC比邊緣行者劇情還感人，每一個選擇會影響往後劇情，這會讓我更加專注於劇情上也融入感情把自己也當成了Ｖ，一路上還有強尼的陪伴一起陪他回憶過去，玩了這麼多3A，能在動漫和遊戲都成功地存在屈指可數，雖然剛出優化不好，但跟現在比差太多了，快打完DLC，你會發現你的選擇是否會有人性的背叛，前面幫助了他，到後來反咬一口，跟現實一樣觸目驚心，還有一開始選擇的路線我建議每一個都玩，CDPR我期待你下一部超越2077的作品,1
主線有點短,1
現在買都盤子哈哈哈 我買500多哈哈哈,1
太多遺憾了,1
賽博版GTA，高度沉浸，我們都共同生活在夜城試著闖出一片天。遊戲內容豐富，必玩3A大作。,1
城市氣氛渲染很好，很喜歡開車在夜城兜兜風拍拍照，有多個流派選擇，戰鬥方面也蠻過癮的，各種小細節也充分體現出cyberpunk時代繁華卻又絕望的感覺 但主線劇情有點破碎，bug有點多，主角行為方面沉浸感稍顯不足,1
很好玩 希望劇情選擇再多一些,1
特價時可入手，整體來說很不錯，對得起這個價格。,1
River，那個該死的粗漢，五年前撩過我一遍，我上鉤了但是無疾而終。五年過去了，他又撩我，然後我又上鉤了。,1
值得專心體驗劇情的遊戲，好玩，選擇性多又開放,1
不錯~~~,1
我會想念阿傑的,1
不錯的遊戲 建議跟DLC一起買，全破後還意猶未盡,1
最喜歡在夜城打工了,1
挺有誠意的,1
好玩精神時光屋 只做支線就耗掉一天了 原本要去抓工程師 結果跑去抓走失的計程車 :),1
真的好玩！！ 我很喜歡整個城市的氛圍，不管是市中心繁華的感覺，還是巷子裡那種又髒又亂的細節，光是亂逛就能玩很久。主線劇情部分我覺得蠻緊湊，一下子就玩完不過癮啊！支線任務倒是很多，常常一通電話整個城市亂走哈哈哈 戀愛線也有，但篇幅有點少。攻略後能互動的內容也不多，挺可惜的。但總體來說還是很推薦！！！ [spoiler] 茱蒂是我的！！ [/spoiler],1
好玩無須多鹽,1
"觀望了好久,確實值得一玩",1
花了110多小時把DLC通關了，可惜沒有全要素，但故事的確有吸引我,1
無可挑剔 裝mod之後更好玩 畫面也更精美,1
可惜路人沒什麼可以互動的,1
拿著槍到處射夠爽而且有夠多技能可以點,1
DLC真的有比本傳豪華的感覺，先過DLC的線再接本傳，覺得兩邊難度差異也太大。沒玩到上月球的線有點可惜，就當做人生不能重來吧。,1
神作一般的精美製作，缺點大概就是想要全收集的話，是一件痛苦的事情,1
賽博龐克活起來了,1
越玩越上癮，上班已經沒時間玩了，卻還是想辦法玩，可能還會玩第二刷，別的角色，劇情太廣，超大世界觀,1
早安！夜之城，我又來辣！,1
"體驗完了星星、太陽、節制及惡魔結局，確實被這遊戲吸引。好希望可以出續作，或是出新的dlc也好，像是讓V去幫忙賴宣的故事。當然，遊戲裡面有很多小故事跟伏筆沒有明說，都要自己去打委託或NCPD任務。確實很像在玩體驗電影的遊戲，因為剛好我也喜歡這種""只明示不明說""的風格。",1
本作打磨4年多，目前可以說是相當不錯 難怪很多玩家隨便玩就超過500小時 真的相當有魅力,1
巫師4給我DEI就改負評,1
時間殺手 光是短短一小段就可以打超長時間,1
很用心製作的遊戲！看完邊緣行者動畫來玩的，很有感觸,1
神優化，GTX1070也能在不錯的畫質特效下順跑。劇情精彩，很多支線任務也很有趣，手感不錯。,1
任何結局對我來說都是不好的，但撇除開車功能不好跟腳色影子抽象，遊戲還是很頂,1
真的是未來世界，讓我產生莫名的期待,1
值得好好品味.,1
劇情豐富且自由度高好遊戲,1
不錯，bug 有修回來,1
两年的梦想终于拿下,1
好玩，期待2代,1
雖然剛上市時大翻車，但後續給的誠意也有收到，整體感覺就是舒服，也因為遊戲才去了解以前的桌遊等及後來的影集補完。故事發展性確實可因為自己的選擇有不同結局，但是起頭選的出生也只有一開始不一樣，在遇到阿傑後又被拉回到了一起，還有對話時的不同選項而已。過程中有滿足改造的幻想及獲得異體後的超能力，但整體劇情是壓抑的，很能感受到夜城就是個巨大監獄，結局雖多樣，但大部分都會覺得不能像GTA5有個happy ending的選項嗎~真的把監獄輪迴貫徹到底餒~,1
好好玩 快來玩,1
畫面逼真，劇情富有轉折,1
一開始沒有很喜歡賽博龐克的風格，但習慣之後體驗蠻新鮮的。以開放世界的遊戲來說自由度普通，劇情方面不錯，遊戲性有不同流派可以選擇。整體來說是推薦的，不過到現在玩還是會有bug,1
甚麼都很好，就是車很難開。,1
整體算相當不錯，流程跟巫師3比確實是短了點，但有感覺製作組用心盡量降低重複性的作業感。例如支線的拳擊賽，並非預期中只是一場打過一場，打贏還有意想不到的獎品。但一開始確實會對他複雜的系統嚇到，但這些都是在創造流派玩法，讓玩家有「換個風格，回頭在玩一次」的動機。 這款遊戲，相較於巫師3及哈利波特是基於於我們熟知的中世紀風格，2077則是創作出了一個書中的未來世界，工作量確實龐大，有身歷其境的感覺，而且人工複製貼上的虛假感不強，能感覺出製作組是精雕細琢的在設計場景。 最後就是，衝著基努李維的魅力，為這款遊戲的人設增加不少分數。 提醒:如果要用電視機玩，記得進到電視機設定開啟遊戲模式(或PC模式)、動態補償全關，否則會很延遲。,1
絕對值得一試。會投入遊戲世界之中，時間過得很快的精神時光屋，代表真的好玩！ 1. 比想像中吸引，不只背景設定未來科幻，主線也很好看。因為以前玩GTA玩到睡著，但2077不會 2. 即使我是不太會玩射擊、駕駛、潛行暗殺的類型的遊戲，有簡單模式選擇非常好 小缺點︰ 1. 升降機太慢了，說好的未來科技呢，買了大屋結果沒再用，回去初始小屋，門外就有快速移動 2. 小部分任務指引不清楚，找人沒顯示位置原來在山上，找失車結果人車一起掉進河，找到車子結果車子傲嬌按了沒反應最後打爆車子任務失敗 3. 敵人AI不算好，有時會離開戰場，透明刀手會離開戰場回血再進來 4. 會閃退，有但不多,1
我很喜歡CP,1
遊戲劇情非常的豐富有趣，結局也有很多種，玩完劇情後也可以體驗在夜城的各種風景、戰鬥，戰鬥風格也有很多，例如有沙坦武士刀、黑客流，玩法多樣，還有建議在推主線時別忘了推支線，比較能夠串連，有些選項也會發生變化,1
好玩，就是bug有點多，某些節點容易閃退,1
後期過於無聊 ，大樓除開任務點或商店沒啥能進去的，路人ai智障 但是好玩,1
除了車子時不時掉到地圖外，其他遊戲性的部分真的很棒 可惜的是跟可以攻略的角色互動實在太少了有點可惜~,1
很好的游戲，使我的時間飛逝，愛來自夜之城。,1
本體好玩，DLC一坨答辯,1
最近更新了設備，有想體驗這款傳說中的大逆轉遊戲。果然不負期待，我相信很快會通關。至於DLC要不要買，還在觀望中,1
超好玩 大推!!,1
蠻不錯玩的 怕貴特假買 非常建議dlc 一起買,1
非常非常好玩！,1
好玩的不得了！,1
悲剧往往比大团圆更刻骨铭心,1
"好玩是好玩,但npc能不能搞好看點",1
350小時的威嚴!!! 雖然聽說剛出的時候 bug 一堆，但我是過兩年後才開始玩的，bug 早就修完了。 人性絕大多數由遺憾、噁心、黑暗、慾望構成。 可剝去這些華麗表象，支撐這一切事是強大的生存驅動力。 在破碎的年代跟破碎的故事觀裡，這種生存驅動力的刻畫深度，往往能看出一個作品的高度。 它不是強迫你接受的教條式敘事，不是透過幾行字、幾句話就想打發觀眾。 例如近年來假借訴求 DEI、「賣座」「得獎」的各行作品， 真的無法容忍這些假藉跟隨潮流的名義，卻去試圖抹滅世界上各種聲音跟可能性。 當遊戲、作品本質被破壞，失去娛樂性與藝術性， 在這樣的情況下，還渴望淡化各個思想之間的衝突，未免太搞笑。 這種強迫他人接受自己想法的行為，本身就是一種沙文主義。 強迫灌輸自以為的正義，其實就是變相的獨裁。 任何一件本來可以是好的概念，都在這個時代被淪為政治與資本之間的行銷策略， 背後也只是向錢看，只為權力而生。 終將使人類社會導向真正的賽博龐克式的未來。 2077是由一個個支線、一個個故事、NPC 對話以及背景塑造堆疊出，僅剩絕望與慾望的吃人世界。 光是知道製作團隊試圖專注於刻劃故事本身，而沒有「教育」我們何謂正確答案，就已經能感受到作品的靈魂。 是一個會在玩完後，一而再再而三想進去的世界——期望這種世界永遠不會真正來臨，卻又希望這個遊戲永遠不會完結。 CD Projekt，我的超人!,1
超讚 但bug沒改完,1
當年只是因為巫師3太好玩，因為等不到巫師4， 對Cyberpunk沒興趣的我，沖著波蘭蠢驢的名聲入手2077先頂著玩， 沒想到遊戲時間居然超過500小時了...... 而且買幾年了居然還有免費更新，這下不讚都不行了,1
不錯的畫面和遊戲性,1
特價的話，還不錯,1
我個人認為這款遊戲是真的非常好玩，可玩性及自由度都很高，雖然偶爾bug滿多的，但整體是不錯的，讓人有點失望的就是他砍掉很多劇情這件事吧，跑主線的時候是看得出他的故事很緊湊，但也不是說他不好，就是滿可惜的，很推薦買來玩玩，但如果是喜歡皆大歡喜的遊戲結局的玩家會不太適合這款遊戲，無論是本傳還是DLC，它的結局並沒有最完美這條路線，無論哪種結局都要付出一定的犧牲和代價，讓人滿胃痛的，但這也是這款遊戲值得被看見的地方吧，儘管不完美但很符合現實，想功成名就確實需要犧牲一些東西，「夜城」是一個給你夢想，但會讓你失去所有珍視的東西的地方，玩完的感想，只能說V有夠慘 唉,1
挺好玩的 沒遇到什麼bug 我電腦不是很好有時會卡頓但大多時候都很順 劇情上有一兩個地方不太合理整體上劇情還是頂中頂 玩法上偏簡單 難一點的就只有五警星 我個人是挺喜歡支線故事還要委託下隱藏的劇情可以研究很久,1
[i]夜城與洛聖都一樣都是令人懷念的地方，感覺就像自己真的住在那一樣。[/i],1
神作必須玩,1
神作 不玩可惜,1
其實不管是主體還是DLC主線內容都很短，龐大的世界觀都是靠支線來擴展的，在玩的過程中會覺得有些乏力作業感重有時候還會出現一些惡性BUG，但是每次解完任務的後續還有路上到處都有的訊息跟支線任務對話都是一步一步帶你認識賽博龐克世界的基礎。,1
都來給我玩,1
雖然還是有不少的小bug，但還是不能否定它是一個好作品的事實。 在劇情跟場景都蠻有水準的。很意外的是，讓不是很喜歡科幻類的我也能接受的並且玩到破關+DLC 絕對值得玩一下。,1
玩了75小時，因為我有那種不跑主線只想先把支線跑完的病，我必需說2077有點過譽了 我是巫師3玩破兩次至少400hr+的玩家，首先這個夜城的npc真的非常npc 毫無任何的活人跡象，路上感覺好像人很多但那些人跟你一點關係也沒有，連看到你打個招呼或是比個中指也沒有，我在同一個路口的左邊打幫派，右邊站一堆警察連看都不看我一眼，說好的1000種行為模式呢？是沒來的及做嗎？ 這點跟巫師3就差很多，每個人看到你巴不得吐你一口口水再詛咒你全家(當然獵魔士不會生所以沒有全家)，所以當初玩到陶森特(dlc血與酒)的時候，就算我再討厭那對姊妹我也讓她們好好的，我不想失去唯一一個看到我會友善打招呼的城市，這邊是我的家(淚 然後在宣發時候大力宣傳每個房間都能進去的高自由度，就完全沒有阿，明明就不是 ( 另外支線的部分，文本太多了至少也念一下阿，誰想看那個技晶跟簡訊裡面落落長的廢話，我到現在接了好幾個任務只有那個牧師兒子被綁架殺害拍成影片賣錢有印象，剩下我都不知道我在幹嘛？ 既然都2077了我覺得任務對象拍個立體投射的短片交代一下始末應該不為過？至少讓玩家對這些人的存在有個概念而不只是純粹的背景板？ 整個宏大漂亮的場景散布著一堆問號，但是做了這些問號對這個世界毫無影響，跟巫師3你清理了怪以後居民會回來定居，你做了一次錯誤的決定這邊的人會死光完全不同，我們就像是游離在這個世界之外的人 是說一個cyberpunk遊戲咱們還在開地面的車跟二輪484有點不思進取？至少那個二輪要能浮空吧，把輪子收進去把自己浮起來噴飛之類的( 我第一章看到有飛行載具還很興奮，結果阿原來只是個過場動畫阿，好ㄅ 載具部分，手感很糟糕，但也許是因為我習慣用搖桿玩，說不定鍵鼠玩家會舒服很多(？)，總結一句就是每台車都巴不得拓海，開起來直接填海 推了一點主線吧，[spoiler]81一個小時終於死彭彭了。 重點是傑克小朋友你flag到底立好立滿是幹嘛？從那個死人才能變成專屬酒單開始就瘋狂立旗，感覺不死個隊友祭天都對不起這麼狂插旗 我覺得最大的問題是，2077主角跟其他人的關係很淡薄？ 真的非常游離欸，除了傑克稍稍親近但其實主線太快死朋友造成很大的問題是我(玩家)跟這幫人根本不熟，我們(玩家)不是那個遊戲裡的V根本不知道我跟傑克認識多久還有情誼，從主線只知道我們差點被荒板弄死以後是傑克虛張聲勢擋下來的，然後就一起去當傭兵立志成為夜城的大人物，可是又如何呢？ 站在玩家的角度，主角就不可能這樣死阿，主線才開始5分鐘吧，所以傑克484應該要多跟主角有往來，就是等於多設幾個必須去找他的小支線，豐滿這個人的人設，跟他喝喝酒也好跟他討論迷霧也好或是跟他討論他們家死的兄弟也好，不是主線有需要才跟他有往來，然後開局1小時還2小就直接祭天吧？說真的我很難得有隊友祭天一點觸動都沒有的，代入感就是需要花時間經營跟培養，玩家才對這個角色有感情，而不是喔死了主角臉著地掉下去都沒事彭彭你白練這麼大的肌肉ˊ_>ˋ 話說如果傑克沒在死之前把晶片拔出來給V，復活的人就會是傑克欸，生物晶片會快速修復肝臟吧，然後我們就能獲得一個滿血的89+強尼的超強夥伴，這樣V根本不會淪落到被老德開頭丟垃圾場ㄅ [/spoiler] 經歷了92個小時，我成為了來生傳奇(街頭聲譽最高等級50)，但我想知道這個街頭聲譽的用意是什麼？ 我看NCPD對我的態度也是一毛一樣，路上混混對我的態度也毫無變化，幫派分子看到我也沒有變化 甚至到了來生，克萊兒看到我也不問問我的代表酒單是什麼？ 就這個到底要幹嘛？這個等級之外的聲譽設計有什麼用？又是一個無用設計嗎 [spoiler]然後拿到了來生傳奇後我才去瘸腿郊狼參加了葬禮(傑克擺太久了ㄅ是否已經臭掉)，然後看到迷霧突然來了點在傑克房間回憶傑克的煽情橋段，原本如果玩家跟傑克的情感有到，這一段會很感人，但我只覺得有點尷尬，更尷尬的是要給他放紀念物的那段緬懷演說，那感覺有夠割裂的，就我(V)好像應該要很懷念要很傷感，實際上我只想快轉跳過這個煽情但不觸動的橋段，如果我不想讓傑克死絕對是因為我喜歡迷霧而不是我在意傑克。 到是那個武村(對我也是過了92小時才想到這個人)，意外的很好笑，他的簡訊滿有趣的，自己在那邊弄沒講好的暗號又自己氣噗噗說你這個不專業的傭兵，V回都沒回，結果過一陣子又自己跑來道歉說他不是故意生氣的，這太好笑ㄌㄅ。 其實就是要多一點這種互動，玩家才有辦法情感代入，而不是主線不到兩小就把號稱你最重要的澎澎劇情殺，但玩家只想說蛤我跟他不熟阿[/spoiler] ------------------------------破關後會補評，好評是給喜歡cyberpunk的信仰值ㄉ-------------------------,1
場景很美 劇情不錯 DLC很值得,1
開放性世界,1
世界观无敌,1
都出幾年遊戲了任務還是有BUG，任務標點位置還可以錯,1
2020年剛推出時就在GOG上買了，當時首發的優化稀碎（現在雖然也沒到頂級，但至少能玩），配上1650顯卡，及其他惡性bug，初期的體驗簡直就是簡直了，於是憤而退款。 後來蠢驢修修補補，陸陸續續推出新的內容，年復一年地看到、聽到遊戲風評在好轉，但生活忙碌，也就沒有再回來玩。有次看到Steam上打骨折，就本體DLC再一起買了。 然後隔了又好久才打開來玩，前面玩過的劇情已經忘得差不多，但卻不影響我在夜之城當個賽博瘋子，撇去城市裡很多內容重複性相當高以外，整體的遊玩體驗其實還不錯，劇情本身是2077最厲害的部分，每個選擇都能感受到一種深深的無力感，無論怎麼選、怎麼做、怎麼努力，事情就是不會往好的方向發展，有時心裡想著“這麼做就可以了吧”，然後劇情猛的給我來一耳光。這讓我感覺就像生活中的很多選擇，興許你的初衷如此，可結局往往不與人願。 自由幻局的劇情更是牛逼瘋了，所有過場的表演都非常深刻、細膩，甚至不捨得跳過。打完之後馬上又去Netflix看了邊緣行者，好對得起我的Netflix訂閱費。 你問我2025還值不值得玩2077？值得，太值得了。,1
碎骨你怎麼又倒下了,1
"看完NETFLIX劇再玩,神作",1
剧情丰富、可玩性高,1
一定要玩，超好玩,1
好玩，但某些BUG讓我這強迫症患者已經重玩大概5次了(對從創角色開始的5次)，每個可能影響的劇情選項都嘗試，不過到現在Misty的店外面那條街還是顯示敵對狀態，只要過到丑哥支線就這樣，都開始懷疑是正設。 但還是好玩，它是我唯一一個為了解決BUG願意重玩好幾次的遊戲。(雖然沒解決,1
事隔兩年 把當時我個人有BUG的英雄落地獎盃拿到後就白金了 2077撇除當年的尬吹 絕對是一個好遊戲,1
很喜歡這款遊戲，動畫音樂響起會起雞皮疙瘩。 看評論有人說他身上有掛血糖監測器，覺得自己越來越賽博龐克。 他還有提到身體需要植入心律調節器的人，看到就想到自己心臟上方的去顫器，原來我身上也有義體，難怪這遊戲一直讓我有很強烈的歸屬感。,1
讓我甘願重跑好幾輪，每次輪迴都能發現不一樣的驚喜,1
帕南的臀夜之城的魂,1
在GOG上玩的，發售下載了一天，爆肝直接玩了20多個小時，2020/12/12發布了評論，5年了，就算飢荒時期也沒拋棄過。 #身在夜城,1
小bug多,1
再過10年 這遊戲還是值得買 動畫也必須看 期待下部作品 讓更多人認識到賽博龐克的美 但是夜城不會有活著的傳奇,1
劇情不開放的開放世界，這款遊戲的對話選項不會對結果產生太大影響，跟現實一樣(唉) 我超喜歡在夜城裡搭德拉曼計程車開漫遊模式到處亂晃，算是滿足對賽博龐克的一些妄想 我很喜歡這款遊戲，大概會在裡面亂晃一段時間,1
一開始玩接受到的資訊量好多好複雜， 中間斷斷續續的玩，懵懵懂懂的企業v玩到惡魔結局， 但體會到賽博龐克風，我也開始慢慢沉迷其中了， 跟GTA5是截然不同的風格,1
"第一人稱的遊玩方式, 沉浸感極佳, 愛好玩FPS槍戰能很快上手,獨特劇情類似故事小說一關接者一關一直玩下去,且百玩不厭非常值得入手的3A大作!",1
車輛駕駛手感有待優化,1
我要一路玩到2077年,1
遊戲劇情很讚!,1
"神作!!!! 無法用言語形容的神作 用中文配音遊玩 有好幾個任務感動到了 希望多點類似作品,都用中文配音!!!",1
非常好遊戲,1
4k很爽，真的,1
動漫才入手的 遊玩性是還可以吧？應該？ 至於劇情的話，還是可以的， 不過重點是在於這個迷人的世界觀!(當然，穿越過去就算了) 在我心目中是真的可以到前十那種(個人喜好)。,1
超爽 我愛大河,1
夜城充滿夢想,1
三個字，超級好玩,1
存檔崩潰，驗證完整性好了，復活,1
給好評的原因不在於遊戲有多自由的體驗 相反 感覺到很多人物的無奈 包含主角自己 如果生在一個未來科技如此發達又完全被大企業壟斷的世界 或許真的就是這種感覺 這也是給好評的原因 體驗到特別的感覺 至於遊戲性各方面來說..差不多中間值的水準 進步空間蠻多的 但也沒說很差.. 最後就是..異性戀女角太少了...,1
故事的沉浸感非常棒，推薦一定要買DLC，DLC的故事演出實在太棒了！,1
可以打MOD就是爽 畫面超讚就是爽 但主線任務太短 太多房子無法進入 太多NPC無法互動 整體很不自由,1
遊戲好玩 但是還是有不少BUG,1
沉浸感、世界觀、劇情、遊戲畫面、遊戲性都很頂 最後再加上邊緣行者的故事 真的會讓人迷上夜城而無法自拔,1
剛玩而已沒什麼意見,1
破完的感想，這部描繪人物的細膩程度非常高，結局也多元，雖然有些結局不是自己喜歡的，但這個遊戲對我來說重玩性非常高，仍然是個神中神之作，整體來說是超級推薦的。 ══【畫面】══ ☐ 天仙等級 ☑ 超精緻 ☐ 算漂亮 ☐ 還可以 ☐ 好像粗了一點 ☐ 媽我眼睛好痛 ☐ 這是啥鬼？ ══【UI介面】══ ☐ 天人合一 ☑ 非常順手 ☐ 尚可 ☐ 很差 ☐ 亂七八糟 ══【音效】══ ☐ 天籟之音 ☑ 優美旋律 ☐ 好 ☐ 尚可 ☐ 不堪入耳 ☐ 地獄之音 ══【目標族群】══ ☐ 小孩 ☐ 少年 ☑ 成人 ☐ 全人類 ══【電腦配置】══ ☐ 隨便一台電腦 ☐ 低階電腦 ☐ 中級電腦 ☑ 高級電腦 ☐ 高配等級電腦 ══【遊戲難度】══ ☐ 隨便玩都贏 ☑ 算簡單 ☐ 可能要用點心 ☐ 很燒腦有點難 ☐ 腦筋打結還過不了 ☐ 懷疑人生 ══【耐玩度】══ ☐ 破關就不會再玩 ☐ 勉強再玩一次 ☐ 想玩就會在玩 ☑ 玩了會上癮 ☐ 根本停不下來 ══【劇情故事】══ 什麼是劇情? ☐ 一點點 ☐ 還好 ☐ 內容豐富 ☑ 奧斯卡 ☐ 神級 ══【遊戲時長】══ ☐ 超級不過癮 ☐ 欸..怎麼突然沒了？ ☐ 普通 ☑ 可以玩好久 ☐ 好累..還要玩別款欸 ══【遊玩體驗】══ ☑ 超好 ☐ 好 ☐ 還不錯 ☐ 有點不好 ☐ 這是啥啊？ ☐ 秒刪 ══【性價比】══ ☑ 超值收藏 ☐ 不錯欸 ☐ 有愛的話就買吧 ☐ 有閒錢的話 ☐ 假如錢太多不知該怎麼花時 ══【Bugs】══ ☐ 完美 ☑ 有點，但能順利破關 ☐ 很煩欸 ☐ 臭蟲很多 ☐ 到底有沒有除蟲,1
本體販賣的是遊戲架構與世界觀~讓你體驗夜城人的生活 DLC販賣的是有如電影般的史詩劇情~讓你感覺像是成為真正主角般的精采 兩者相結合~才是一部完整的好遊戲! 感受遊戲中的自己在最後生命中努力綻放出最亮眼的火花!,1
太喜歡這遊戲了..,1
神中神中神，高度理想的呈現了賽博龐克的世界觀與個人感受，操作體驗和帶入感絲滑且強烈，超級豐富的細節，名符其實的把「賽博龐克」這四個字演繹得淋漓盡致。 劇情真實到讓人忘了現實，更進一步的說，對「何謂現實」有更多的啟發。 對於想要探索科技發展與人性和智能發展方面的概念，非常具有教育意義。 天真或善良的人普遍以為：科技發展將帶來高度普及的生活便利和社會福祉，人類可能脫離勞動時代，資源更加有效利用，以至於創造力解放，人類可以突破各種限制，實現更和諧與美好的文明。 但事實上可能完全相反，資本與技術的壟斷造成更強烈的社會壓迫，勞動力解放但非創意與資訊解放，基因改造尚未被重視，反而讓人類的劣根性更加突顯，扭曲成失業率上升以及暴力普遍化與情緒污染，個人主義極端發展，科技與肉身的界線開始模糊，身體改造與意識主權入侵更加頻繁，生存更加複雜與危險，科技與軍武複合形企業以商業形式覆蓋社會與政治力量，廣告暴力與洗腦更加鮮明等等，奢華和破敗交織，一切都便得更赤裸和醜陋。 在其中沉思和觀察會有許多啟發跟收穫，還有很多文本可以深入思考世界觀，以及更多隱藏的採蛋可以挖掘。 要是遇到折扣，直接入手完全值得，在未來感為主題的遊戲中，想要真正體驗與思考現實的可能性，並高度模擬的活在其中，這款遊戲絕對是身歷其境，回味無窮。,1
本體還行，自由幻局非常頂，再出一個dlc吧求求了,1
自动驾驶是什么狗屎？,1
超好玩的遊戲,1
會買續作 喜歡劇情,1
好玩，值得推薦,1
唯一玩得下去的第一人稱視角遊戲.就屬2077囉,1
畫質全開超爽,1
唯一缺點就是買太....... 但是好玩,1
這片絕對是推薦的， 自從PS4版主遊戲白金之後， 回鍋PC，又重新購買了一次+DLC。 同時也覺得自己也越來越賽博龐克了， 身上掛有14天更換一次的血糖監測器， 也貼有戒菸貼片。 想想那些還需要在身體上裝心律調整器的人， 以及需要裝義肢的人 原本對於賽博龐克的排斥感， 完全消失了。 可能也是時代的趨勢吧。 好遊戲!,1
神作，不需要凡人過多的評論，如果會改畫質外掛，那畫面真的非常的漂亮精緻。,1
不算神作 半神吧,1
夜之城讓人流連忘返 第九藝術當之無愧,1
好玩，沉浸感强,1
衝著影集來玩的 從小就喜歡這種未來科技跟成人世界貧富差距的反差感，甚至相信我就是在未來沈浸在幻舞世界裡才來到這個現在世界 不得不說我們都是被幻舞沉淪 什麼時候醒就什麼時候回去 2077一開始進入遊戲的世界觀很有趣很新鮮，到處摸摸到處放大看看 但是玩到後面真的很無聊 劇情真的普普，DLC也普普 認真感覺這遊戲沒做完 很多東西在我40等裝不影響遊戲內容的mod才感覺稍微完整 V太過強大讓這個遊戲感覺超無聊 2.3版 難度非常困難 速駭毒爆流100%衝鋒槍灌好灌滿 鎮靜特勤單隻可以打到27萬傷 目前玩過的神作真的是往日不再跟最後生還者1 但還是推薦買 但是玩到後來很空虛想關遊戲不要怪我,1
CDPR真的是我最愛的公司之一，佛心公司，良心遊戲。 2077不知道是否真的是人類的未來，但當下我們活在並沉迷其中。,1
幹 就對了,1
畫面不太適合我 但其實不錯玩,1
替 Cyberpunk 2077 撰寫評論 請描述這款遊戲您喜歡或不喜歡的地方，以及您是否會將該款遊戲推薦給其他人。 請記得保持禮貌並遵守規矩與守則的相關規範,1
2077賽博龐克類型的獨一之選,1
這遊戲真好玩 車開一開會撞到爆炸 然後一開始選遊牧民族會在第一個任務看到裸女 不錯 好看又好玩,1
2025年了，當初發售時用著筆電的3050看預告片望而卻步，逆天優化加上配置的門檻令電腦顫抖不已，於是選擇去XSX上玩，雖然BUG滿天飛，，但世界觀依然令我震撼不已 如今有了新電腦，用的也是最新的50系卡，但是沒有之前整天盯著遊戲預告的熱情了，遇上打折後的甜甜價讓我連著DLC一起入庫，感謝2077治好我的電子陽痿，令我重新對遊戲散發精神,1
雖然有少許的bug！但整體情況良好👍值得推薦，夜之城瘋狂不法之徒的體驗哈哈哈！,1
只能說特價不買只能帶著一輩子後悔進棺材,1
音樂★★★★★ 音效★★★★★ 美術★★★★★ 劇情★★★★★ 視覺氛圍★★★★★ 帶入感★★★★★ 獨特性★★★★★ 重玩耐完度★★★★★ 優惠後價格:★★★★★ 唯一我玩到全破的遊戲,1
2.2買的剛剛好，除了車很多都超滑跟有點小卡其他都可以接受,1
DLC神神神,1
很讚，沉浸感很強,1
"最近換了新主機，打算趁特價買了以前只能看別人玩爽而自己沒辦法玩的遊戲： 遊戲面世之前，充斥著一堆人期待的聲音：好想快點玩到，已經迫不及待了……結果果然期待越大，落空越大。遊戲bug陳出不窮，從車子憑空出現，大量破圖，npc突然發狂往你面前衝，到整個畫面黑掉，以為自己在加載，中了bug都不知道的情況下還在那邊等。加上物理效果低劣，完全沒有物理可言，光線的追蹤，反射出現問題種種因素等，瞬間懷疑製作團隊是否還沒把遊戲給做好，就趕緊丟上來交作業，然後結束了長期都會被人用 ""無限遊戲延遲"" 批評製作團隊的批評。還是用舊主機的我，聽到世間如此多反對的聲音，就賭定這不會是一款好得去哪邊的作品。事隔如今，製作團隊終是彌補了大部分玩家的心聲，做了許多修改的動作，大幅完整了遊戲，仿佛是把一名癌症末期的病人給救活起來。剛好自己混了一台新電腦，就打算以自己第一人稱視角去慢慢探討這個罪惡未來城市。 從一開始進這款遊戲的時候，就覺得遊戲度十分的開放自由，管你要直衝主線劇情，看到自己的結局，還是狂衝支線任，把等級升級武器給練好用好，又或者像我一樣，慢慢發掘地圖的每一個邊邊角角，找一下彩蛋，嘗試融入一下現實未必可以體會到的未來高科技大城市的世界觀，過程中就會不意地發現每一個城市細節都有做到位，包括小物品、npc的動作、其對話、建築物、空氣中的懸浮物、地上的不明物體等，充分表現了一個夜城該有的感覺以及生態樣貌。角色的互動、對答、選擇都會影響之後的故事發展，加上沉浸的對話内容，好讓玩家了解故事，以及進一步加深對角色的性格、情感，更好融入夜城生活。畫質方面，由於本人對遊戲畫質要求不高（一貫立場都是遊戲内容大於遊戲畫質。以一款劇情豐富之遊戲而言，畫質再多麽的棒，劇情内容垃圾就是垃圾），看到美麗的光追就感嘆遊戲在這方面做得很優秀，無論是遠景，還是近景到人物臉孔、皮膚模組等，雖然盡管如此，但是海水的畫質還是拜托弄好一點吧。順帶一提，遊戲裏的音樂也好電台也好，都十分有賽博風，不敢讓人一留再留於此科技罪惡世界。 總結而言，遊戲自由，劇情萬化，音畫高質，細節豐富，互動多趣，爽度十足，唯bug仍然偏多。尤其如果你喜歡未來賽博風格相關的遊戲的話，而且想成為夜城的霸主，擁奪控制權，爭取正義一方，這款作品絕對符合你的步調、口味。",1
来生传奇v震天☺️,1
大拇指的啦,1
很好的賽博澎克遊戲，自由度很高,1
遊戲已經修到算可以玩了，但是時不時還會遇到bug，有些就連讀檔或重開都沒辦法解決。戰鬥和劇情算有趣，但是後期有些任務設計顯得作業感很重。我這個時間差不多就是一周目打完所有支線+主線所需的時間。如果遊戲荒的話，這算是滿殺時間的遊戲。而且劇情有許多分支，結局也很多種，大家可以多玩幾輪，體驗不同的劇情。,1
即便通關之後，偶爾還是會下載回來，開著車在夜城到處走走看看。 在我的遊戲人生中，唯有這個地方讓我割捨不下。,1
大衛沒有死,1
我實在找不到任何不推薦它的理由 這幾乎是我在PC上玩到的最棒的遊戲ㄌ,1
雖然前期慘不忍睹 但遊戲公司認真修復遊戲bug 也持續的更新內容 是一個優質的單機遊戲,1
看了邊緣行者後入坑的，完全不後悔特地花幾個小時升級驅動引擎,1
神作無須多言 DLC的結局實在是太難過了...,1
2.1版後入坑的玩家，實際遊玩下來就撿不了掉落品的BUG比較常發生外（需重開解決），整體遊玩體驗還是滿不錯的，佳作以上。,1
近期玩的遊戲最頂的,1
"雖然還是有一些Bug 但整體順暢, 開車有待加強。",1
難得一見的好遊戲，但bug還是不少,1
買了很久最近才有空玩，很喜歡改編自原桌遊的世界觀!,1
很有沉浸感 推推,1
2025通關 原本想先解成就慢慢來的，但在自由幻局之後，還是照著自己的選擇寫下結局，以自己的視角帶進了V的角色，活出了在2077不一樣的V 夜城沒有快樂結局，吃人不吐骨頭的城市，在這背景下的各種角色被這個城市生吞活剝、筋疲力盡，每個不得已選擇的當下，都伴隨著嘆息以及不甘心。 唯一值得慶幸，在我主導的V，從我眼中看出的景色，這些角色活得比城市還炙熱發亮 曾經有個女孩，在看完邊緣行者問我，你會像大衛一樣來救我嗎，我義不容辭地說會 現在，我也有點忘記當時說完她的表情和回答是什麼了 唯一留下的，是忘記不了曾經有過的稚氣，以及與妳的回憶，謝謝妳啦,1
半價入手，著魔玩了兩週解完大概一半的結局，準備玩男V再補完剩下的部分，劇情很棒，地圖很大到很容易迷路，建議設定人群密集度要選高的才有在大城市的感覺，超多mod可以優化遊戲體驗，很推薦一開始就可隨意重置特質點數和更多角色等級的mod，只準人家重置一次太小氣了，新手應該什麼類型的武器技能都想玩吧。要說這遊戲的缺點大概就是愛情路線（目前只玩過女V與茱蒂、大河）覺得內容 挺單調互動約會太少了，還有幾乎遇到的npc都會點個寂寞吞雲吐霧歐米茄。,1
載具很難開，劇情值得一玩,1
2077年的巫師三 撿垃圾遊戲 戰鬥系統比巫師三豐富,1
我愛cp cp愛我,1
神作。根本是所謂“未來”遊戲的典範,1
最近期讓我又重新感受到電動是多麼重要的藝術媒介，本傳和DLC故事都是我遊戲生涯玩過最優秀之一，CDP的人物塑造和說故事能力永遠沒話說，我愛V我愛強尼,1
讚，說到賽博龐克會想到２０７７的程度。,1
「夜城野心很大但需要更多時間細燉」 收束劇情後，其實主線極短無比，多數支線以及NCPT警報作業感極重，但是夜城很美，劇情演出仍舊很不錯，還是值得給 2077 一次遊玩的機會，我想團隊最終目標就是希望本體跟DLC的遊玩體驗一樣，恐怕才是這遊戲的理想型態。 －這遊戲不只是『巫師三』的團隊新作，而是製作出『Cyberpunk 2077』的團隊,1
看完動畫回鍋,1
希望約會到最後跟可以瑟瑟,1
相當豐富的內容,1
已遊玩198小時,1
开放世界外皮的线性剧情游戏。题材鲜有代餐，画面堪称顶级。剧情中的道德选择令人回味悠长。,1
買了DLC之後比荒野有料多了,1
是個值得一而再而三體驗的遊戲,1
"平心而論,這款遊戲論體量和彩蛋而言,已經夠和GTA系列掰一掰手腕,唯一缺點就是不能區域聯網,就大大降低了後續要出DLC互動任務的難度,如果有這款遊戲又是另一種高度了,遊戲評價也是和顯卡銷量也是",1
好玩，但刀多:(,1
畫面有點3D暈 可能要留意 熟悉之後就還好 整體很讚喜歡故事或打鬥都能滿足 槍枝給的也很多 網路上攻略也很多 特價的時候真的值得入手,1
在夜城一切都由你掌控.,1
算是佳作吧 有著龐大的世界觀 但相反地主線劇情與各種幫派 勢力之間的關係都是輕輕帶過 滿可惜的 到現在仍然有些bug 但是是在可以接受的範圍內 雖然是開放世界 其實也沒太多特別的支線 只建議打折入手,1
初期可以多接一些支線，狗命鎮相關的晚點再解，順序顛倒了話，狗命鎮那段玩起來很累,1
即使過了多年的打磨後修復 仍無法改變劇情的趕工感 遊戲世界很多劇情發展的潛力 卻都沒有做出來 很滿意戰鬥系統 這也是巫師3讓人比較詬病的地方 但2077的劇情和互動感沒有這麼沉浸 總體還是推薦的 值得一玩,1
5060ti扛不住光追 痛 太痛了,1
玩2077：全結局Bad ending 玩DLC：全結局Bad ending 看邊緣行者：Bad ending 看二期預告：大衛死透了喔～ 幹你娘藍眼先生救我啊 [h1] 強尼任務《結合》激活隱藏結局、垃圾場對話選項： [/h1] [b]·你是我的救命恩人[/b] [b]·不對，你一樣搞砸了[/b] [b]·你到底要我怎樣[/b] [b]·好但這是最後一次了[/b],1
超棒的支線劇情，深度的人物刻畫 神作+1,1
好玩但bug有點多,1
非常好遊戲,1
BUG77 名副其實不能只有我玩到,1
[h1] Shard：Benjamin Chan [/h1] 遊戲內Shards是一種可讀取的數據碎片，可以包含各種各樣形式的信息，而這篇遊戲評論是我寫給自己和[i]《Cyberpunk 2077》 [/i]，期待未來的我在經歷一系列人生事件後會再拾取閱讀這塊碎片。 [table] [tr] [th]★☆☆☆☆[/th] [th]Cyber[/th] [/tr] [/table] 2077年的夜城科技還是實實在在給我帶來的爽快和挑戰並存的戰鬥體驗，用過熱速駭被感染的敵人造成燃燒AOE、用短路速駭被改造裝置失靈的敵人造成高額電擊、太刀快速近身處決被飛刀標記的敵人、開啟軍武科技狂暴從天而降來一個超級英雄式落地，這些都讓我欣喜。 [table] [tr] [th]★★★★☆[/th] [th]Punk[/th] [/tr] [/table] 本身就是英語俚語詞彙，不論把PUNK音譯為朋克還是深挖音樂領域和科幻文化賦予它新的含義概念，出生在十九世紀九十年代東南亞的我註定是無法完全感同身受其內核，我也不需要。因此我是感謝《Cyberpunk2077》給予我這個高科技和低生活質量並存的未來世界的，我也期待未來能有更優秀的讓我體驗基于工业革命时期的蒸汽动力技术，构建一个架空的维多利亚风格的[b] 蒸汽朋克 [/b]，亦或者以冷戰核能技術發展背景，充满核威胁、太空竞赛和未来主义建筑的[b] 原子朋克 [/b]。 雖然是在29歲寫下的遊戲評價，但我其實能夠理解夜城內很多無可奈何的現實問題，不論是根據今天刷什麼短視頻來覺得今天在網路是什麼人設的人，對工業製品投入消費與自身喜惡程度不成正比的人，窩在大廠為了保住飯碗把青春投入在製作垃圾遊戲/電影/音樂的人，不勝枚舉。我也很清楚兩顆熱核彈頭解決不了現代人類的問題，荒阪塔遍地都是，所以我選擇沉浸在遊戲世界，享受完再花點時間鍵入幾千字，我甚至還得擔心因為話題敏感言語自由會把我留下的印記變成了印跡。可笑。 [table] [tr] [th]★☆[/th] [th]2077[/th] [/tr] [/table] 得承認《CyberPunk 2077》這款電子遊戲並不適合在2020年發售，由於它是根據《Cyberpunk》這款桌遊改編而來的，導致即使把遊戲時間從2020年搬到2077年也顯得落後，唯一符合科技發展的就是個人連接的熱插拔技術算是較為普及，其他像是皮膚改造裝置不遵循肌肉紋理方向僅按審美部署、支付收款的加載時間居然和上傳病毒不相上下等，宛如人類僅僅是拿著十九世紀八十年代的科技停滯發展撐過百年。 [table] [tr] [th]★☆[/th] [th]“V，我覺得你沒有天賦”[/th] [/tr] [/table] 不論是Johnny、El Capitán還是Mr. Hands，這些積累人生不同閱歷的成熟男人們都會在不同的任務委託裡對V說出那句：“V，我覺得你沒有天賦”。這話對剛開始玩這款遊戲的我很適用，也對網路上一些低能兒更適用。我花了幾個小時弄懂了模組的前置/安裝/修改/漢化/製作，擺脫了遊戲內諸多不合理設計的糟糕體驗，也在一兩次致命制服敵人後了解到了不同委託的不同應對方案。 但我見過太多沒有天賦的V了，他們像是浮雲裡正在工作的性偶，整顆大腦並沒有在義務教育階段掌握自主學習能力，只會為了毫無意義的社群軟體截圖，或者在網路上找存在感而去開修改器，一鍵解鎖成就，不自行體驗而是只看攻略走，可悲。 [table] [tr] [th]★★★★☆[/th] [th]你就是大名鼎鼎的V啊[/th] [/tr] [/table] 遊戲固然在發售期有著無數bug导致口碑崩坏，現在2.21版本亦是如此，但在完整通關12個不同結局後，结合自己玩过的二十几年游戏，我依舊是會給出9分往上的成績。不僅僅是我在不同遊戲的閱歷讓我清楚遊戲間長短板各是什麼，也因為每段結局都有相當時長讓玩家沉浸而不是敷衍了事。 為了這款遊戲，我精進了模組方面的技術，在Nexus上按endorsements排序看最受推薦的模組。即使是前20推薦的地鐵模組，也要聯想到遊戲內的地鐵就知道不用再去安裝了，給archive修改就能自己漢化模組並且多語音顯示不用被限制單一語言；等等。,1
DLC的搶車綁架任務給我整破防了 後來用MOD把駕車系統參數條正常後 可以正常玩完完整遊戲就改成好評了 對我來說這遊戲就兩個缺點 1. 第一人稱，看不到自己到底打扮得如何大幅減少了暖暖玩法的樂趣。 2. 駕車系統真的很糟糕，即便是改到了2.3版，大部分的車輛操控還是很讓人絕望。 其他都是優點了 賽博朋客的世界觀真的毒性很強 CDPR的敘事和沉浸感依舊強大 甚至我覺得比起中世紀風格的巫師系列 2077的幻想未來世界的沉浸感更容易代入 一玩就上頭,1
現在的2077絕對值得一玩，經歷這麼多年的打磨現在是款超級好遊戲，沉浸感超強! 多了地鐵系統後我更多時間花費在漫步夜城，體驗將身心完全投入到一個特殊的城市中生活。,1
不多說了，買就對了,1
兩個字形容 神作 在看完邊緣形者後一衝動就入手了(錢包君對不起 頂頂的劇情 找不完的小彩蛋 DLC方面不入對不起自己 比較可惜的是bug還是小多 有些影響遊戲體驗 人生必玩電子遊戲+1 最後亞當碎骨我肏你媽 還我蕾貝卡,1
很暈但很好玩，剛 完要小心按鍵，不小心撞到警察就開殺了,1
劇情沒話說，尤其是自由幻局的部分，另外也幫大衛報仇了無數次,1
抵制海底捞，抵制海底捞小费。保护劳动者利益，保护消费者利益，抵制小费。,1
主角影子的動作有點扭曲,1
非常好玩但很費GPU,1
剧情没得说，非常有代入感的赛博朋克生活,1
自由度雖說沒有gta高 但龐克風 物理引擎做得非常好,1
亚当重锤我操你妈,1
好玩!但還是調不出自己想要的畫質，還是有少許bug要加強。,1
"這幾天超鬱悶的 1. 買了柏德之門3..介面不習慣~退款 2. 對馬戰鬼導演版~~開場後一路殺上去~~遊戲被踢出~~踢到BIOS介面~退款 3. 黑悟空~~開場第一場大戰~~快戰勝的時候~~遊戲被踢出~~一樣踢到BIOS介面(試了4次共120分鐘)~退款 4. Cyberpunk 2077 終於可以連續玩了~~看能否讓我玩到年底聖誕節,目前體驗超棒的~操作方式很習慣(我玩RPG多)",1
很讚的世界觀~夜城的街道真的很讚 劇情跟武器都超讚,1
神作 原本買了幾年一直沒完 看完影集載回來玩真的身歷其境!,1
遊戲是用腳做的，Bug 一堆到現在還存在 但劇情是真的寫得好，有點胃疼，我好喜歡,1
你永遠可以相信CDPR的劇情敘事，豐富的支線劇情讓人更沉浸在夜城的世界觀中，在夜城裡能體驗上流人士的輝煌以及街頭人民的日常，角色設計十分鮮明，戰鬥體驗也很不錯，可以當潛行忍者也能像Doom一樣拿起槍就是突突突。強烈建議直接買終極版，這才是完整的2077,1
好玩 劇情也不錯,1
覺得最好的遊戲 沒有之一,1
真的好愛2077，2077一直都是我的第一名 玩到真的不敢跟華子大人見面 因為真的很怕這個遊戲就這樣結束了 但還是下定決心把所有NCPD、委託解完 看到和事佬跟我說 V，謝謝你，希望未來還可以繼續合作的時候就知道這大概是一個段落的結束 偶爾騎著車，遊晃在夜城的街頭，就算我不是遊戲內的腳色，卻也感受的到速度帶來的陣陣微風 每當電台播到I really want to stay at your house這首歌的時候，一定都要聽完才想下車 我捨不得強尼，想一直都跟強尼當永遠的夥伴 可不可以就這樣，保持這樣就好，這個故事永遠不要結束..,1
巫師4別搞DEI拜託了,1
30歲以前不曾反叛追求革命過，那你就是沒靈魂 40歲以後你還在叛逆，那你就是沒大腦 Johnny若是沒死的話... 那他繼續活到50歲的樣子是如何？ 繼續抱怨社會、酗酒暴躁的過氣的搖滾明星？ 或是沉浸享受於他所反抗的社會所帶給他的成就裡？ 社會有錯嗎？企業有錯嗎？ 錯在你只有年輕的靈魂 更錯在最後你沒有達成成就，被淘汰了！ 我也搖滾過 對我們的體制、對人生有很多想法 也曾經像潛水艇一樣在社會上載浮載沉 淹不死，也浮不上來 隨著年紀漸大 偶然開始獲得社會帶給我的成就 我才恍然大悟 原來就是這麼一回事 劇情結尾有不同選擇 會很真實地對應到每個人不同的想法與性格 be yourself! 缺點的話： (1)支線帶入都有高潮點，但結尾都沒有收ending，讓人意猶未盡 (2)要建立這麼龐大的虛構架空世界難度很高，雖然表面視覺上很完整，但其實很空洞 (3)派系鬥爭應是可以大量發揮著墨的點(這方面至今未有遊戲超越Fallout: New Vegas) (4)角色技能屬性不夠鮮明，不用特別培養，一把槍就可打到尾，就像巫師一把刀亂砍也可以玩到結局 不過主線劇情經營得很好，很值得體驗一次,1
我本來就喜歡在開放遊戲裡混時間，一般都4、500小時，但這遊戲的造景很精緻，讓我沒捨得卸載，就閒著沒事去研究技能和可以拿的成就，劇情是沒話說，雖然破關好幾次，對話是看膩了，但還是會對某些角色有很深刻的感覺。,1
想在夜之城當妓男。 用賽博雞巴，品百味人生,1
自由，尊重性取向不同的玩家,1
"99/100神中之神我是在2.0版本之後才玩的不懂遊戲最開始時的可怕,這款應該真的屬於我最喜歡的遊戲,雖然他不是最好玩也不是做得最好,但真的夜之城這種未來城市帶給我的衝擊感真的太大,劇情也非常之好",1
"我在夜城等你, J.C",1
2025的今天還是會遇到一些小Bug，偶爾還是要重開遊戲，但扣再多分這遊戲還是神作，神!!!!!,1
是款內容紮實、戰鬥爽快、劇情深刻的頂級單人RPG。 夜之城依然美得像噩夢，角色飽滿、任務豐富。義體搭配和玩法自由度極高，從潛行駭客到重裝狂戰，全看你怎麼玩,1
極度推薦連DLC一起買，決不會後悔,1
一個字 好玩,1
優點:世界觀和劇情豐富有趣，cyberpunk特色極具代入感，動作水準以上，支線複雜，地圖很大有探索感，遊戲內容很多值得賣2倍價格 缺點:無第三人稱視角，內容多到要花很多時間玩，初版bug多 結論:rpg愛好者必玩,1
目前我玩過最「好玩」的開方世界，劇情好、戰鬥爽、流派多、支線足，尤其是風景，開帥車到處逛是真的賞心悅目。 DLC 基本上必買，劇情比主線更好、和事佬的委託質量也屌打主線，還會給一堆好用的武器、義體，額外的技能樹，直接提升了打架的舒適度與爽感。 總體而言，2077 塑造的世界沉浸感很足，那種「小人物 v.s 大型企業」的刻劃很深刻，加上戰鬥又有不同流派能各種爽，部分支線或委託的劇情堪比主線，真的很好玩。,1
"夜城沒有永遠的傳奇 ( ._. ) 整體嚟講遊戲性非常之強,但係最搶鏡嘅唔係遊戲性係故事,結局都有一種沉重感,感覺上好似冇一個結局係好嘅一樣,但係呢一種結局好符合夜城嘅風格 :p",1
買了資料片重新玩過一輪，有特價很推薦,1
大河粉這邊!!!!,1
雖然留言已晚，有基努．李維，讚讚讚 這款遊戲，讓我最終使用手雷，炸飛一推小混混們，也炸飛路人的願望 遊戲好玩到我破了各種結局路線，也遇到主線電梯BUG，使用了超破圖時空旅行。 為了跟各個女主產生69劇情，可是拚了全力呢! 當動畫出來時，也去遊戲內據點位置撿了蕾貝卡經典散彈槍，想想動畫真是有夠不捨的 最最最後，遊戲用50%價錢買到真的有夠爽的啦!!!,1
第一次有一款遊戲可以讓我感覺我真的在裡面生活過。,1
看完動畫來玩的 非常頂 來夜城你就知道了,1
讚 補票留言,1
"神作! 尤其DLC又補足了更多遊戲內容, 讓遊戲更完整。",1
隨心所欲不擇手段地在夜城追夢吧! 強烈建議動畫版看過再來玩2077帶入感會更好!,1
好玩 之前在別的平台買了 之後出了DLC特價又在STEAM回味,1
跟車有關的任何遊戲內容，都讓我想寫負評。然後這種第一人稱視角，在通過狹窄空間時，會造成視覺上的不適。接下來，已經2025年了，還是存在許多BUG，這些都很影響遊戲體驗。但跟其它爛作相比，我還是必須給好評。,1
UI哦，WAFG我回家辅导费 巅峰啊 毫无忌惮阿萨德华东师范观看,1
描寫現代科技進步飛速，充滿人性醜惡難題抉擇，故事內容根據玩家選擇擁有多元結局，非常棒的一款遊戲作品!,1
ㄚㄚㄚㄚㄚㄚ我要內設江哲偉,1
沾上了这辈子都别想戒掉 赛博毒品,1
GOOD 真心好玩,1
玩不明白，一下好玩一下又很膩，打完一輪就不想再開了。,1
"故事深度令人反思,反英雄主義的END,有趣",1
一定是大拇指的啦,1
太沉迷了 必須猛猛地冲,1
不好玩 我也就破關3次而已,1
阿傑RIP,1
趁巫師3十周年特惠買的 很好玩,1
好玩，已經玩了35個小時了，武村還在等我。 抱歉了，武村，V我忙著賺錢。,1
沉浸式劇情有夠享受 基努李維也為遊戲增添一份樂趣,1
最好玩的遊戲 沒有之一,1
左手一根震動帶電的藤津偽器 右手一根又黑又長的BBC 連97%改造率的猛男都臣服於兩根巨物 V就這樣征服了整個夜之城，來到狗鎮 直到遇見大平頭機器人之後，才知道什麼是恐懼,1
不知道是不是因為看完邊緣行者來玩 總有種惆悵感 劇情不錯 DLC推薦買,1
史低本體加dlc約台幣1000買的。 非常喜歡賽博龐克題材。是玩過最好玩的科幻題材開放世界遊戲，支線豐富選項分支多樣，多輪次體驗遊戲也不會膩。還在開始第二輪拯救武村中（強尼說不要管他那我當然就不要管他啊（看看強尼你做的好事 一周目的檔還在慢慢清小支線拼成就。 開放世界風景很好很豐富，街頭建築場景我認為都值得慢慢停下腳步逛，我認為足夠可以稱為一座活的都市。 很喜歡強尼和V，看他們日常講屁話非常有趣。 可以稱之為神作，但確實有些地方覺得有點可惜，第一幕和阿傑的相處希望能做的更完整。 第一次開局選企業人士，不說了我要玩三輪把街頑和遊牧民出身都玩過一邊：3 戰鬥方式也分為幾種流派，我一開始玩的黑客流很好玩，其他時停刀劍流等都有不同的玩法都值得去玩玩看。,1
你知道嗎，裝上大猩猩手臂就可以cos牢大哦,1
對不起，我們不能一起上月球,1
"我沒有玩過2.0版本之前的2077，所以我不知道說過去的BUG有多離譜，但我現在的遊玩體驗下來，小BUG還是不少，但不影響遊玩。 我在剛玩這款遊戲我就知道一件事，這遊戲超屌，遊戲畫面極為震撼，光是在開場做的飛艇帶過的遊戲畫面，就能直接把你帶入一個前所未有的未來世界。 遊戲的流派非常多，我主玩駭客流，駭客流的玩法各種入侵攝影機、槍塔、汽車，讓我可以躲在一個角落把敵軍全部滅掉，真的很符合我本人一個網路肥宅玩法，如果駭客流玩膩了，點數可以重新洗點讓你更換新的玩法，我自己是主點駭客流，副點數點去狙擊手、潛行、血肉散彈槍，所以說這遊戲可以有非常多種玩法讓你做選擇。 劇情的部分不像是巫師3把各種支線都寫得很精采，支線的部分只有帕娜、凱瑞、茱蒂這三個角色寫的比較優秀，大河的部分就稍顯薄弱，主線劇情也沒有巫師3好，但在DLC的劇情有扳回一城。 整體遊玩下來在前期我覺得是非常非常的好玩，但走到後期角色過於強大，隨隨便便都輾壓敵人讓人覺得稍顯無味，遊戲本體後期只有亞當碎骨沒有讓我失望，DLC在BOSS戰的部分就沒有讓我特別有印象的BOSS戰了，稍微可惜。劇情玩完心情說真的不是很好，這遊戲所有結局在我看來全部都是悲劇結局，最後""高塔""結局應該算是這遊戲最好的結局了，但整個世界的也已經人事全非，內心較薄弱的人在這方面真的需要考慮一下。",1
在這遊戲裡你可以當男同也可以當女同也可以當個正常性向的人，還有我非常推薦蠢驢能不能把茱迪給男V帕南給女V，因為我不喜歡會抽菸的女人啊!!!,1
各方面都很棒的一款遊戲，唯一美中不足的就是沒有可以搭配中文語音的繁體中文字幕,1
經過許多大更新之後非常值得入手，遊玩過程中基本沒碰到bug，dlc也很值得跟本體一起入手，對劇情會有更深的刻劃跟理解。,1
好玩 但還是有少量BUG 可惜還不夠開放 許多房子無法進入,1
劇情很好但Bug超級多，NPC過於僵硬,1
非常好遊戲，買買買。跟我一起砂了亞當幫大衛報仇,1
一周目像是看一場50小時的電影 真的很好玩,1
玩過了 帳號被盜走 在買一次,1
"雖然多年後才玩依然是神作,推薦沒玩過的一定要玩看看",1
"好玩, 劇情 文本 音樂 戰鬥都很棒, 像是在看長篇電影 神作",1
"Cyberpunk 2077 總遊戲時數：98.1 小時 評分：3.5/5 優點：高畫質的開放世界遊戲, 無論是部分支線或主劇情代入感都很強, 不同角色的外觀和性格特色很出眾, 而戰鬥的升級系統也為遊戲帶來不少樂趣. 缺點：不少劇情需要玩家閱讀大量文字, 跳過之後可能會令到玩家與劇情接不上軌. 另外, 發展戀愛關係的任務不明確, 很多時候在不知情的情況下跳過, 需玩家自行上網找攻略, 有機會要重打遊戲來滿足條件. 歡迎按讚或留言, 謝謝!",1
絕對的好遊戲,1
超好玩 超好玩,1
會閃退但好玩,1
好玩!裡面有技能系統，掉落槍枝也很有趣，劇情體驗也很棒，遊戲優化很好，雖然顯示80-100FPS，但是遊玩體驗真的非常非常順暢，射擊手感也不錯!!。,1
劇情很有沉浸感，一直很想破關，但又不捨太快離開，真的破了又有一種失落感,1
整體遊戲真的不錯。當初2020上市時各種惡性BUG而被嘲笑，如今真的捲土重來，成為了當初預設的傑出大作等級，值得細細品味。劇情超多，感覺的到製作組很用心製作，剛剛打了4小時忍不住去看完3小時的全劇情解說。看了很累但很值得，劇情真的精彩。如果自己要玩完，大概要花上30幾個小時吧? 話說以往結局好像不多，增加的DLC多了不少選項能有更多分支劇情與結局，真的能讓玩家感到驚喜，強烈推薦要買DLC。也期待再出V大鬧空間站的後續。 (只不過年紀有到的，玩了真的會比較累，太多東西要記，很複雜就是，一般上班族可能沒那麼多時間玩),1
"牛b不小心卡在電梯裡,然後重新讀檢查點也出不來",1
夜城太美，我到現在都沒用過傳送點。,1
DLSS transformer後我居然能用RTX 2080跑1440p光追，比我玩巫師3還順，神他媽真像打未來遊戲。,1
"破了CONSOLE版好幾次才在STEAM 再度購入並重新遊玩, 爽",1
畫質真的不錯，但主軸步調好慢好悶，玩久了會有一種抑鬱之感,1
故事劇情方面算ok，不會無聊， 如果是玩一般故事，一開始會不知道幹麻，但玩到後面慢慢就會了解整體， 如果是一開始直接玩dlc，劇情會立刻進展，比較有趣，會稍微漏失一些事件，比較不好懂， 這遊戲最大優勢是戰鬥系統的流派分支相當明確， 每一個流派雖有些強弱區別，但是都能玩的下去， 而且有各自的爽點， 光是把戰鬥系統每個分支打熟，就足夠玩很久。,1
很好玩，雖然之前因為bug被噴但依然不影響去看看邊緣行者的場景😭😭😍❤️❤️❤️❤️,1
"神作之一,期待之後續作",1
我的遊戲評價：佳作 無雷推薦：很好玩的FPS RPG開放世界遊戲，沉浸感相當強，世界觀也刻畫得相當不錯，最終版偶爾還是會有些BUG，但除了閃退沒遇過比較嚴重的。 通關心得：真可惜，如果當初是用最終版這個品質上市的話，也許就能問鼎GOTY了；先抑後揚，遊玩過程中還是陸續有些小BUG，甚至某個結局我又因為閃退重打三次，可見當初上市的慘烈，這種問題真的會大程度的影響遊玩體驗跟破壞沉浸感，希望下款能完善在上架；除此之外，我覺得遊戲最大問題在扁平化，本傳的主線任務超級無趣，除了強尼，每個NPC都超煩人的，然後敵人又挺弱的，導致做選擇或通關都沒啥成就感，挺浪費這強大的世界觀，不過這個問題在DLC明顯感善，DLC任務都很精采，包含支線，甚至狗鎮都讓我覺得這才是真的想表現的夜城；剩下的遊戲部分就體驗良好了，相當有趣的開放世界，可以輕鬆升級，改到全城警察都打不贏你，加上各種科技(魔法)戰鬥模式，毫無難度，真的毫無難度，超爽，不過還是希望能有些強點的對手，任務的進行方式也相當自由，不逼人潛行感覺真好，也有美式RPG常見的能力解鎖對話選項，到後期真的是橫行無阻，玩起來很舒壓，這部的在地化也做得相當好，翻譯很通順也很接地氣，很不錯，整體而言玩得相當愉快。 真可惜，如果當初不是趕鴨子上架的話又是一個名作，不過願意改到好也是少見的了，因此推薦這款遊戲，通關後會有像是在夜城生活過一段時間的感覺，真正的旅遊模擬器，沉浮於那繁華奢糜而又虛幻的賽博未來。,1
無懈可擊，出色的劇情和演出，令人意想不到的展開，不愧是波蘭蠢驢的又一力作，低開高走總是越來越好的嘛,1
能選擇用電動假屌打死人的遊戲可不多見， 我不敢說他是唯一一款、但肯定是最出名的一款。,1
改進後玩起來很讚，意猶未盡,1
劇情相當不錯,1
力聖恩都不陪我玩,1
比2022時好很多,1
以前玩不動，換電腦後，好好體驗了DLC跟本體，真的很優秀，最推薦的都市大世界遊戲。,1
超好玩!!!!好玩到不行，很自由,1
當初因為邊緣行者認識賽博世界，尤其在網路上看到潮到爆的武士刀流派，毫不猶豫地購買此遊戲，劇情方面波蘭蠢驢沒讓我失望，不管肢體動作或配音都能感受到腳色的靈魂，主角的配音更是沉浸感大幅提升，真不懂為什麼有些遊戲的主人都不配音的(就說你metro的阿爾喬姆)，如果是劇情派玩家非常推薦購買包括dlc，尤其dlc劇情的含金量高到值回票價,1
沒有玩完DLC的人不算真的有玩過這個遊戲,1
真的超級好玩，好玩到我不想停下來,1
主線比較短，但夜城的沉浸感真的不用質疑， 唯獨開車的操作手感有點奇怪，需要適應。 每次進遊戲都一定要先把驅動都更新到最新的有點麻煩。,1
終於全破了，如果當初發行時有這質量就不會差評一堆了，可惜用螳螂刀爬牆和自由駕駛浮空艇應該是跳票了，但無傷大雅，我還是挺喜歡這世界觀的，希望賽博朋克的題材能有更多這種好遊戲,1
代入感很重 能感受到夜城的獨特氛圍感 2000元換一次人生不香嗎?,1
劇情很好，但是優化也太爛，開車的手感超級爛，我還以爲開的是野豬呢，Bug超級多,1
看我遊玩時數，就知道了吧 1.0版玩過，也是多結局全通關， 當時雖然BUG不少，但不減他的樂趣。 如今2.0伴隨DLC一起入袋， 我又重拾一次2077之旅，真的好棒啊 不管是本傳強尼與V的故事， 還是DLC頌鳥、李德的故事， 很多殘酷道德2選1，8種結局後勁都很強， 但只有你選擇的結局才是真正的結局。 全通關全支線全解，對著個賽博龐克世界依然捨不得離去， 每個NPC好友都像真的在身邊一樣。,1
"超乎我的想像 超棒的戰鬥系統 帥到爆的肉體改造 武器也帥到不行 滿滿未來感及美式風格,音樂很棒,故事很棒,畫面很棒,美術設計也很棒 買了真的很值得",1
游戲是好玩的 優化是狗屎的 在夜之城是完全不會卡頓但到了狗鎮哇靠卡成狗屎 4070也帶不動 但瑕不掩瑜這始終是好游戲 這好評是留給強尼和傑克,1
劇情精彩，對話選項與數值狀況相關的設計很棒~,1
666好玩,1
沒有完美的結局，只有遺憾伴隨著成為傳奇。,1
2.2 版本集大成 主線 DLC 劇情保持CDPR 一貫高水平 人物刻畫有深度. 越花時間 感受越深,1
"久仰大名這麼久,趁打折時入手,果然是趣味十足",1
優點： 靈魂之旅，代入感很強的故事 劇情，任務的故事，結局的多重選擇後勁強烈 角色塑造極佳，強尼·銀手和主角V的描寫很深入 過場運鏡出色，第一身視點配合強尼的切入位置很容易令人投入 夜城設計，建築層次，環境都有出色表現 氛圍，光影效果，配樂與音效沉浸感強 戰鬥流派，義體改造尚算有趣 小缺點： 戰鬥重覆性偏高 敵人AＩ種類小 路人 警察ＡＩ比不上GTA V 主線略為倉促 很多地方 只是主線去一次 地圖互動性不算多 ★★★★⯨ ８５／１００,1
看懂用了一包纸，没看懂也用了一包纸,1
"對於一個二零二零首購玩家的我來說,非常好玩.",1
殘軀化成了烈火 至死方休,1
夜城傳奇無須多言，好玩,1
超級耐玩 特價購入 划算到爆炸 適合喜歡RPG的人 能溶入完全不一樣的人生體驗不一樣的世界 扣除一些BUG 整體來說滿分,1
能玩到完全體幾乎沒Bug的2077，大概是這輩子最幸福的事其中之一 CDPR，答應我，CyberPunk2可以優化好再上市嗎，我準備好錢錢等你。,1
蠢驢救回來了,1
高自由度和地圖開放，故事也很有內容，警星比GTA好躲也比較合理，躲起來找不到你了。,1
玩過GTA系列遊戲與熱愛科幻玩家，千萬別錯過了!!,1
"買了真的值得,不只劇情好,價格還算便宜(當初特價600~700?),真心推薦,強尼太帥啦~",1
玩了快6周目，玩最多次的遊戲，推薦給喜歡開放世界探索的玩家,1
推薦DLC,1
電子陽痿的特效藥 一定要買終極版,1
"滿滿未來感及美式風格,音樂很棒,故事很棒,畫面很棒,美術設計也很棒,不愧是排行榜前幾的經典遊戲",1
不知道在玩什麼 買來測顯卡,1
電子陽痿治療,1
一路顺风 宋昭美，这个选择我不后悔。,1
2025春季特價買了本體+DLC 劇情不錯 讓電子陽痿的我經歷了一部好玩又好看的電影 真的神 大推,1
-兄弟的情義 -體制反抗與自由意志 雖然我在五年後才購買遊戲但遊戲是一個畫面精美，角色性格描述出色並且背景盡顯未來之感的不朽神作，就算十年以後都會有人拿出來回味一番；而且DLC直接昇華了整個遊戲故事的意義，但DLC中的任務雖略顯拖沓但仍不阻其多重結局中的意義。此本體遊戲加上DLC絕對是神作。,1
"現在玩,也好玩",1
趁特價買的本體+DLC 1000初，劇情細膩但是有些跟隨不能略過會稍微拖時間，急性子不適合，但你如果沉浸進去會被氛圍給感染，讓你身歷其境V就是你，只有在賽車關卡遇到2次BUG其餘都算順暢,1
精神時光屋,1
有些任務做起來挺無趣的，不過整體來說是個很好的體驗。,1
神作 令我念念不忘想要重玩的好作品,1
我看到企業如何奪走農民的水，然後奪走土地，他們長期以來一直控制著我們的生活，現在他們想要觸及我們的靈魂，你什麼都不知道，你不明白。,1
可玩性高，推推,1
DLC救了整個遊戲,1
最好的遊戲 沒有之一,1
已經成為記憶中的一部份了 總是會打開來逛一下 時間也就這樣過去了 一代神作 值得細品,1
大推，一點小BUG不影響遊戲體驗 整體故事性、故事沉浸感、畫面、打擊流暢度、戰鬥系統都遠超我的預期,1
真正的2077,1
非常自由緊密的故事,1
雖然比GTA少一些自由度不過如果像我依樣喜歡賽博風格世界觀的可以嘗試 看過電馭叛客被其內容感動後又對遊戲充滿興趣進去後 相比動畫的情緒運染遊戲內容更多表達著2077年的混亂世界 更讓我想像未來哪天是否會變成這樣? 音樂也很特別我推 絨絨廢話 這首 最後 致夜城的各位傳奇們寫下新的歷史,1
看了邊緣行者來玩的 可以穿大衛的外套真的太感動了QQ 我們已在你來不及帶我去的月球重逢,1
夜城沒有活著的傳奇,1
開放世界很多，賽博龐克風格僅此一家無人超越,1
我是大卫·马丁内斯，我的意识被荒坂储存在芯片了，请打100000镁到Lucy帐户找人救我出来,1
不错 就是一周目有点憋屈,1
劇情很充實，人物刻畫得很好。如果可以自定義車輛就好了,1
老玩家了 遊戲剛出就預購了 最初期就覺得好玩 雖然有bug 但還是覺得很好玩 現在變成另外一款更好玩的遊戲 不玩嗎,1
"很有cyberpunk的氣氛，但角色情緒氛圍比起其他cd projekt red 差 , 特價入手比較好，故事太著重銀翼殺手，V 似不是主角",1
誰不喜歡基哥? 劇情很棒 很推薦 常常特價,1
非常推薦，劇情優秀，玩法有趣,1
生的光榮，死的偉大，夜之城沒有活著的傳奇，有DLC的2077才是完整的2077。,1
"神作,DLC劇情非常優秀,久久會遇到一些小BUG但瑕不掩瑜,如果可以開放天賦重置就更好了",1
喜歡巫師3的必買這片 但第一視角一開始蠻勸退的 要習慣,1
我是因為動漫邊緣行者讓我踏入這款遊戲的 從一開始的好奇到全成就 Cyberpunk對我來說已經不只是遊戲了 他讓我沉迷 雖然在解全成就的過程中不小心通關 讓我需要全部重新來過有點難受 但每次想放棄停下來時 內心就會響起 還有一點沒完成的聲音... 讓我忍不住繼續 只能說這就是夜城的魅力吧 讓人又愛又恨的 ♡ 對了 再問你一次 你是選擇無名之輩活一輩子還是就算活不到30歲也要名留青史呢 ?,1
根本神 治好了我的電子陽痿,1
遊戲本身的設定就夠好玩了，竄網使能力、各種武器、各種車輛、身體改造、時尚穿搭等等，劇情沒有像《巫師3》那麼紮實緊密，但也夠好玩了。夜城真的有無限的可能。,1
神作 2025年才玩的我w,1
神作 第2部會登神,1
好玩遊戲一直玩愛玩要玩,1
越玩越上頭,1
2025的2077絕對是一款非常值得遊玩的作品，特別是資料片自由幻局的演出跟劇情都是頂尖水準，還有獨樹一幟的世界觀設定跟優秀的城市塑造，就算只是買來逛街都值得,1
世界觀塑造的很棒，劇情也豐富，雖然整體比不上巫師3，但還是超推！,1
好玩 真的好好玩,1
就今天看来，2077无疑是上乘之作。最早预告的时候我还没有电脑，首发的时候我还是第一次去的网吧，办事还是需要电脑的，后面马上就买了现在的这一台。最开始体验下来手柄的操作还不是很方便，想着放在电脑里，有空就玩。慢慢的电脑里面就多了许许多多的游戏，2077也就这么被我放下了。时间又过了很久，边缘行者出了，dlc也出了，又想起了它，然后一‘月左右100h，各种任务也做了130个了，体验了各种支线任务，越发喜欢夜之城。 丧钟为谁而鸣。夜之城没有活着的传奇，敬伟大的夜之城之王V。,1
2025年開始玩~這片遊戲太棒了~希望還有後續更多的續作!!,1
我累了 但我不知道什麼時候可以睡著,1
非常好遊戲,1
應該在玩碧血狂殺2前玩這款的 總之是很棒的作品 等dlc大特價再回來,1
劇情引人入勝，在未來世界中與不同的人相遇並一起創造新的探險雖然老套，不過基努李維跟動畫的加持彷彿又把這遊戲推到另一個高度，總結來說值得購買，但如果不急強烈建議等特價。,1
2025年入手，夜城遊樂園很好玩！,1
"目前最嘆為觀止的史詩級畫面 , 與豐富的人物腳色刻劃 所幸借助高端的電腦配置 , 能夠讓我在這座城市 , 無限遨遊 !",1
拿槍落伍了，拿刀才是賽博龐克傑洛特,1
支線任務一定要解，蠻多故事都挺精彩的,1
沉浸式的故事體驗，故事劇情很棒、畫質也很好，完結時甚至會覺得有點可惜!!希望可以再多一點~希望之後還有續作，能升級就盡量升級，我還在那邊存錢 結果結束時還有30萬= =，總之是個值得入手的好遊戲，可以等特價入手!,1
神作無誤!此生最推前三大!!!!,1
怎麼會是第一人稱射擊遊戲，跟我想的不一樣，畫面飄來飄去亂打一通常不知道怎麼回事，技能好像很多可以點，但用起來總覺的大部分都很廢，介面總覺的蠻混亂的字體也不好看 不過遊戲內容太豐富了，道具也是一堆但實在懶得研究，主線衝一波感覺還算不錯。,1
金價五告讚,1
媽的禎他媽的屌,1
自由度很高，武器種類很多 蠻好玩,1
"還可以, 就玩了一下下",1
非常推薦給2024年以後才開始玩的玩家 除了打鬥比較單調一些 但其他劇情、演出、遊戲場景到遊戲畫面都非常的優秀,1
劇情很讚，支線任務很有深度，錯過可惜,1
好東西不需要理由,1
看完動畫再玩 更有宿命感,1
雷貝卡!!!!你死的好慘!!!!!!!!,1
玩過才知道有多屌 一定要買 不然會後悔,1
"世界上最牛逼的遊戲,也是我玩過最好玩的角色扮演遊戲 記住夜之成沒有活著的傳奇 除了你之外",1
治好了我的电子阳痿！~,1
主線有點短就是了 其他很喜歡,1
連支線都做的很用心，很久沒玩遊戲玩到支線都認真看劇情,1
極強的沉浸感，印象深刻的角色塑造與無數的劇情兩難都觸動人心 下一款那麼棒的遊戲是不是真的要等到2077年了?,1
"以烈火化為殘軀 , 無須多言的好遊戲",1
非常優秀的遊戲,1
好玩，無須多言,1
看完邊緣行者才買的 100分裡面我給200分,1
雖然有小BUG 整體體驗不錯,1
趁著年假打通所有結局，感覺像是連著看了好幾部電影，尤其DLC裡的演出實在太華麗了，各種科幻元素用得淋漓盡致，從變換身份的間諜戰、AR投影演唱會、壯觀的大型載具與設施，到如同神明般的黑牆外力量，沉浸感之深就像是真的創造了一個賽博龐克的世界一樣，非常讓人印象深刻。,1
一個美麗的事物 我知道 將永不逝去 妳對我做了什麼 我知道 說了妳該說的 然後我會盡我的職責 我知道 我會找到路的 但美麗的事物 將永不逝去,1
不錯了 玩到目前為止 還沒遇到重大BUG 目前遇到的都是輕微的BUG,1
非常的好玩，希望可以出VR版本，讓遊戲更多元化,1
"有巫師3的爽感,好玩",1
劇情好的沒話說,1
本來還行，但2.0后確實好玩多了 我竟然可以在bug裡面玩到游戲耶,1
幾年後終於可以正常玩,1
從眾所期待 到眾叛親離 到眾望所歸 遊戲界的傳奇,1
夢想中的USB熱插拔多功能大雞雞終於存夠錢買到了！！,1
前期無聊後面好玩 單主線有點爛DLC一定要買,1
我愛駭客任務,1
[h3]遊戲100%全成就後感想[/h3] 遊戲方面，整體很好，自由度很高。 劇情方面，主線和DLC都很好，支線也有很多小故事，有長有短，還有感情線。 戰鬥方面，動作很酷，武器裝備多樣，可以試試不同流派。 賽車方面，車輛款式很多，手感不太好，駭入流派玩賽車是無敵的。 優化方面，畫面流暢，建議鎖75fps。 Bug方面，非常少。 解成就方面，成就不算難，劇情的成就建議多存檔。 總結，內容滿滿，佳作，建議第一次玩時不要裝mod，好好體驗遊戲。,1
你說的對 但這就是夜城,1
我是當年從ps4版首發就預購的玩家 當時滿心期待 雖然當時的災情以史詩級災難形容也不過份，bug一堆 遊戲也經常崩潰，但也堅持打到結局。 當年也蠻失望 上年見到出了2.0更新和DLC，見到評價不錯就買了Ps5終極版，不過沒太多時間玩就沒打下去。 半年後見特價買了PC版和DLC，從當年首發到現在足足買三份，也心滿意足通關本傳和DLC 不得不說DLC真的誠意滿滿 謝謝你們不像其他遊戲公司放生已搞砸的遊戲 謝謝你們盡全力把cyberpunk2077變得更好 希望續作不會再給高層插手搞砸,1
總結的話給個8/10 覺得過程很Ubi，但至少故事方面、對白、音樂、引用好很多。不過還是要說細節還是不完美。比如說和情侶的對話就固定幾個，後面都無感了。 遊戲性方面我覺得重複性太高。我自己玩的是潛行派，104小時來說，已體感無聊。我想像硬剛派也是差不多。,1
更新到2.0甚至現在2.2版本， 老實說只能說是剛推出該有的樣子而已， 本體的主線相當的短，但某些支線表現得不錯， 結局已推出也不可能再透過更新改變， 所以整體流程依然是虎頭蛇尾的感覺，看得出有畫很大的餅但做不出來。 資料片獨立一區的內容就相對完整， 開頭還是有本體開頭的震撼感， 只能說CDPR要認真做還是能做出點東西。 不過3A級賽博龐克風格的開放世界遊戲，選擇真的不多，且玩且珍惜， 另外就是要想清楚到底要玩男角還女角，會決定你可攻略的戀愛對象， 第一個會遇到的是茱蒂，如果喜歡就果斷重來創女角吧。,1
當初完成度再高一點就能封神了，我喜歡這個遊戲，這個遊戲的劇情和人物互動的豐富度真的遠超當初我對這遊戲的預想，精彩絕倫,1
我一向是個熱衷於收集成就的玩家。 但這次，在這款作品進入尾聲之後，我不想讀檔了。 我也不想開二周目，就算只在關鍵分歧點改變路線，我也不想。 更別說，遊戲在跑完製作人員名單後閃退，簡直是在印證我的觀點嘛。 --------------------------------------------------- 作為神秘高維生物，我有能力輕鬆回到分歧點，嘗試每一種可能的發展。我也已經干涉了無數次愚蠢的錯誤與死亡，扭轉了夠多不完美的委託了，但現在，我只想替這趟旅途留下那所剩不多的神聖性。我不想，也不願扭轉我做出的抉擇，因為那就是源自我的內心真的會做的事：我就是會同時被大河和茱蒂吸引，就是想送頌鳥上月球，就是寧可把生命交給帕娜，而不是若惡或者華子。哪怕最後只剩下六個月，我還是會拼命活下去，試著找出一線生機。 --------------------------------------------------- 所以就到此為止吧，該和夜城說再見了。 V與她的家人們已然先一步上路， 我也該踏上屬於我的惡地，追尋屬於我的遠方了。 剛好我前方也有「沙塵暴」，旁邊也有「帕娜」陪著我呢。,1
非常好世界觀,1
一個遊戲不好好完成再發售 結果修了整整6年才達到基本水準 當初畫的大餅沒一個真的完成 這個公司真的丟臉 至少教會了大家絕對不要預購遊戲,1
我已經玩了27小時了，但我主線根本沒解 NICE,1
好玩:) 還是有些BUG,1
令人沉浸的未來世界,1
我只能說這個是真的很牛逼，，一開始是戰鬥讓我覺得入迷，為了蒐集更多組件和錢，會仔細地搜索以及看劇情，慢慢的也被這遊戲代入進去，如果滿分是100分 我給85，有時候這遊戲很需要一個手電筒，然後武器種類我覺得不夠自由,1
很高興這是我人生的第一款開放世界遊戲，不論是題材或是玩法機制我都很喜歡。,1
亞當·碎骨躲在荒坂塔內，外面全是憤怒的V,1
一定要體驗看看的賽博龐克遊戲，非常入迷!!!,1
世界觀的設定實在是太用心了,1
好玩一直玩 模組社群也很活躍,1
·夜之城炫丽夺目，人物充满魅力，故事引人入胜。 ·强尼银手的其中一个结局让我想起了曾经看过的《虚拟偶像爱朵露》，或者说你可以在里面找到许多赛博朋克题材的影子。 ·通关后产生了关于许多科幻作品的感触，也许在细枝末节上不必强求表现未来世界多么先进，减少一些科技元素，会让作品更有逼格。 即便身在京都， 耳闻杜鹃啼声， 我仍渴望京都。 ——松尾芭蕉《京都》（似乎不该这样翻译，但更工整）,1
不錯玩 DLC劇情也不錯 但還是遇到bug 沙德威斯坦開了沒反應 我這是神機錯亂了嗎？ 修下吧 然後跟有賽車經驗的公司同業合作交流下吧 開車手感巨差,1
確實是個好遊戲 是我第一款預購的遊戲了 只不過那個時候電腦不太好沒有玩 聽說Bugs很多 等了4年才開始玩這遊戲 遊戲的劇情很豐富 而且每不到5句話就有髒話真的是哈哈哈哈 不過到了現在2.20版本依舊有Bugs出現 不是Lag 就是退出遊戲報錯 要麼就是卡在某處 還有就是說以前會讓所有房間都開放 這都4年了依舊沒有 感覺也不太會有了 有些因為動漫而要進去的房子一個是要做任務才能進入 還有角色的房子是進不去的 很遺憾沒有開發所有房間都可以進入的更新 也不曉得未來遊戲還會有大更新嗎？,1
非常好，很好玩,1
作为最开始预售的玩家，经历过黑屏剧情，各种卡，各种穿模问题，顶着热爱慢慢摸索，确实是一种煎熬，就像为了城市发展而被迫拆迁的城中村村民，等待过程很苦很漫长，这次回迁到夜之城，重新开了存档，看了之前没见过的剧情和人物，真的很满足，心满意足，觉得之前的经历，也是剧情之一，一起慢慢成长，常玩常新。,1
良心公司 真的有認真在做遊戲 這錢花得值得,1
有折扣可以放心买，波兰蠢驴几年缝缝补补下来这游戏已经是个不错的作品了,1
要是我朋友再贊助我300塊就可以買DLC了,1
半價入手，遊戲主辦相當用心，有中文配音 雖然有大大少少嘅bug，但都不影響整體遊玩 看完邊緣行者更加有感覺 2077真香，夜城真香,1
还没打通，上瘾啦上瘾啦上瘾啦，淦,1
很喜歡，一推彩蛋，一推洋蔥,1
玩到就是賺到,1
这是我的第二个账户再次购买这款游戏 希望好好做游戏 我是之前的预购玩家 慢慢好起来也算是有个交代了,1
好玩是好玩，旦不懂自動存檔的機制是什麼，解了幾個任務結果走在路上不小心被圍歐橫死街頭… 最後的檢查點開始玩，發現前面解的幾個任務都得重解了 :( 雖然不喜歡第一人稱視角，旦玩著玩著就習慣了,1
PS平台玩了一半就退坑了，这次冬促打折转PC买回来想着再试试。不知道是因为BUG都缝缝补补修复的原因还是键鼠操作更顺畅的原因，有点感觉到这游戏的魅力了。对喜欢剧情的玩家这游戏真的挺不错，就是射击手感有些差强人意。,1
神作.值得推薦,1
大衛裝上沙德威斯坦之後，所有的速度變得真的太快了 不只是獲得的速度，還有失去的速度 快到看不見身邊的露西 對她來說，你早就已是她的月光,1
bug多到難以置信 但好玩,1
神作 不解釋,1
"10/10 沉浸感十足, 劇情演出的帶入感也很好 多數配角刻劃得令人難忘, 很喜歡遊戲中逐漸跟角色交心的感覺 :)",1
这是一款让人沉浸其中的游戏，让我非常乐在其中！！！,1
非常好玩 有沉浸感 都破關之後也能再回頭重新體驗不同結局,1
没有活着的传奇,1
除了R星 第二個做出完美開放世界的廠商 真的非常好玩 現在也已經沒有甚麼BUG 各種分歧支線後續都做得非常好 缺點就是車難開 武器不平衡 槍械類過弱 刀劍棍棒類配合時停 傷害遠高於你用槍射人 而且還沒聲音 然後很多東西的描述不精確 戰鬥系統可以詬病的東西不少 但整體還是很爽 超棒的劇情跟沉浸感 一點都沒罐頭味,1
永遠不會忘記那天我怎麼對著V的腿還有奶子尻 太美了 真的 還裝了MOD 真他媽太艘了,1
第一人稱雖然不太習慣~但玩九還不錯,1
"缺露西頭髮建模,不然就更好玩了QQ",1
"劇情不錯 且主線任務支線任務豐富,戰鬥系統也做得很好打擊手感很棒,喜歡開放世界遊戲的必推遊戲風景也做得不錯",1
[h1] 如何選擇RDR2和2077玩哪一個 [/h1] 給自己一巴掌，如果覺得爽就玩RDR2，覺得不爽就玩2077,1
值得原價購買的好遊戲，雖然還是有少許BUG，但並不影響我在夜城的體驗，即使全破關，依然會想開啟遊戲回到夜城中，享受這個世界,1
預購買一次實體 steam多買一次支持 雖然剛開始翻車 後面有拉回來 拜託巫師4別再重演,1
為啥人都這麼醜 到底,1
故事和角色：遊戲的主線故事和角色關係非常引人入勝，特別是與 Keanu Reeves 飾演的角色強尼·銀手的互動。 夜城 (Night City)：夜城的設計非常出色，每個區域都有自己的歷史和背景，使遊戲世界感覺非常真實和豐富。 自由度：遊戲提供了大量的選項，玩家可以根據自己的喜好來進行遊戲，這使得每次遊戲體驗都不同。 技術問題：遊戲在發布初期存在著許多技術問題和錯誤，對某些玩家來說這些問題影響了遊戲體驗。 更新和改進：自發布以來，CD Projekt Red 發布了多次更新，修復了許多錯誤，並添加了新的內容，使遊戲在某些方面得到了改進,1
第一次玩的時候是在剛上市不久，但實在不太習慣第一人稱，所以玩沒多久就放棄了。 時隔今日，因為一直看到Youtuber介紹，想說重新下載玩玩，我得說，真的是很棒的遊戲!!!尤其是所有主支線任務，每一段故事都有精彩的地方，甚至有些就是影集的內容。 至於缺點，大致上我都還好，就華語配音的部分，真的帶入感差了些，而且部分角色的聲線聽起來，猜測都是同一人配的。,1
豐富的劇情，很好玩,1
老實講dlc是神來一筆真的為這款遊戲加了很多分,1
"讚讚,超好玩!!",1
沉浸感很強,1
好玩，第二個現實世界，都是賽博電子人，DLC小貴,1
劇情的沉浸感很強，可以幫Rebecca報仇好評。 但自由度偏低，主線又短又虐心。彷彿骰子只有1的柏德之門，如果可以加入一些能讓主角逆天改命的劇情就更好了。 也希望製作組能多打磨夜之城本身的沉浸感，例如自由觀賞幻舞之類的，很希望能出個介紹夜之城歷史的幻舞。,1
任務中遇到需要打開電腦確認訊息，但電腦卻無法開啟的BUG，導致任務無法完成。 在開啟未進入該任務的紀錄後，重新進行任務仍會遇到，導致目前無法完成任務。 會在遊戲公司解決BUG後再調整該評論，謝謝。 發現是遊戲不是很穩定，有時候會有bug，隔天再開就沒問題。 任務為神機錯亂 : 以眼還眼。,1
玩了五個結局 最終我選擇帶著茱迪和帕南遠走高飛了 通關後繼續我的夜城生活 到來生酒吧點了杯酒 敬來生的好友：傑克、強尼、索爾 最後我想說：去你媽的巫毒幫！！！,1
2077就是最牛逼的游戏,1
劇情沉浸感強,1
好好好好好好好好好好好好好好好,1
製作組真的很用心持續免費更新 TAT,1
雖不如開發時所畫的大餅那麼優秀，但仍是個好遊戲。,1
"第一次留言,絕對值得入手, 當初推出時大量BUG導致評價差劣, 但現在不斷更新改良已經遠遠超越當初的期望,滿滿的誠意 沉浸式cyberpunk世界, 大量地圖內容可以發挖, 劇情讚, 戰鬥選擇方式多元, 即使一週目完成你仍然會想留在夜城裡閒逛",1
直至今日官方都還會更新遊戲內容，先前還時不時貼幕後花絮的動態，這遊戲封神了，他媽的在我心中就是第一 全成就拿完，存檔刪掉重玩一樣不亦樂乎，好樣的!!,1
第一人稱視角剛開始會有點不習慣，但習慣之後的帶入感極佳，槍枝手感我也蠻喜歡，史低購入的非常值得，尤其看過邊緣行者的人一定要來幫老婆報仇 我不知道剛發售時有多慘，但我可以負責任地告訴你2025我玩這個遊戲帶給我的快樂多道我覺得可以說它是80分的3a大作,1
遊戲自由度高 奈玩 各類小任務大任務 都能有不同的結局收尾 情節豐富 遊戲自由度高 奈玩 各類小任務大任務 都能有不同的結局收尾 情節豐富,1
看了動畫再次回歸回味一下QQ 我要砍爆亞當重捶!!!!!!殺你一百次!!!,1
快點出續作啦,1
以我残躯化烈火,1
10分好玩遊戲,1
特别的好玩,1
有遺憾，但是整體好玩的遊戲，遺憾的地方是，像全食工廠那樣深刻與眾多分歧的任務，在本作算是十分罕見的，希望未來出續作時，能把任務都打磨成全食工廠那樣,1
我想生活在这个世界 没有某邪教的世界不压抑 不用感恩歌颂 每天好心情,1
我不知道剛推出的時候是怎麼樣的 但是現在真的很牛逼 特別上頭,1
神作 玩完DLC 只有兩個字 感動,1
整體節奏非常快，102小錯過一小部分支線，靠SL體驗DLC+主線全劇情。 遊戲本身非常滿意，劇情結局都會跟跑過的支線有點影響，偶爾會有小驚喜。 戰鬥部分挺爽快的，時停的無腦亂殺，或是黑客流透過監視器擊殺也挺帥的。 這款算是我2024年下半最滿意的遊戲。,1
"畫質很漂亮,戰鬥的手感也很好,劇情主線跟支線刻劃都很深入",1
如果2077剛出來的時候 有這樣的成熟度 相信評價會很好 肯定也會有更好的里程 但沒有但是，這款遊戲就是遇到了 因為各種惡評 讓我一直沒買這款遊戲 直到有一天看到同人小說 對賽博龐克世界觀感到好奇 我才買了這款遊戲 很幸運的是我擁有一顆沒有玩過２０７７的腦子 我在遊戲內尋找故事 了解這個特殊的世界 雖然我不太喜歡主線及各種ｂａｄ ｅｎｄ給人的感覺 如果沉浸乃至帶入 那無疑會感到非常操蛋及無力 那是多麼絕望的世界 控制無處不在，你以為你反抗成功了？ 你以為義體改造的夠猛夠狂 反抗了命運 對抗了控制 賺到了自由 超越了自我 但其實你永遠地被科技給控制了 墮入了給自己改造就是努力的幻境 那怕幹爆了所有公司 還有無限的公司 那些幫派會成為新的公司 只有永無止盡的絕望與悲觀 夜之城雖然操蛋 但相對自由 如果這工作室不要再亂來 很期待下作的背景 應該是歐洲？ 也是無比操蛋,1
騎著兄弟的車，電台響起Antagonistic...是要怎麼不給這個遊戲一個好評。,1
看完邊緣行者才玩這個遊戲的 我只能說: 神作,1
還是可以的，就是bug比較多經常卡出去。,1
戰鬥爽感 畫面精美,1
就個人遊玩體驗而言還不錯.沒遇到重大bug.小bug也沒啥遇到.很多武器特殊武器{拳頭飛彈鞭子之類的那個)選來選去最後還是玩飛刀XD.雖然我只完成2個結局.加DLC1個結局.但我自己覺得足夠了.可惜不能去月球一趟看看露西.這是我最後的執念了.如果有人能接續出來我再回來.謝謝,1
別因為一開始版本的BUG給嚇到了，經過不斷的更新修正，已經成為一款貨真價實的神作了,1
爲什麼不能上月球，我要去见Lucy！！！,1
本來買的時候沒有太多期待，結果DLC自由幻局快成為我開這遊戲的理由了,1
我覺得每次色色時間太短了沒辦法好好享受還有跟女友約會的對話太少了還有女角的胸做太小了導致達不到視覺享受，還有另外缺乏改裝系統缺太多東西了。雖然細節有做滿但是還是欠缺以上這幾樣。🤔,1
很有趣得世界觀設定，破一些ncpd任務可以看到一些小事件，很喜歡這種能到處撿文本的設計 覺得可惜的點: 一些小bug很多 地圖很大但很多地方但都沒辦法進去 路人對話就那幾句，很難對這個世界有更深入的了解 維哥跟武村不是浪漫對象,1
另一種人生態度,1
好玩是好玩，但為什麼撞一個路人就可以被警察抓，這樣是要我怎麼開車,1
分數：10/10，一封來自異世界寫給遊戲玩家的情書。 直接原價吧！這個沒什麽好猶豫的！1300多NTD買不到去洛城的機票，買不到樓鳳ㄆㄧㄠˊ ㄔㄤ，但可以買到去夜城的直達航班，感受有血有肉的夜城！,1
一般吧，跟想象中的赛博开放世界还是有很大区别，游戏手感也怪怪的，跟GTA相比还差一些,1
沒有通關過主線，不知不覺中玩了100多200小時，支線比主線還要長。,1
狗镇门口死一次报错一次 …… bug还是不少，不过能玩了，全成就留念,1
"說實話,遊戲建模很好,整個cyberpunk的感覺也很好,細節點很多,很多大樓都不是紙殼,很多地方都可以上去,但是總體bug還是很多,各種穿模bug,敵人突然在地面以下,車突然在地面以下,最要命的是都2077了連手電筒都沒有,地圖是看起來是各種的黑 玩上法可以說得上是無聊,就是一隻純粹打槍遊戲,好聽就有流派可以選擇,但實際上脫離不了打槍遊戲,所謂流派最多也就向某個方向增點傷害而已,到後面敵人打過來還是意義不明的沒半血 主線奇短,而故事短得來代入感不大,就是後現代鬼上身,你鬼上身和想成為夜城的傳奇有甚麼關係??而這個所謂的傳奇也是借了人家吃剩的傳奇,和要自己想成為夜城傳奇差很遠 各npc帶出來支線也不吸引,npc支線出現的時間也和主線沒有明顯關聯性,主支分離感很明顯 支線最多也就是做點色色事沒有甚麼特別 有很多幫派,但關於幫派的內容小之又小,那設計那麼多幫派是為什麼??連最基本幫派好感,幫派特別售賣都無考慮進去,所有的幫派完全就是換了皮的npc都是路人 狙擊槍出奇的沒有放大倍數,可以放大但不能放大後開槍,還是要用肉眼來𣈴準 把車叫出來的時候永遠都是要在自己的角色後面50M,這個是最想不明白的設定了,都2077了連定位都不行,每次叫車還要自己向後走 ncpd就是去一個點清完再去一個點,和事佬也事,神機錯亂也是,頭玩兩次還有趣,但之後就是要清完一個地點就去下一個地點,那怕是有流派,清點這個動作本身不會對機械式作業增加任何的趣味 玩到一半都開始有點無聊的感覺,結局更是意義不明,打完光頭之後就突然完了,又突然""重生""又要上太空,而太空更是完全意義不明, 車和武器居然連改顏色都沒有 單純從代入感和故事來說巫師3完全吊打2077,2077真的就只有模組對味而已,2077只是一隻半之又半的半半完成品",1
dlc都比本體好玩,1
如果你老婆的名字叫做蕾貝卡，那你玩Cyberpunk 2077就對了!,1
強尼就是帥,1
好 但是闪退,1
"太好玩了,騷",1
好玩每天玩,1
非常好遊戲,1
高潮街 讚,1
畫質跟戰鬥好爽,1
5刷電馭叛客邊緣行者，才過來買遊戲，真心認為值得，打擊感也很逼真，爽感爆棚,1
發售時確實是災難，直到 2.0 前都沒碰過這遊戲。 時至今日諸多底層問題依然常見，如碰撞問題、穿模等。 但是即便遊戲已經發售，口碑雪崩，大量員工出走， 仍舊努力修復，大改戰鬥系統，合作精良的動畫，端上超棒的 DLC，加上本就精彩的故事， 我認為這樣的精神，仍舊值得肯定。,1
讓我好好思考了人生 我好像也會變公司的狗,1
一個字 可惜,1
沉浸感很強,1
目前時數21.3小時，夜城真的很大，風景也很美，還記得第一次搭捷運的感覺，真的很壯觀，就算是走走逛逛也能逛很久了。,1
因為看了動漫，所以才來玩的,1
"故事豐富精彩,自由度高的好遊戲",1
"用心設計,唔錯",1
很棒的遊戲,1
"這遊戲可能真的是未來AI世界的寫照, 提供了一個可能的範本 遊戲劇情也很令人深思, 我自己就常思考:人的心智真的可以數位化保存而永流傳嗎? 越想越覺得,恩 我想重心學習神經網路了XD",1
這就是正宗賽博嗎！ 太好玩了，好玩到我的眼睛都快閃瞎了我的天,1
特價期間入手，真的還挺好玩的,1
很貼近現實的故事，這類事情即使還未到2077也依然發生，即使科技再如何進步，人類始終還是原始型態,1
我牛子超大,1
感謝Cyberpunk 2077 治好了我的電子陽萎 因為我有賽博雞雞了,1
2.1更新以後才是真正的完全體,1
整體來說我認為非常好玩，從故事劇情設定再到槍械與服飾多樣性。缺點是任務有一點點重複，雖然有不同解法可以完成任務但做久了還是會欠缺一點遊戲性；另一個缺點是任務失敗無法的部分，由於剛買了DLC來玩，在狗命鎮的序章都是無法跳過且沒有傳送點的，而我剛好做完帕南的前置任務再去開狗命鎮，然後就悲劇了 遊戲黨或劇情黨是傾向於推薦的，而巫師3的話…嘿嘿，不好說,1
玩完本傳跟自由幻局，心得是，遺憾，真是遺憾，如果CD project能完成他們當初承諾的2077，不知道會有多好，固然自由幻局，把劇情補強了，結局韻味也是十分足夠，但每每逛著夜城，感受自己是大城市的一份子以及迷茫之後，會被沒有辦法更參與進這個城市拉回現實，遺憾，真的遺憾。,1
內容超級豐富 整體上已經具有高度的遊戲性和樂趣 喜歡科幻風格 自由地圖任務者 會很喜歡 難易程度也剛好,1
第一隻遊戲玩了超過1000小時，是我最喜爰的遊戲 劇情、支線任務，都非常出色 結局後還繼續遊覽夜城、和Judy約會❤ 玩過Cyberpunk 2077後，迷上Cyberpunk風格的藝術和作品,1
很推但對於3D暈的玩家不推薦,1
小孩愛吃 以購買,1
讚讚讚，此生必玩，一起上月球,1
十分好玩，故事和遊戲性都無話可說 可惜首發優化BUG等問題影響了評價 全程第一人稱無cutscene和讀取畫面，人物表情細緻，強烈的代入感 主線和支線都很有意思，玩家有選擇權，還有MOD可以一玩再玩！ 少少遺憾，身在cyberpunk，交通工具卻沒有飛行載具可玩...,1
玩個2077被老維、杰克、李德、強尼輪著掰彎，這下不得不彎了。,1
超神，主線不用說，支線任務也做得超讚，後勁強到不行，DLC更是夭壽猛，有夠希望有續作的啦。,1
雖然自由度並沒有當初說的那麼好，但是整體還是很不錯，尤其是劇情,1
神作！特別是自由幻局DLC 一款令我思考和反思的游戲 也令我愛上了夜之城和電叛駭客！,1
《賽博朋克2077》是一款視覺效果驚艷、劇情深刻的遊戲。它的未來世界設計細緻，角色豐富，讓玩家完全沉浸其中。玩法靈活多樣，無論是戰鬥還是解謎都充滿樂趣，加上精彩的音樂和音效，整體體驗非常震撼。,1
黃富完黃康完,1
組電腦就是為了你希望之後別被DEL人士控制了加油!,1
沉浸感十足,1
好玩到想升級顯卡,1
好玩，沒遇到BUG。,1
劇情蠻有帶入感的，但是玩完了就真的沒了 除非重開一個人物重玩任務 結局有很多種，我還是沒辦法完成所有的結局 這遊戲要全幹最高至少要RTX4070TI,1
重新於今年載回2077 將DLC等重新體驗夜城 當初在剛上市時入手並全破全結局 重返夜城 改動很多 但是示好的感動 好遊戲值得推薦,1
最值得購買的一款遊戲,1
神作無疑 DLC更是將他帶到顛峰 好期待獵戶座的誕生,1
有很好的CYBERPNK的世界觀及故事讓玩家沉浸，喜歡想攻殻機動隊的人絕對會喜歡，當中與NPC坐着對話的方式亦甚有代入感。更新後不見有BUG，CYBERPNK2077已經再生成好玩的遊戲。,1
一個人在電腦前面笑到不行 2077為了節省CPU，一定距離的車子會先消失然後乘客掉在原地，更遠之後NPC才會消失 然後我觸發了一個BUG 就是在賽車的時候引發車禍，導致一群車卡在一起，然後車子消失之後開車的NPC掉在地上 結果過劇情的時候克萊兒開車載我，一邊講著悲傷的故事一邊用巨獸輾過全部留在原地的NPC，然後我的通緝等級瘋狂上漲,1
真正的開放世界游戲,1
解支線解鎖任務載具(X) 死NPC解鎖NPC載具(O) 死多一點，你們的車都是我的XDD,1
城市模擬器可不是說說而已,1
PS4上玩了800小時! 為了次世代版本加DLC再度購買一次! 除了好玩還是好玩,1
小地圖跟屎一樣,1
夜之城的氣氛營造得很好，劇情也足夠賽博龐克,1
61.8個小時玩完一週目 這遊戲內容真的是目前玩到的所有遊戲裡面最豐富的了! 中途甚至覺得支線、委託怎麼越解越多，根本解不完。但是每個故事劇情都不是隨便馬馬虎虎帶過去的，實在是太有趣了! 花了這麼長時間玩完一週目甚至沒有全部的東西都跑完就知道這款絕對值得我再二週目去探索未探索的地方! 雖然我是用原價預購，等到半價才玩，但在這玩完一週目的當下，真的覺得非常值得，很慶幸有接觸到這款神作! 20250831把DLC也全部打完，DLC也是超讚超神超推的劇情，愛頌鳥,1
好玩 捨不得結束,1
"電腦與螢幕等級越高,體驗層次越不同,總之先買再說",1
其實還不錯,1
"4年經過, 仍然是最出色的傑作.",1
打折買了完整版含DLC 1300多元 也太好玩了 未來感的風格 喜歡Cyberpunk的人一定要買 建築燈光很美 可以的話最好升級顯卡到４０７０ｓ以上才可以開啟光追 因為是歐美的審美我個人覺得人物不太好看 特別是預設的髮型好醜 選不出一個喜歡的髮型 臉型勉強可以選出一個好看的 如果可以捏臉跟多一些髮型選擇就好了,1
很常在深夜獨自一人開車閒晃整個夜之城，也習慣了大家稱我為V，對於整個2077來說我覺得有點走不出來，那種空虛感不知道如何表達，你願意當個無名之輩，一輩子安生插著尿管死在床上，還是就算活不到30歲也要名留青史?,1
第一次玩(2020)在飛車戰畫面一片黑以為是劇情演出，後來才知道是BUG，除此之外沒有遇到其他惡性bug 劇情演出實在是有夠優秀 後來DLC推出後再從頭玩一次，感受到整個翻新的遊戲體驗，感謝波蘭蠢驢沒有放棄這款遊戲 最後再感謝當時這款遊戲督促我去我買到原價的3080,1
好玩到靠杯,1
在數十小時的遊戲過程中 我的電腦影起的數次火災,1
你好，我是大卫，我并没有成为神机错乱者，我还差5000欧元就能购买抑制剂，如果你帮我，我承诺必灭了亚当重锤的狗头，让你与蕾贝卡漫游月球，成为夜之城活着的传奇,1
只能說任務全部都解了甚至3個背景都玩了 體驗完很開心可惜比起巫師3 2077在內容和劇情上都感覺還有很多不完整的地方 非常希望之後還會新增內容!! 非常棒的遊戲,1
我是當初PS4衝首發的玩家 在那時候還特別預購，期待會有當初預告的遊戲內容 但當讀取後的遊戲慘狀真的比車禍還慘 通關一次就封片沒再開過 過了幾年 看大家多數好評 想說趁特價時候又入手 一回來真的很感動，有一種你早該回來了 這一次我很認真感受每一部分的劇情與任務 這才是想像中的Cyberpunk 身為玩家一開始交出未完成品是必須罵的 過了那麼久把遊戲好好補回來，沒有放棄這款佳作是值得鼓勵 但也不代表未來都能靠著宣傳趕工上架，丟給以後再更新補上 玩家都是感受得到的,1
3年前買的時候根本玩不下去，到現在重新打開玩根本停不下來。,1
看完邊緣行者入的，頂中頂,1
買這個就是為了打爆亞當碎骨,1
夜之城鼠輩推薦，必屬精品,1
完美的CDPR 很负责用心 一直在优化改进,1
建议加多一点鸡女动画,1
很好的遊戲 從遊戲性 到劇情 畫面 因為我是dlc上後才買的 沒有遇到之前剛上時一堆bug 遊戲與動畫能互相昇華彼此 好遊戲100/100 唯一小瑕疵是dlc沒辦法像主線一樣同一個檔案體驗其他結局,1
未来科技世界 真好玩,1
steam 顯示不出我的真實遊玩時數 算是bug吧 還有一開始檔案毀損不能存檔 要去檔案的啟動器勾選管理員身份執行 已經玩了40幾小時 很有沉浸感 是說我覺得銀手強尼如果是布萊德彼特會更適合 李維聲音太冷靜了,1
作为睾贵的预购玩家，游戏刚出的时候真是惨不忍睹，但真正开始玩的是更新了很多bug的1.6版本，也很幸运当时玩的是1.6版本； 我的游戏时间定格在一年前；如今再次在朋友的电脑上玩到，感觉1.6版本的一些不错的内容被改掉了，比如可以到外面捡到螳螂刀，单分子线什么的，而现在只能去义体医生那里买，以及手部义体的一些装备，比如装在螳螂刀上面的微型转子变成了整体的一部分，要去义体医生那里才能装，而且不是装在“螳螂刀”的栏目下，并且刀刃插件没有了，取而代之的是四种类型的螳螂刀；不过战斗系统的平衡与警察系统的完善让游戏的沉浸感增加了不少（削武器伤害），部分技能的重做也实在是让人眼前一亮，总而言之是好评，值得一玩。,1
"選了最愛的星星結局, 真的不賴 值得一再遊玩的好遊戲, 細細品味這座夜城",1
太棒了 讓我深深著迷的世界,1
看完動畫後來玩的 爆打BOSS,1
每當我開啟遊戲 就有一種化身成V的感覺 暫時逃離現實的痛苦 到另一個世界去垂死掙扎,1
在DLC自由幻局發布後我才晚大多數玩家一步進入Cyberpunk的世界，首先最讓人驚嘆的是畫面表現，夜城佈滿霓虹光暈的街道完美展示光線追蹤能夠顯著提升遊玩的沉浸感。另外一大量點是養成系統，不同的加點策略能讓玩家運用多樣且風格完全不同的戰鬥流派，你可以成為飛簷走壁手持飛刀的忍者，也能化身駭客藏身陰影殺人於無形，各式流派玩起來都有各自的爽快之處，有興趣的玩家可以參考Youtube的遊玩片段。 體驗到目前為止都很不錯，雖然偶爾有穿模的小bug目前遇到2次，但還不到惡性bug的程度。遊玩12小時才只是開始，等完成主線後會再回來評論劇情。,1
自由幻局剛出時入手的，說是來玩遊戲其實是來玩他的名氣。那時玩的像換皮武俠遊戲，任務開始就是從A走到B，路上NPC關我屁事，砍砍砍、扁扁扁。最後打結局時，甚麼有隱藏結局?條件上網看，做完後繼續砍砍砍扁扁扁亞當。就這樣破台，想說就只是一款中規中矩的開放世界遊戲。 直到最近，被一些解說世界觀的影片勾起再次玩的慾望。我載了回來，慢慢品味這個夜城。對話一句一句的看，順便觀察CDPR做的細膩表情變化，選擇一些根本和任務無關的選項，了解每個人的目的、苦衷、甚至解鎖隱藏選項。CDPR在帶入感上真的令我感受到，夜城是會吃人的，而且是吃得一乾二淨。不論你是街頭混混還是市長，不論你是插著尿管的無名小卒還是轟炸荒版大樓的銀手。 我當V不是來體驗主線的，而是來體驗夜城。,1
[h3] 無名小卒 還是 青史名留 [/h3] 你要當個凡人淪為企業體制下一枚齒輪苟活一生，還是選擇賭命成為傳奇讓世人傳頌。 所有選擇題，都沒有標準答案，也沒有所謂的完美結局。 [h3] 夜城從來都沒有活著的傳奇 [/h3],1
希望下一作能穩中求進,1
剛出的時候因為 Bug 太多，遊戲內容又低於玩家預期，所以打消了我購買的念頭。但現在 CDPR 幫遊戲更新了很多，修正了大多數的Bug，也新增了一些內容跟玩法，加上後來有即時的光照路徑追蹤，配合 NVIDIA 的 DLSS 3.5，畫面非常好看又能在 RTX 4070 達到平均 90 FPS 的運行情況，這遊戲非常值得玩。,1
如果當初出的時候是現在這個版本就好了,1
操爛亞當碎骨,1
超級好玩的，故事劇情超棒，而且可以打砲和鞭屍,1
好玩一直玩,1
雖然不太喜歡那些有點過火的西方DEI設計，但用MOD應該可以解決，CDPR亦對MOD的製作者友善，遊戲質量在多次更新和MOD的使用下變回可以玩的情況。坦白兩位女角外型都有那種DEI口味爆燈的爛設計，劇情沒有問題，和角色互動也能有投入，但如果把外觀造好一點就更好。上網看到不少人說遊戲很好很好，我同意CP2077已經比當日推出改善了90%，我也花了大量時間遊玩，不過有些明明CDPR可以做好的東西要靠MOD來改善就顯得有點弱了。值得買來玩的，但用MOD會更理想。,1
玩了這麼久，最近終於把成就全解了，也把能看的劇情選項都看了遍 ，看了自己第一次第二次都不會選的選項，各種生不如死的選擇，真的胃痛。 劇情真的很棒 自從上次巫師3讓我著迷以外，就沒這麼入戲過了。 CDPR果然是我劇情大哥 很成功地把每個角色都做得很生動各有各的故事 作為玩家很容易被帶入劇情中對自己所遇到喜歡的角色產生強烈情感，我大somi(我也想上月球，你旁邊還有座位阿TT 城市中的各個角落細節真的很多，除了還是有一些小BUG以外 真的很棒。,1
只能说修复之后这款游戏太棒了！,1
我是2024才玩的所以沒有經歷那些BUG 雖然有時候還是有一些但都是有趣的不是甚麼大事所以我非常推薦,1
"劇情、打鬥和操作流暢的遊戲! 每個結局都玩過,最愛""奔月+星星"" 如果也喜歡""基努·李維""(銀手強尼)的你,一定不要錯過這款好遊戲! 大推XD",1
伏特加加冰 檸檬汁 薑汁汽水 最重要的 再來一點愛 也許你不是夜城的大人物 但你肯定是V的避風港 敬兄弟 傑克威爾斯,1
一開始雖然異常很多，但是後續經過CDPR的不斷修改以後，已經變成一款經典神作，期待後續互動性更好,1
night city真的很漂亮，遊戲優化也很有感，以前只能跑50現在可以到75左右,1
好遊戲，但Bug或優化沒有做好，有強迫電腦重啟的惡性問題。 （電腦是新的，配備良好）,1
長在BUG上的遊戲,1
太少劇情了,1
"大衛,蕾貝卡，我V幫你們報仇雪恨了!",1
超喜欢，，,1
就算有BUG還不玩爆，各種人物特色塑造與不同人生的體驗,1
我覺得這款遊戲的劇情超棒，玩起來真的會讓人完全沉浸在故事裡。角色個性很鮮明，而且每個選擇都會影響後面的發展，讓人玩得很有成就感。,1
趁特價買本傳跟DLC，自己最喜歡跟若惡的太陽結局(本傳)以及聖杯國王結局(DLC)，選這樣的結局之後破關打開換的獎勵會更好玩! 車子機車種類也很多!~最喜歡車子是C開頭的跑車超快! 小缺點:容易小閃退(重開就好)、幻影之舞很麻煩(希望能快轉)、後期耐玩性單一、希望一些對話劇情也能快轉，最後總結有強迫症就看全結局弄出全成就，一邊玩一邊查詢很多資料很有成就感喜悅!劇情美術背景設定也相當不錯!,1
模組很好玩,1
2077做出了我心中對於cyberpunk的想像，其中也不乏小細節，致敬歷史上的相關影視作品。霧濛濛的高聳城市、錯綜複雜的水泥叢林與霓虹，除了前段關於阿傑的故事有些無聊外，其他的種種視覺與美術設計，都能讓玩家快速進入夜城的cyberpunk世界。 十年第一次看了2077預告，就對片中的螳螂手印象頗深。幾年後在大學看了《銀翼殺手1982》、院線的《銀翼殺手2049》便無法自拔地掉入cyberpunk的世界觀。更買了原文的銀翼殺手小說、神經幻術士(這本一直沒看完)，看了《阿基拉》與《攻殼機動隊》系列、《銃夢》電影，在灰暗的電影課看了《大都會》，也看了千禧年之際推出的《大都會》致敬電影，與其他相關的影視作品、分析，嘗試更加理解cyberpunk的根源與精神。 在研究所期間，一部以夜城為藍圖打造的TV動畫，《電馭叛客:邊緣行者》上串流，情緒張力建構以及劇情架構簡單，但十分有效，主題曲更縈繞在心頭一段時間，我稱之為超級好看的直男電影。當時2077也發行了一段時間，但受限於設備、以及當時半完成品的狀態，我遲遲不敢下手，深怕毀掉了第一次踏進夜城的體驗，僅能在網路上看一些不爆大雷的遊玩影片止渴。 出社會後，我告別從前的老舊電腦，組了全新的PC，CDPR也將遊戲修好，我終於走進夜城。 初踏入夜城，整顆心就懸在這迷幻的未來都市上了，《特戰英豪》、《九十六號公路》全部被我拋諸腦後，一心一意只想著強尼銀手，與這充滿霓虹燈的未來都市。遊玩時，我鮮少使用快速傳送，騎上重機，挑個喜歡的電台，在夜城馳騁絕對是一大享受。而遊戲的第一人稱設定，也比我想像的還容易適應，到頭來更是加深沉浸感的重要關鍵，就連使用載具，我也都持續開著第一人稱。 2077的美術無庸置疑的強大，完全就是cyberpunk迷心中構想的世界，擁擠的人群、街邊小販、錯綜複雜的水泥森林、紅燈區，將文化特色與高科技未來融合的日本城、中國城等等，更少不了各種財閥極度擴張的誇張權息投影廣告。我也看過一片橘紅，彷彿《銀翼殺手2049》的場景，也看過傾盆大雨中濕漉漉的夜城。其中某一神機錯亂任務，的九龍城寨場景、有軍銜的短髮女性，隱晦地致敬了《攻殼機動隊》的草薙素子。除了城市以外，一望無際的沙漠惡地，更是擁擠城市的逃生口，飆起車來令人心曠神怡。 配樂上也很完美，與《巫師三》相同，2077幾首標誌性的樂曲，都可以一把將玩家從現實世界，再次拉回夜城。 不談cyberpunk的核心精神，至少在形式上，2077無人能及。 遊戲的路人設計有些可惜，雖然有些會是有意義的NPC，但大部分都是完全沒有意義的擺設，並不能有進一步的互動。甚至路人看到開槍的V與《巫師三》看見傑洛特揮刀的反應並無二致，看看《碧血狂殺二》那才是有生命、有故事的路人。2077的場景設計也有同樣問題，雖然精細，但僅限於表層，大多時候也都是擺設，並沒有可互動之處，最多就是攻擊後會直接爆掉的可破壞物件罷了。甚至在最開始的任務中，坐在身旁的NPC啃了半天的漢堡都還是一樣大。 再來，有些人批評2077對於反烏托邦等的cyberpunk核心精神討論的不夠多，可CDPR不過是將這些特質給了強尼，使他更有鮮明的性格，控訴反烏托邦世界的不公。不過強尼的語調總是充滿憤恨、嘲諷，再加上本身搖滾巨星的上層階級標籤，可能因此讓玩家覺得不夠具有說服力。 遊玩過程中有個和尚模樣的NPC帶我冥想，一進幻舞，他就開始滿嘴的土元素、大地之母、創造一切的生靈這種屁話，有點被噁心到了，沒想到會有這種文化挪用和東方主義。這哪是和尚，是《降世神通》吧?至於遊玩時間也比我預期中短了些，也比《巫師三》短，盼望下一代根基於這次的開發基礎，可以延長遊戲時數。 最後，初次破台以女V拿到了與Judy在豪宅中醒來的太陽結局，後來上太空搶劫水晶宮的場景，實在令人瞠目結舌。雖然不是最滿意的星星，但也還可以了，成為傳奇的V，了結了Jackie的心願。,1
自由度高的開放世界遊戲，越玩越上頭,1
來自時隔四年的評論，希望CDPR能記起教訓，餅別畫太大，雖然還有很多跳票的地方，但可以了，希望下一款巫師別再端出半成品,1
差點因為拍照而玩不完這款遊戲，但強尼告訴我該結束了。 我說真的，他一直在我腦子裡靠北什麼時候跑主線。,1
至少要活到2077年，才能驗證那一年是否那麼多BUG,1
太棒了 劇情的節奏以及對話跟分鏡都讓我很有看電影的感覺，舒服，第一次在STEAM上留言推薦,1
撇開bug 容量大 遊戲內的劇情 音樂 整個世界觀 嗯嗯嗯嗯嗯 高潮了 頂級阿,1
光影效果很好，4060帶的動光追跟路徑追蹤,1
還可以不過比較吃幀數 我RTX4060筆電 沒設定前只能跑到40 50幀,1
武士刀 真的好強,1
整體故事深深打動我的內心 剛玩完 覺得還是蠻可惜的 結局沒有到很完美 也很可惜頌鳥沒有接續的消息了 因為 這也是我這人生中第一次把人送向月球 一個充滿遙遠及未知的地方 我自己也擔心未來發展的樣貌 我也畏懼像外太空這種充滿神祕的地方 我會玩這款遊戲 也是因為我蠻想體驗看看在夜城的感覺 雖然說電腦一開始有點跑不動 但後來把光追關了就跑得蠻順的 那首電馭叛客的主題曲也做得很好聽 搭配這麼一個遊戲環境 我覺得真的是太美妙了! 可惜 多麼希望之後會出二代.. 總之 我還是很喜歡這款遊戲 雖然說有一些bug 但場景的部分還是做得很好,1
有了DLC就是新遊戲 超讚,1
剛開始遊戲時很多BUG，在後續更新後慢慢改善。 特別是在配合開發模組之後的遊玩體驗更上一等。,1
還不錯，但有時候會當掉,1
贏愛派克斯,1
DLC比較好玩,1
很不錯的游戲，這座夜之城值得讓人花時間去停留 欣賞它的細節與風景更難忘體驗在這座城為打破公司統治的世界 以我殘軀化烈火,1
因為很喜歡CDPR的巫師3而入手這款遊戲，真的開始玩已經是BUG都修好、重回神作的時候 也真的不負期待，劇情、任務、腳色都非常喜歡 每個任務都很有趣，讓夜城變得更豐滿立體，彷彿城市裡所有人都是在醉生夢死、掙扎求生 即使一年後的現在寫評論還是對好幾個任務印象深刻(尤其是市長那個) 腳色部分的支線劇情也寫得不錯，大河、茱蒂都超辣(而且還可以打炮、讚讚) 強尼更是有趣到不行，超喜歡看他和V互嘴，形象還是基努李維超帥 也因為跟這些腳色經歷了許多任務，義無反顧，結局的時候更不捨、更能帶入 之後等特價再來入手自由幻局,1
撇除一些重新讀檔即可解決的小BUG，這是我玩過最頂的遊戲，我第一次玩不是H GAME的遊戲玩到勃起，每次關掉遊戲都要先看A片尻一槍才能平復，玩到結局我甚至邊玩邊尻槍，你問我甚麼叫神作 ? 這他媽就是神作。,1
才发现一直没给2077写过评论/ 这才打完往日之影 多的不说了 最后结局选择无论如何要送百灵鸟上月球 首先是因为 她是起因 核心是因为受到边缘行者的影响 我必须送“她”去月球 不能再有遗憾了.,1
很棒的遊戲 值得推薦的一款佳作,1
劇情唔錯but優化好垃圾,1
企業開局： 哈哈我是荒坂的人，你們這些賤民都躲著點 五分鐘後： 抱歉，你的企業體驗卡已經到期,1
[h2]推[/h2] [h3]劇情豐富、角色塑造立體[/h3] 主線支線大大小小任務超多，透過這些事件和委託，你會慢慢認識各個角色，以及夜城的各種背景設定。 劇情對話時就像在和活生生的人互動一樣，不會覺得厭煩想要跳過。 任務也有各種體驗，蒐集線索、套話、潛入、戰鬥、偷車、打擊犯罪…… 賽博龐克背景下新穎有趣的設定也帶來加分：像是植入物改裝、幻智之舞、竄駛網、各種科技公司等等。 [h3]開放世界，但探索性較低[/h3] 雖然是開放世界但真正能探索互動的地方偏少，主要還是靠任務以及劇情推進。 但城市場景真的做的很棒，能有一定的沉浸感，有時還因此跑圖會選擇自己開/騎車欣賞風景而非快速傳送。 推薦連DLC自由幻局一起買，主線破玩了還意猶未盡啊，加上DLC玩起來真的超過癮。,1
挺好玩的 就是碰到了幾十次的閃退以外都還不錯,1
非常好遊戲,1
重新定義遊戲,1
希望有更多dlc和主線,1
2022年買的，今天才破關。 先說我沒有上網查任務攻略，所以沒被爆雷過；今天剛破完主線，憑著自己的偏好和直覺順順的走下去， 第一次的結局竟然是惡魔結局，這根本恐怖遊戲呀，怎麼玩到後面像是個神經病一樣被關起來，而且 無從客觀認知到底自己自主意識是被操控，還是早就被數位化成資料，在跑實驗?一切看到的畫面、問話，是不是只是數字推砌出來的資料?越重新跑醫生要求的認知測驗越毛呀!明明一開始要反抗荒版，怎麼最後合理地跟華子BOSS站在一起反攻?最像反派的BOSS兒子，失敗後跪倒在姐姐前面，直到最後病房的新聞上才知道他被老爸當成容器轉生，原來他才是反抗體制的人，然後我V才是背叛原則、背叛所有包含自己的那個惡魔!,1
超級好玩，玩到主線、支線全都破關後還一直捨不得離開，只希望一直在2077的世界中沈淪。共玩了318.6小時。,1
主線劇情十分引人入勝 戰鬥系統多元 每個角色都很有魅力,1
目前还没遇到bug过，剧情还可以，结局意难平,1
也許一輩子都沒有機會看到我所期待的夜城吧(；′⌒`),1
好玩爱玩 特别是黄色,1
偉大，毋需多言 但神作終將止步於此。,1
Cyberpunk 2077 由眾多款3A大作排到靠後位置才玩， 想不到到有警喜，更想不到這遊戲拿了全成就 (對比其他相對較容易) 故事一開始比較難代入，但了解到故事背景就更加投入！ 本篇及自由幻局DLC有完美連接，畫面質素接近完美，戰鬥系統很好！ 但故事主角對世界的整體走勢無大影響， 支線跟委託任務跟支線人物本身沒太大關係，有點空虛不夠完滿 再見了Ｖ同銀手，再見了夜之城！ 結局最喜歡隱藏結局後太陽>星星>其他 再期待一下會不會出續集吧！ 目前玩過最好結局 對馬戰鬼>柏德之門3＞碧血狂殺2＞2077,1
這個好評是替動畫給的，至於遊戲跟CDPR本社 只能說祝你幸福,1
昨天晚上，我在7-11買晚餐 進去沒多久，突然有一個人很用力的拍我的肩膀 我回頭一看，拍我肩膀的那個女生說：「沒事，認錯人了」 我看得出來，她的表情有些驚訝，還在偷笑 我不理她，並且拿了一包樂事跟一瓶牛奶多多 結帳的時候，我餘光看到那個人回到座位區，跟坐她旁邊的人說： 「欸他真的是那個金冬天的男朋友欸」,1
喜歡玩人獸的可以過來，很快更新了😰😱,1
這是我最愛的遊戲,1
我們永不逝去!!!!,1
真的好想待在你家裡,1
很棒的遊戲啊,1
玩就对了 对电脑要求高一点,1
又有多少人當初看完動漫才回來玩得真挺棒,1
帕娜的大桃子!!!! 好想舔!!!,1
dlc救了這遊戲 我愛頌鳥,1
這遊戲太棒了,1
有點吃到GTA或是bethesda口水的感覺，但仍是非常棒的作品,1
暴力美學 滿滿的畫面衝擊,1
非常好故事設定，非常好角色扮演，可以讓人徹底融入這個使盡吃奶的力氣都只能苟延殘喘的賽博龐克世界。 撇除最初對標GTA最後縮水的部分，這個遊戲跟dlc還是很值得入手的，多結局、多支線以及支線故事，但請注意，在賽博龐克的世界裡，所有人都必須盡最大的努力活著，即便如此拼命了最後得到的也不會是快樂大結局，因為，這就是賽博龐克。,1
如果看本體+DLC+邊緣行者，這款遊戲算是完整而且優秀的3A大作。在我心中它已經能媲美《艾爾登法環》了。,1
劇情豐富，戰鬥方式多元，DLC量足但結局讓人不是很暢快，但整體還是好評,1
早上好，傳奇,1
這款遊戲的現況值得一個好評 感謝CDPROJEKT沒有放棄這款遊戲，DLC的結局儘管不盡人意，但他仍然給了V一個結束的終章,1
很好的賽博朋克使我的心臟跳動,1
這邊我建議對的事情要一直做 一定要請更多某公司的員工加入 畢竟現在才一個 未來一定要請更多個 一定要好好的展現你們的頂尖劇情和頂尖美術 告訴全世界你們的頂尖眼光 把那些反對的都肅清 那些人都是不入流的下等人 你們和育碧就是史上最前衛有想法的公司 一定要把你們的頂尖想法傳到世界各地 以前讓玩家過得太舒服了 是時候好好幫他們上課 讓全人類都知道這些頂層想法 拯救人類指日可待 人類萬歲 忠 誠!,1
游戏还是挺好玩的，不同加点不同流派爽点确实不一样。问题只给一次洗点机会就很难受了。 另外就是BUG是真的多，次次更新此次新。现在我连帕南给的守望都上不了墙了。虽然不太影响游戏体验。。。 总结来说150内是不亏的（DLC另算）,1
那麼多年過去了 依然覺得他很神 值得一個推薦,1
去你的傻逼牛子精灵 摸你他你妈个逼的猫 买不起骚逼头像就充钱啊 天天网上乞讨 劳资是来玩游戏，看评论，游戏介绍，找攻略的。 而不是一点评论进来，就是你们这群脑X 随便一个游戏都是养你妈猫 牛你妈精灵,1
我只能說 讚,1
不錯玩 但是有些地方會有BUG 重開遊戲後就沒事了,1
我想要拿幻智之舞看片.,1
我真的很喜歡這個遊戲,1
"無劇透 新的2.0版本的戰鬥系統絕對比初版好很多 我是2024玩的 遊戲沒有像剛發售的時候Bug一堆的問題 接下來是遊玩心得 我覺得這帶入感非常強 遊戲內容中的一切氛圍 以及和各種人物的對話都很像美劇 電影中的那種感覺 讓我覺得好像來到了美國 每個角色都有自己的個性 自己的想法 但這只僅限於任務中還有各種風景 ""開放世界""這點 還是不及偉大的Fallout跟上古捲軸 還有碧血狂殺 如果沒有接任務 隨便走在路上 不會有任何突發事件 沒有特別NPC可以對話 會感覺到這只是個""開放地圖""這個世界是死的 但這也是雞蛋裡挑骨頭了。 再來是DLC的部分 我感覺不到任何敷衍的成分 內容還是非常完整的 絕對值那個價錢 他DLC是夾在本體劇情 結局的那個任務之間的故事 結局任務名稱""夜曲OP55N1"" 一定要買 絕對值得。 再來是動畫片 看了動畫的那種感覺 一定能在遊戲中找到 或是玩了遊戲也一定要去看動畫片 叫邊緣行者 本體加DLC大約在150小時以上 如果你狠喜歡這種科技未來風格 這遊戲一定很適合你",1
好玩 就是結尾有點潦草,1
值得一玩 但後期有點失望,1
幹真的很讚,1
剛開始第一人稱不太習慣，後來就沒是ㄌ 喜歡巫師3的也依定會喜歡這款!!,1
感覺真的很一般，不如巫師三,1
比打手槍還爽,1
繼巫師三後，已經沒有遊戲能讓我這麼沉浸了，這就是CD PROJEKT RED的實力，遊戲雖少，但必出精品。 雖說一開始bug情況很糟糕，甚至我也一度懷疑當時預購是不是錯信了他們，但我當時還是看好他，認為他會把遊戲修好，最後果然沒讓我失望，中間因緣際會都沒有去玩這款遊戲，直到前一陣子遊戲荒時朋友提起，你買2077都沒玩，不是很浪費，於是我決定把我生活僅剩的瑣碎時間賭下去，結果我賭對了。 我無法用言語形容這款遊戲帶給我影響，你可透過遊戲，檢視你的個性跟為人，也可以順便看出做出什麼決定對後續影響有什麼，我就透過了2077去頓悟了我人生很多事情，光是自由幻局這四個字就讓我看破太多事情了，我們認為的自由，其實不是真正的自由，那都只是幻影罷了，然而大家還是一直再追逐它，很多時候對你真正最寶貴的東西，就在你追逐中失去了，所以還是好好把握當下吧。 人生真正大起大落過才能玩懂這遊戲，也許這也是為什麼前一陣子我才能玩到2077，期待巫師:Polaris(巫師4)跟Cyberpunk Orion(Cyberpunk 2077續作)能再次打動我，各位我們續作見。,1
在CDPR的縫縫補補過後，這塊擦屁布總算是變成了一件高級禮服了。(當然許多細碎的BUG還是隨處可見) 高完整度的戰鬥系統能衍生出的玩法特色十足，研究流派的過程總是充滿新奇。 再來優秀的敘事手法與劇情能讓玩家的情緒隨著冒險的各項事件跌宕起伏，探索眾多支線既能補足世界觀的資訊又能更深入理解角色的過往與糾結(約書亞的任務屬實令人難忘)。 任務結束後的情緒總久久不能平復，為失去的人感到惋惜、為誤入歧途感到迷惘、為空虛的傳奇之名趕到憤怒、為一絲希望感到欣喜。 這款遊戲已在我內心的某一處成為經典。,1
個人遊玩心得 有還不錯的劇情，第一人稱視角操作起來感覺偏差 要遊玩很長時間才能適應 總評分8/10,1
"豐富的劇情,好玩的破圖BUG",1
太好玩了!!,1
什麼叫做劇本的細膩，這就是細膩，完全沉浸,1
沒啥好說的，超讚，真的好玩,1
damn! 忘記存檔,1
一定要買完全版！ Dlc非常精彩,1
終於又能繼續玩了我好感動,1
2024年才開始玩2077，目前30小時，確實非常好玩，遊戲內容也很豐富，故事劇情及世界背景真的是非常不錯，很值得一玩的遊戲!!,1
遊戲射擊體驗不錯 擁有獨特的速駭及改裝外置物的體驗 車輛外觀造型不錯 駕駛體驗簡直猶如垃圾 所有結局都是sad ending 有點失望 總括來說遊戲體驗是不錯的,1
24年开始玩，现在 bug 比较少了，感觉挺好的,1
自從2020年後等來的完整遊戲,1
V，像那煙火一樣，閃瞬即逝，如此的美麗，卻只綻放了短短的瞬間。 V，可以說就是我們玩家在賽博龐克的化身，讓我們在一個又一個的選擇中掙扎。 夜城，一個看似華麗冷漠但充滿各種人情世故的地方，而我們，V，可能要在這裡成就些什麼。,1
現在這版本已經是款對得起價錢的作品了 但畢竟遊戲已經出了一段時間，打折再買比較好,1
good 光是可以全裸就贏很多遊戲了，隨然僅限於角色介面，退出介面後系統還是會強制幫你穿內褲，這點真的美中不足，然後出乎意料地吃性能，12600K 3070 32GB 2K特效全開最高沒開DLSS跟光追OFF，不想為了張數去犧牲畫面（除非真的沒得選），50~60FPS真的是出乎意料不至於到對遊玩有很大影響，也就不多做計較了，然後要是可以不用使用MOD，就能做到徹底連內褲都沒穿我絕對給讚給到爆，有還有就是不要只有一種視角，沒有去設定特別查看所以不知道是否只有第一人稱行走時，希望可以行走時可以第一人稱跟第三人稱視角隨時切換，若設定真有辦法調整小的我會再做修改評論免得誤導別人,1
真的很愛這款，謝謝!,1
[h1]【專門寫給中文區玩家的評論】 [b]直接說結論，打折再買 [h3]1. 完整的劇情，不完整的世界 : 如果你是看了電馭叛客2077決定要來買遊戲的朋友，我想你可能會有點失望，遊戲內容雖然看似豐富，能產生有趣互動的事物卻在少數，感受不到夜城是活著的。 [h3]2. 成功的動作設計，失敗的反饋機制 : 你能做出的酷炫動作不少，但反饋機制的設計卻不完整，角色強度的成長曲線大概從劇情中期就開始疲軟，這個時候的你已經強到無人能敵，升級的邊際效益極低，就算擊敗了遊戲裡最強的NCPD也沒有特殊獎勵。再加上地圖各處的探索獎勵都不怎麼好，會讓人失去遊玩的動力。 [h3]結論 : 總的來說，這是一個前期非常有趣的遊戲，豐富的劇情跟支線會稍微填補上述的問題，我最喜歡做的事，就是開車、騎車在夜城裡亂晃，搭配上電台的歌曲，是很不錯的放鬆活動。場外也有許多熱心玩家製作的MOD補足了本體的不足，但畢竟不是官方內容，多少還是會有點遺憾。總之，希望買了遊戲的你能享有良好的體驗，祝你在夜城玩得愉快。,1
之前玩過巫師3愛上這間公司，不過剛上市時爭議不斷，我是等到2.12版入坑，搭配上MOD遊玩起來體驗很棒，一開始不太適應第一人稱，但後來沉浸在遊戲世界後反而覺得第一人稱挺好，基本上喜歡劇情的玩家很適合入手這款遊戲!,1
劇情超短 17hr主線就打完 角色感情超廉價 女角做幾個任務就開始打炮 很多劇情選擇都沒意義 只有NPC對話會改變 結果幾乎都沒差多少 唯一的優點是可以肛男妓 原本要用MOD把bug成就補回來 結果按一下直接全成就了,1
一個會永遠刻在我心裡的好遊戲 (ノAヽ) 02062024 - 全成就達成,1
啟發神作+1,1
剧情很不错，画质很好,1
精神時光屋,1
很期待能跟遊戲中的伴侶有更多互動 建議遊戲公司可以在未來遊戲多出特定伴侶DLC 能與伴侶有更多互動選項 還有屋內裝飾選項,1
我已經把這款遊戲當作畫質比較好一點的GTA SA了，雖然GTA SA BUG沒有這麼多，也沒這麼多NPC，趣味性也沒這麼高，但這樣想比較不會失望，讓我心理好受一點 再重新玩一遍，好像有新的感受了，可能拿RDR2比有點不太好，但基本上已經挺不錯了，劇情也很用心在設計,1
好玩一直玩,1
和歌子的白虎太好用了,1
玩了很久才第一次評論 CD PROJEKT RED 他們家的遊戲從巫師1就開始一論跟隨到了現在的2077 2077整體的娛樂性真的很高了 巨大的開放世界也到處藏有一些小彩蛋 更加完善的戰鬥系統 路AI等等 是非常值得遊玩的一款遊戲 主線部分步調跟劇情上不是很完美 給人的衝擊也不夠強悍 但在DLC往日之影可以說補足了這一切 從電馭BUG到現在成型 真的是還好有波蘭蠢驢的堅持 才能好好體驗一把前所未有的賽博龐克之旅,1
整個大改之後完全沉迷在CP77的世界裡，原一刷GOG版約80小時結束，二刷這次看DLC買steam版，發現完蛋了這改版整個超讚!!,1
感覺不如原神,1
你就是那個大名鼎鼎的V吧！,1
"除了很多地方很陰暗殘舊髒外, 好玩",1
大拇指拉 一定是大拇指的辣 我需要點數換那個酷酷的東西,1
我們在絕望的烏煙瘴氣中，追逐著自由的晨曦，吹響著反抗的號角 在燈紅酒綠中，我們舉杯敬「這個」。 在搖曳霓虹下，我們感受彼此的體溫。 所有的傳奇都會消逝，所有的悔恨都會淹沒 夜之城，它又迷人，又醜陋，又自由，又拘束，又快樂，又可悲。 而當你站在公司廣場，抬起頭，你的眼神看穿了公司高樓，你知道自己屬於這裡。 一閃而過的是機會、是愛情、是財富、是權力、是冒險、是激昂............ 也可能是個賽博精神病。,1
太好玩了!,1
景色、光影、食衣住行的細節塑造，都非常細緻,1
Cyberpunk 2077 是個帶入感很強的遊戲，在如此科技細緻的微破敗城市，人性的冷漠與熱忱，只化作心之所往的子彈飛揚，任意行。,1
我整個靈魂被困在裏面,1
夜之城没有活着的传奇,1
"雖然還是會有一些小小的Bug,但跟首發時比起來好太多了，而且自由幻局必買。",1
Cyberpunk 2077 一款發售時壓倒性負評 甚至被稱為Cyberbug 2077的一款糞Game 如今波蘭蠢驢用時間及不斷的更新來救回了這款遊戲 神作 一個當時發售後誰都不可能說出的詞 而如今2024年 將其稱為神作我想絕對不為過 成功的把遊戲救回來 翻拍成動畫 自由幻局DLC 讓這款遊戲徹底蛻變了 醜小鴨變天鵝 我想這句話套在2077身上再適合不過了 有沒有缺點 有 主線劇情太短 而且感覺些許倉促 但依舊無法掩蓋這是個神作的事實 起死回生 波蘭蠢驢真有你的 主線全破 接下來就是繼續補充其他結局的時候了 Cyberpunk 2077 壓倒性好評,1
現在入手超值得讚,1
好 好 好,1
"是喜愛的風格,早早預購並為此遊戲更換新顯卡,初期的確BUG不少,但暇不掩瑜,後期不斷更新修正並推出資料片,改進非常多,故事也說得很好,很喜歡,謝謝遊戲公司沒有放棄,未來會再支持該公司的作品",1
當初上市BUG很多 後續許多更新改善 還額外增加大型更新 一直拿GTAV做比較 本就不是同類型的遊戲 各有特色 給推,1
遊戲真的很好玩 戰鬥爽度很高 另外建議遊戲總監可以順便去感謝一下卡普空和龍族教義2,1
"個人很贊同""不斷修復""以漸漸達到""原本預告""的感覺，有些遊戲開發商啊，就直接捲款跑路啦！ 有些遊戲開發商則是用腳修，越修慘況越多！(平衡方面過於亂七八糟，然後A技能+B技能會產生惡性Bug等等) 總的來說，CDPR的遊戲蠻多都是首發狀況不好，等晚一點就能有""循序漸進""的感受！",1
雖然沒有達到一開始宣傳所承諾的遊戲性，但已經是一款不錯玩的遊戲了,1
CD PROJEKT RED我大哥 角色的故事 一定是大拇指的啦,1
這一杯 敬夜城!,1
我長大想到ARASAKA上班。,1
遊戲內容豐富，戰鬥打起來也都很爽，人物、風景也都不錯，推推!,1
非常好的游戏,1
一個很沉浸的世界，即便偶而會有一些小問題，但在這遊戲大力更新後的現在，可以好好的享受夜城給你的美好。,1
忘了要留好評,1
路過的朋友麻煩順手給個讚..我真的很需要這智障點數來換東西...,1
DLC質量極高！这DLC确实完爆本体，已经是我玩过的3A里最优秀之一了 要大场面有大场面，要深度也有深度，就连角色塑造都好了一大截…… 甚至支綫都十分引人入勝，再對比本體那想讓人跳過的對白演出…… 简直不知道他们之前都乾什麽去了，为什么不早點拿出这种水平 就像是从隔壁游戏公司挖了人重组工作室了一样，甚至感覺有請好萊塢專業劇組來指導和參演… 本來2077剛發售的時候沒有特別關注，只是聽説跳票和發售初期不符合預期而飽受駡名，所以也就一直在觀望。 時至今日口碑反轉了，才趁打折買來玩玩，説實話一開始真的差點沒玩下去，初期的大哥角色挂了讓我很難受，然後劇情對話和BUG也都挺影響體驗的，沒錯，這是發售3年後，2024年我游玩到的所謂“Fixed版本“，90小時的歷程中，遇到的bug依然數不勝數……每個bug我都有截圖留念，已然成爲游戲體驗的一部分…… 其中遇到了一些比較嚴重的bug，印象較深的比如支綫重要NPC被擊斃后導致整個支綫消失什麽的……還有各種影響代入感的bug，NPC或車輛穿模，甚至在DLC的機場還遇到空姐半果上身和模型滿天飛這種bug，過劇情人物和子物件的綁定bug也是時常出現，想象一下在過很嚴肅很沉重的劇情時，面前的人腦門上插著一把槍或是一副墨鏡…… 還有很不爽的是黑夜裏什麽都看不見，明明是“夜之城”我卻像是個夜盲症患者只能游走於白天…… 然而這無數的不滿在DLC的高質量面前瑕不掩瑜 通關半個月了还是没緩過神……尤其是李德这角色塑造太好太讨喜了 愚忠老父亲的矛盾和笨拙……被演繹得淋漓盡致 不愧是專業演员，演技透过3D建模真切的传达过来了 後來特意去玩了另一条百灵鸟线，[spoiler] 最气人的是……上月球前的对峙，我明明瞄的是李德的腿想致残，结果子弹直接弹到胸口机制杀了 真的不想杀他的……但后面一想，他可能也是一心求死，算是让他解脱了 [/spoiler] 最後完結的主題曲也十分應景，很有一部大電影結束的悲壯感，Phantom liberty 和 Delicate weapon 這兩首神曲都出自DLC，已然成爲我的歌單最愛。 現在通關所有結局的我，已然結束了夜之城的旅途，而賽博朋克的道路仍在繼續……,1
超 爆 幹 好 玩,1
我哭了。。。,1
所有的道路，都通向“世界”。 技术与时间吞噬了一切，被物化的人与神，掠夺与给予。但请不要忘记，“我”。 Tower感觉反而是集合了赛博朋克世界最深层内核的结局，即技术对人的异化。公司是堆积在技术义体shell之上的巨物，JS的原则和V的选择则是ghost与这种异化的合作与对抗。 弄丢护身符、镜头拉远的那一刻，我也无法接受那种平庸的自己，JS与V的同一性离开了游戏介质，真正延展附着到了四面墙外“我”的身上。,1
歷時3年半時間，斷斷續續終於通關了。 2.0版本才是真正的Cyberpunk，故事較巫師3短但精彩，戰鬥非常爽快，支線也十分有趣。 若當初推出時就是這樣的質量，必定問鼎GOTY，10/10,1
一個我永遠不會忘記的好遊戲。,1
"非常好玩,畫面精美",1
亞當碎骨你死定了,1
在夜城只有兩種選擇 活的燦爛 死的壯烈或是像雜魚一樣死去 你選那一種?,1
當初剛發售很慘所以我是發售後一年才買來玩得， 以下是我當初給他們家巫師三的評價，現在依然也給一樣的。 玩到[b]糞game[/b]，我一定會給負評， 玩到[b]好game[/b]，我不會給予評價， 玩到[b]神game[/b]，我會特地給好評。 這款缺點應該是沒有new game plus跟技能無法重置這兩個吧。,1
生的伟大，死的光荣,1
"2024完成,除了主線太短以外無可挑剔",1
我的名声将响彻夜之城！！！,1
劇情不錯，人生不完美，遊戲劇情也是 有人覺得所有結局都是壞結局，總有少甚麼 但有得有失的缺憾反而是一種美感，有完美結局傾向的人最好考慮一下 (這裡的是指所有人都活著的那種日本常見式結局) 再來談DLC，一開始會覺得這TM三小每個都超自私 後面剩下，MD人生怎麼可以那麼操蛋 如果我是她，我會怎麼做?奮鬥一搏?安於天命? 最後新增的高塔結局將劇情做了昇華，真是滿滿感慨、遺憾、糾結 最大缺點是車子系統超難控跟音樂很普通沒甚麼記憶點，只有DLC最後的主題曲很棒,1
劇情優秀，遊戲玩法多樣化，沉浸式的遊戲體驗 玩過一次之後就被夜城深深吸引了,1
裝了mod真的變露西了，但臉型還是差一點啊..,1
"好玩,就是和宣傳片沒半毛錢關係",1
愿永不消逝,1
有時間沒理由不玩,1
推薦一定要嘗試要買DLC喔很讚的,1
很好玩 畫質全開3080也能順跑,1
以我残躯化烈火,1
值得買 讚,1
劇情好看，喜歡看劇情，任務也多，不朽武器也不少，第一次破完主線之後可能就要換別的玩法,1
3d暈也是要玩,1
我爲我以前花錢充CF的傻逼行爲感到抱歉,1
五告讚 告五人,1
這是我玩過最沉浸式的遊戲了 還是希望物理系統可以加強,1
"劇情尚可吧,槍枝手感挺好的",1
"推薦再特價時買,原價買有點虧 這遊戲的畫面光影都做得很棒,一進入這遊戲就被這畫面迷住這城市裡逛了5個小 劇情有很有帶入感,細節有很多,每個角色都讓人印象深刻 但這劇情有夠爛尾只有壞結局可選,破完主線只剩空虛感的結局",1
雖然有時候會閃退 但遊戲的世界觀 美術 劇情都非常棒 尤其Judy的支線做的太美了 非常推薦有買的一定要解這條支線,1
賽博龐克 我想要幹機器人,1
支線任務很有趣，代入感很強,1
兩周目玩了 332 小時? 我的時間呢?,1
2077算是我最喜欢的开放世界游戏，在给她爱和大表哥的尝试之下，我以为我不会爱上开放世界。殊不知2077才是我的真爱。,1
推! DLC 劇情也很讚!,1
完全沒什麼好說的，滿分100我給1000,1
挺好玩的，可是相較我近期買的其他遊戲，當機次數實在是多了不少,1
夜成我來了,1
换新电脑后体验的第一款游戏，画质强无敌，而且蠢驴这波非常良心，我只够买了本体，暂时没钱又急于体验dlc的我，随便去网上下载一个dlc补丁，就直接识别出来了，并且还能记录steam成就，迟早补票,1
發售一年多才購買來玩，已經沒什麼嚴重影響遊戲的bug，2.0版本更新後很多東西也優化得很好，要是發售時能有這個水準不至於被罵這麼慘，敢畫大餅就不要急著發售，做好再賣。 角色跟世界觀刻劃的很鮮明和寫實，配合地圖有很強的代入感，大至支線任務的劇情 小至電視節目、廣告、電腦裡的網站、對話紀錄芯片及路邊npc的對話都很有趣，有助於了解這個世界，很不錯的遊戲。(btw看到各種與邊緣行者有關的彩蛋真的很想哭，有看過邊緣行者的一定要去北橡區納骨塔看看2.0新增的彩蛋。,1
可以嫖妓但只有動畫npc還有點醜,1
遊玩過程幾乎不會對角色的演出有突出感 撇除那些跳票的功能，這是一部藝術品,1
steam deck 存檔壞了。還好打完了dlc主線，但玩不到最後一個任務。,1
可玩性神作，剧情神作，就是删减太多了，期待完全的赛博朋克2077,1
謝謝你讓我退款,1
剧情确实不错，但感觉最后的处理有点赶，不过总体而言依旧给力,1
很好玩的神作,1
為了茱蒂重開一支女v玩,1
劇情優秀尤其是DLC， 可惜主線不夠長,1
打磨合格了,1
有甚麼東西跑進了我的眼睛，是眼淚,1
打電子槍戰，品賽博人生。,1
為什麼不能在夜城裸奔？？？,1
我曾被巫師3的成功驚豔到，因此2020年時，我為了支持波蘭蠢驢，買了實體版遊戲跟steam版遊戲，對，你沒看錯，我花了幾千塊買了兩款遊戲，除了收藏外，更是為了支持 但我沒想到，在剛發售的那段時間內，這半成品遊戲會被大家砲轟至體無完膚的地步，但就我個人的遊戲體驗而言，除了主線過短外，我沒有碰上什麼惡性BUG(除了惡名昭彰的垃圾場黑畫面事件外) 結果，現在是2024年的春天，我因為被人推坑邊緣行者後，再把遊戲下載回來，打開後，我發現波蘭蠢驢在這幾年之間，真的有進步，他們願意挽救這個半成品遊戲，雖然沒辦法增加主線的長度，但至少他們願意讓大家重新給他們一次機會 只是，你問我願不願意繼續花大錢支持波蘭蠢驢的下一款遊戲…？我只能說…抱歉，我已經被嚇到了，我大概不會第一時間就衝首發，這個任務就交給勇士去完成了，我還是當個觀望仔看看風向再下手就好…,1
跟以往的巫師一樣讓人沉迷在CYBER PUNK的世界中,1
本傳感覺普普通通，開放式界挺無聊的，可互動內容太少，讓人只想要快速移動。 開車改版之後還是很難開，不知道為什麼。 本篇劇情大概可以60分及格吧？ 但是DLC，大推，非常推，任務內容有趣多樣。 支線劇情會因選項而有不同結果，幾乎所有支線都是。 不管走哪一個結局，都非常衝擊。 DLC給滿分。,1
5折優惠買，超值~,1
b不错希望开启第三人称模式mod切换容易鬼畜XD,1
良心遊戲 謝謝所有工作人員,1
都4年了 有多好大家都知道 懶得編了 補個好評,1
"獨特的美術,優秀的故事,你的一舉一動都會影響劇情跟其它腳色. 遊戲裡想當劍客,剛槍,潛行,科技武器,狙擊或是當賽博巫師都可以 非常優秀的作品 如果你不知道玩什麼就買這個吧",1
看的出來這遊戲是未完成的 太多內容 太大 但我仍然玩了這樣的時常 細細的品味了這款該公司的創舉之作 不得不說 這真是一款精采絕倫 扣人心懸的美劇 從開場到DLC 再到結局 我甚至都有了那種本人是主角的錯覺 人在江湖 身不由己 真的是V與夜城最好的寫照 但論遊戲性(我從頭到尾都是最高難度) 我認為還是差了例如刺客教條 地平線這樣的3A大作一大截 我最納悶的大概就是服裝系統 我坦白講 我幾乎看不到我自己 然後衣服給一堆 捏臉 這樣到底有什麼用處?,1
i5-13600K RTX3060 12G 有時玩到一半仍然會閃退，發生閃退時機都在瀏覽背包物件時 整體上來說推薦特價購入，DLC也推薦在特價購入,1
瘋狂閃退，各種惡性BUG要成日讀檔，全支線攻略只差KERRY任務，因為BUG搞到任務卡死 但 都係好玩 打咗各種MOD之後，狂暴武士刀流殺人如麻 開汽車用第一人稱過曝嚴重(特別點名BADLANDS地區)，搞到我偏愛開BIKE 開車喺夜之城，五光十色嘅廣告、高樓同公路係我最愛 世界觀完整，劇情有趣，各種伏筆同彩蛋多樣 公司狗&Johnny Don't Fear The Reaper New Dawn Fades,1
非常好遊戲，只是玩的時候電腦好像會冒煙，還很燙，不知道是怎麼了,1
啊...賽博龐克,1
我是有玩過PS5跟PS4的版本，又很好奇PC版的玩起來怎麼樣，覺得都好玩但PC版勝在可以安裝許多好玩的模組!!!,1
賽博龐克+開放世界 加上持續的更新 這遊戲已經可以順玩+很少BUG了 比較可惜的是只能單人遊玩這點,1
現在才是正式版本,1
非昌推薦!!,1
雖然和當初畫的大餅相差甚遠，但是這段時間的修修補補也還算有誠意，至少CDPR沒有選擇放棄跑路,1
"不經覺已經180小時,沉浸感十足,選擇主線+DLC結局實在難以決定...絕對建議購買。",1
就很讚的遊戲 自由度很高,1
我付費獲得,1
MOD的設置流程也太麻煩= =,1
dlc讓這遊戲完整,1
我希望路过的朋友都能给我一个免费的赞，我太需要这sb点数换动态头像了,1
對於手殘黨來說是個好上手的遊戲 但玩DLC人要注意要在關鍵分支存檔,1
畫質非常好，劇情不錯,1
為了能和茱迪交往 我把雞巴軋了,1
被扶上牆的爛泥,1
好玩 劇情很豐富 就是對於收集黨的不是很友善 要玩的記得多存檔,1
堅毅不拔團隊實至名歸,1
給你錢 繼續修,1
看邊緣行者入坑 第一次看覺得動畫就是 一般的神作(=近十年最好看的作品) 玩遊戲前30個小時代入感超差 對阿傑也沒什麼感情 覺得強尼不知道在幹啥 後面融入之後才好玩 令人讚譽有加的是 CDPR在劇情選項下真的有下功夫 很少那種擺明只有一種選擇的假決定 很多是真的兩難讓你思考 這是其他遊戲沒有的 戰鬥流派粗略分就有4.5種 可以說是不會無聊 結局也還算多樣化 DLC結尾營造的惆悵感覺更是獨一無二 再回頭看一次動畫 滿滿彩蛋 細節也看明白了 直接從一般的神作變成感動到爆的神作 這遊戲有動畫才完整(10/10) 缺點 掉地上的武器很難找看得很痛苦 亞當實在太弱還不如黑拳王 選了女V才發現老婆是直的 獨特武器竟然不能全收集 總之就是一些強迫症的吹毛求疵,1
就好像看了一場電影 做了一場夢 謝謝2077製作團隊 謝謝強尼跟V 這場冒險我永遠會記得,1
真的很好玩劇情也不錯,1
md狠狠代入主线剧情了😭,1
我的V選擇相信强尼，成爲了來生的傳奇。故事寫得真的很棒，多種選項走向不同的結局。感謝一路陪我走來的V，如果再給我一次機會，我會選擇給我的朱迪打電話和殺掉漩渦幫的老大。,1
"[h3] 打完恶魔和星星结局,确实是个好游戏,但是 [/h3] [h1] 你说得对,但是《赛博朋克2077》程序挂了! [/h1] 6/4/2025 又看了一遍邊緣行者,有時間一定要把游戲下回來再錘幾遍亞當重錘",1
鄉親父老都推我玩這個遊戲，自從玩了2077整個人都神機氣爽多了，考試都用幻智作弊拿100分，認識茱蒂後女朋友也不交了，謝謝你2077,1
夜城我的愛 茱蒂我的菜 ! ! ! (百合好甜),1
幻舞沒出不開心，但整體都非常愛,1
憋了三年，時間來到了2024，這時的2077，體驗極佳 CDPR教會我一件事，3A大作的v2.0才是正式版，千萬別衝首發。即使有些作品沒有BUG問題，也可能在很久之後的更新才把一些體驗更好的便民功能加進去，因爲最初它們就是故意要拖住你的休閒時光來增加熱度...,1
"劇情非常豐富且流暢,很好玩!",1
他媽的好玩 我是最新版本玩家,1
馬的優化有夠爛,1
有支援p5手把的自適應板機跟震動，整體玩起來很舒服,1
cdpr出品 不管事世界觀還是劇情都絕對能稱作3A大作 我本身在PS4剛發售時就以入手 PC是最近才開始體驗 PS4停止更新後他們還是不斷的把遊戲補完想把當初所承諾的事項還給玩家，不斷更新的遊戲性，新增的彩蛋及內容 真的值得支持,1
在赛博题材的游戏中，剧情战斗演出甚至是地图都是毫无疑问最优秀的。唯一可惜的是BUG五花八门，没完没了,1
非常值得好好探索和擴展的世界觀，故事未完待續。,1
已經記不清楚我重玩了多少次，可玩性與遊戲性已經是作弊等級的了，這就是一款完美的遊戲該有的樣子吧。 10/10，請收下我的膝蓋🦵,1
不用多言，一開始缺陷，後來越來越好的Cyber龐克作品。 夜城這座大城市超讚，在遊戲史上必有一席之地。,1
遊戲性很好,1
DLC的痛大家都得體會一下,1
還可以 玩男角動作甲到不行 害我受不了開新檔改玩女角,1
完美的沉浸式劇情體驗，還有無與倫比的夜城視界，電腦能特效能全開高加光追，體驗會大不相同。自由幻局不管是主線劇情、支線、委託的內容水準都更大提升(本傳已經夠棒了),1
''你才是真正的大人物，杰克。'',1
舊存檔不能叫車出來......50等車全買了----殘念(已恢復正常),1
神作 如今的2077 + DLC 完美呈現了蠢驢極佳的敘事手法以及扣人心弦的劇情 第一人稱壓倒性的臨場感 DLC情節更勝本篇劇情 推薦必玩!!!,1
感謝強尼在年假期間陪我一起炸了荒坂塔。,1
修好了 太好了,1
畫質好 目前劇情好 但現在遊戲打不開了 等打開了再回來改,1
我都用女角但是老二給最大的那個,1
"非常好玩, 雖然有3D暈的狀況, 目前正嘗試在效果上做些調整",1
我親愛的小茱茱,1
還是有穿牆BUG存在，不過整體遊玩度還不錯,1
在2.0大耕後我的電腦就跑不動了，之前的版本還行,1
本來聽說有很多BUG不敢玩，後來得知有修正了又正好特價，趕快買來玩看看，比想像中有趣、劇情也很棒哦！不管是主線任務還是支線任務，都挺有趣的，推薦！,1
超好玩 最喜歡一個人沉靜的遊戲，故事帶入感很強。,1
我是2.1版本才遊玩的。有PC前就一直想玩但因為優化一直沒下手直到版本更新才購入，一下載好直接玩了9小時，一心只想破完主線，卻忽視了其他支線內容，我十分後悔因為主線實在太TM刀了...這是款能使我完全帶入遊戲世界觀的佳作，希望有生之年能玩到續作吧! 加油阿~CD porject,1
醜話說在前面，依然有BUG，但不太影響遊玩體驗，最多重新開啟遊戲即可。 大多是穿模等問題，只遇過一次無法進行遊戲的卡頓。 但如此龐大跟高自由選擇度的cyberpunk世界觀，及極其優秀的文本品質和議題深度絕對值得好好遊玩。,1
玩就對了!,1
狗命陣裏頭 近戰夯了無人機一下 立馬被高科技躍傳到近3公里外....... 真的是2077 黑科技到處都是!,1
"本人是由Patch 1.6開始玩的, 中間也遇到一點Bug, 還好的是,不太影響劇情推進. 遊戲世界觀很吸引我, 有時候一玩就停不了. 我把所有結局都玩過一篇, 特別喜歡DLC裡的結局, 在這裡就不劇透大家. 但十分建議全結局都看一看, 絶對大開眼界. Cyberpunk 2077值得入手!",1
反反覆覆400小時，是時候該走出來了...,1
越玩越氣，氣為何要買星空,1
好多內容可以玩，玩不完根本玩不完,1
我可以一直把人肢解 打爛 還可以讓人當機在極致的痛苦中死掉 超好笑,1
喜歡角色塑造，Path Tracing畫面很美,1
我是當年預購的玩家，加上GOG我已經玩了180小時了，真的非常喜歡這遊戲，完全不會後悔預購，加上2.0跟DLC又把這遊戲提升到新的高度，強烈推薦!!!,1
DLC回來˙ 發現改了很多 2077現在才是完全體 好遊戲,1
2024/1/20========================= 只值得特價入手。 整體體驗被畫大餅跟實際呈現出來的內容搞砸，變成實際上是硬體測試軟體而非遊戲的感覺，劇情也是普普甚至抑鬱，過幾年就不會有記憶點。 遊戲性不如育碧遊戲 代入感不如大鏢客 探索樂趣不如曠野之息 分數:70/100 2025/9/9================ 隨著版本更新穩定度跟可玩性有增加，DLC狗命鎮劇情敘事也是一貫的優良。有大概80分水準,1
"毫無疑問的好遊戲相當好玩, 真要說有什麼大缺點就是經歷長達四年的修補才讓2077成為完全體真的是太漫長了",1
往日之影的故事真的比本體還精采,1
2.3 現在很不錯，算是可以遊玩。 不過如果沉浸內容更多，例如飲食動畫更多，人與人互動更多，工作等等的 更有趣,1
由當初滿滿是Bug的遊戲，到現在幾經修改的2.1版，加上好評如潮的動畫外傳《邊緣行者》和DLC《自由幻局》，製作組的誠意成功令我掉下了這個坑。 玩完後我感覺這的確是個好遊戲(儘管還是有不少的小Bug)，稍微有點遺憾的就是主線和支線都有很多可以深入的地方沒說下去，而且故事的時間線有點不合理……這堆任務和DLC以故事中的死亡時限來說根本做不完吧XD 總統脫離狗命鎮的任務沒有做出來也有點可惜，明明總統性命是韓森的目標卻被輕易帶過去了。 另外這個世界觀呈現出來的東西，有時遊戲內的演出卻跟不上腳步，2077明明是個大部份人都會植入改造物的世界，但一些大人物(高官、企業高層、幫派或特務)卻死得很隨便，像三郎和李德就是個明顯的例子。 很多時候主角和NPC在戰鬥時就像怪物一般強，但在劇情演出時的戰鬥卻像是普通人一樣中了一發子彈就倒(爆頭的話也算了，但中身體也是一發死掉……)，又或者會被一些小障礙物或地形小問題難倒，這一點倒是和Final Fantasy之類的遊戲相反，那邊是劇情演出比玩家實際操控時華麗得多了XD 聽說下一作現正開發中。 希望到時的新作主角可以對世界做成更多的影響，例如把某些幫派或企業的人殺得多的話會對勢力平衡造成影響，又或者削弱某些勢力後會影響後續任務之類的……有時明明都是能殺進荒坂大廈的人了，等級和知名度也是滿級，但在一些支線上卻像是個小人物一樣。 而且可以的話希望續作可以有同伴又或者部下系統可以共同戰鬥，又或者可以建立自己的企業、幫派或反抗勢力等去建立基地和派遣去不同的地方去幫助主角或協助劇情發展。 像2077的V就經常在滿是陌生人甚至敵人的地盤內插別人給的晶片和BD幻舞…… 正常來說這種事應該是在安全的地方做的吧？個人認為至少也應該要有同伴陪伴或部下在場把守才行。 不好意思，寫完才發現看起來好像一堆批評…… 其實我本來沒有這個意思的，個人是滿喜歡這遊戲和它的世界觀的，只是希望它能夠變得更好……啊，這句也像是批評呢(笑) 又或者該說，是我希望這遊戲能夠擁有或我想要的東西？只是我希望製作組能把這一些給加進去也說不定。 總之期待下一套的Cyberpunk，謝謝製作組帶給我這麼愉快的作品=w=b+,1
沒那麼好玩，但開了就不容易關了,1
兩個字，超級好玩,1
為了這款遊戲買了4090 畫面沉浸感真的沒話說,1
治好了我的电子ed,1
新手期過了之後 根本停不下來 我都是電腦打開之後 就一路玩到睡覺前,1
我覺得很好玩，就是這樣,1
超讚的遊戲,1
夜城，你的第二人生。,1
媽的狗幹好玩,1
很好游戏，使女V的牛子旋转,1
"喜歡玩GTA系列遊戲的可以來玩,百分百滿足",1
"玩了那麼多版本 2077 真的是越改越好玩 , 越玩越有意思 ! 從剛開始的主體劇情 ! 豐富的劇情 內容 真的玩到一個不行 雖然很多內容還是被去除了 ! 但這還是一套好遊戲 ! 之後玩了 DLC 劇情帶入感更棒! 雖然有些結局讓我感覺很可惜 ! 但 既然都看到這留言了 你這遊戲還不買來玩 !!!!!",1
重當重錘已經死了 大衛 麗貝卡 露西，你看到了嗎,1
"劇情很好, 戰鬥方面就不評價, 本人對戰鬥沒有太大興趣, 只開了簡單模式 (我是菜狗 本來很早買了, 但是最終壓箱底了, 之後因為入坑了cyberpunk red (是trpg系統 所以才玩cyberpunk ２０７７ trpg職業選的netrunner, 遊戲中也是netrunner 最後沒有失望, 劇情一流, 速駭模式很有新鮮感也很爽 可惜沒有大團圓結局qwq 很深刻的兩句話— 在夜城沒有活著的傳奇。 你想成為一夜傳奇還是無名小卒？ ------------------------------------------- 隨便說說感想 因為本人是混亂善良 我演繹的v也是中央空調老好人 不會盲從命令 殺自己想殺的人 救自己想救的人 最後的選擇也不想連累身邊重要的人 選擇自己跟強尼攻入荒板 反正都要死 在死前華麗地大鬧一場 個人感覺最後沒有大團圓結局 但是在夜城永遠不會有完美結局 我開始的想法是不想任何一個人死 這想法還是太天真了 我自己很喜歡johnny, 雖然他自私, 把自己想法強加於別人 還利用別人對自己的好 但也無阻他的個人魅力 他對v真的挺好 可能是因為愧疚 也可能因為他只有v了 最後不想他死 但是他和v只能活一個 就好像宋和李德必須背叛一個 我個人最討厭這種二選一選擇題 卻無可奈何 不代入 跳出來說說 其實v也是一個超級倒楣鬼了 不但自己倒楣 還連累到身邊的人 不是自己造成卻被怪在他頭上 還不停被人利用 (雖然說是各取所需 dlc有個結局是最後治好了 但是不能裝植入物 無奈地昏迷了兩年 還被所有人怪罪埋怨 回到去夜城發現物是人非 再沒有自己的容身之所 玩這個結局像是被人喂了一口屎 是活下去了 是贏了..嗎? 不過無論如何也只能接受 如果是我 接下來會做個普通人遠走高飛 偷偷離開夜城 提早退休也不錯x 也能保留住傳奇的地位 (前題是不被追殺 不過以v的運氣, 下半生也不會過得太安穩... 如果是Jackie的話 他會在生命的盡頭前 發光發亮努力地成為傳奇 但是感覺v對傳奇沒有他那麼執著 活下去的信念比較大 dlc宋跟v是同樣的處景 但是做法確實不一樣 她的做法是為了活下去沒有底線 死多少人都不在意 v有底線 最後主線結局還表示不想別人為了救他而死 什至願意自己獨自殺進荒板 (直女私心) 大河真的合我口味 寸頭大狗狗prprpr 但！是！戲份也太少了吧",1
最近才買的，並且把全部的支線、全部的主要NPC、神機錯亂、和事佬、強尼全物品收集完畢 大致上花了121小時，打通了一個游牧民的結局，撇除一點微不足道的BUG，劇情還有鋪陳真的不錯 雖然章節不多可是每個主線帶給我的衝擊都很大 推薦UWU,1
不得不説發售4年后已經是一款有深度的劇情游戲了,1
越玩越上頭,1
劇情豐富ouob畫面漂亮，但吃配置qq,1
經過三年才買來玩，現在遊玩體驗極好非常有帶入感 幸好是沒經歷過遊戲前期災難性的缺陷,1
"以下涉及劇透, 介意者請跳過 遊戲推出都幾年了, 還是多多少少有些bug , (除了bug之外 一切都是挺好的 無論是劇情還是戰鬥) 我遇上一個無論讀檔幾次都無法避免的bug: 在遊戲後期, 選擇要背叛 李德 而與頌鳥一起戰鬥時, 自從櫃子 拿了自身武器之後, 就會觸發bug 。 此bug 觸發時, 左手持槍動畫明顯錯誤 (拖著一個不存在的重機槍) 手上的武器若有透視鏡瞄準功能, 按下滑鼠右鍵時會發現瞄準的動畫明顯錯誤。 糟糕的是按下左鍵, 會發生重機槍發射的動畫 但是沒有傷害。 (因為打不死敵人很容易卡關) 所以負評! ps 網路上有解法, 把換臉那個滑鼠中鍵既能喚回手榴彈, 然後丟手榴彈一次即可修正bug。 因為找到解法改為正評",1
"問題還是很多,但都是些小問題,希望二代能做出讓所有玩家都夠滿意的成績",1
好玩，但有時候撿不了屍體的掉落物，會很煩，屍體的掉落物提醒用不掉。,1
當我玩完了所有的主線和支線任務包括DLC以後，我該做什麼? ? 沒錯，於是我開始玩MOD，並且讓我體驗到相當不同的遊戲， 後來我又玩了VR，這遊戲真是太棒了~~~,1
太好玩了!神作沒有之一,1
假如電腦跑得動的話 有夠讚!! 推推～～,1
为了强尼银手！为了大卫马丁内兹！为了杰克威尔斯！,1
"Welcome to Dogtown. 自由幻局的開場太令人驚艷了。 雖然以線性通關方式展開，其中的引導與關卡設計時常讓我想起 Portal 2 中爬滿植物的地底廢墟與 Half-life 2 中行走在 17 號城時無所不在的壓迫感：拉垮與半成品的民用建築，無所不在的狗兵與偵查無人機，穿梭於斑駁街道上的裝甲車隊與外骨骼機甲，以及背景響起大型飛行載具移動的嗡鳴聲。經過萬分苦難 (幹你勘合怪) 抵達安全屋時，稍稍地喘了口氣，靠在鋼筋裸露的牆邊望著天空時，除了遠處夜城的霓虹映亮的天邊，就只能看見狗鎮中破碎建築形成的幢幢黑影、各地的火光與黑煙、還有飛行載具四處掃巡的探照燈。 因為這如此難忘的一晚，雖然這是一個連自來水都要自己接的廢棄公寓，現在卻是我最喜歡待的公寓。 --- 相比本傳的分散式探索，自由幻局的主線劇情非常地聚焦。我甚至不希望在狗鎮的期間回到夜城，畢竟在半通緝的狀況下還能自由出入狗鎮實在有點出戲。DLC 主線形似小型的本傳主線，而且更為緊湊。可能也因為如此，在選擇劇情分支時的情緒波動更為劇烈。過去只要遇到兩難的選擇時，如果打不定主意，站在傭兵的立場，我就會選對委託人有利的選擇。然而處在關鍵時刻，高度懷疑與數次受騙的我選擇了背叛。 結果，自此委託人的背景故事才第一次攤開在我面前。就算知道之後可以讀檔走其他路線，當下的我還是非常後悔。 不過在北極星計畫的核心中，其實還有最後一個彌補機會，去完成委託人的請求。 但我做不到。我就是做不到。 在所有分支收束後，劇情萬念俱灰地迎來結局。這個結局甚至比本傳的各個結局更令我難受。太痛了。 就如邊緣行者中的大衛最後一眼所看到的，冷硬高塔。 --- 銀手強尼的背景與和 V 的關係也在 DLC 劇情的過程中捕完與持續發展。當黑牆將強尼與我分開時，才發現沒有強尼的自己在陌生與極度危險的設施中是多麼孤單。此時就會懷念做差事時與強尼老夫老妻式的拌嘴： 「嘿，有誰值得你信任嗎？」 「當然有，音控。」 「這兩個小天兵跑去市場，跟韓森的部下談生意。這股傻勁錯了嗎？沒錯，從頭錯到尾。」 「這位仁兄，只靠運氣不動腦。要多沒腦才會把原型產品往自己身上插？我不是在酸你，V。」 「沒想到在那個混蛋搖滾客的外表下，原來你的內心超級感性。」 「嗯，你也去死啦。」 如果珍惜與銀手強尼的感情，請遠離高塔結局。 最喜歡的對話還是在本傳 (應該是油田) 時，強尼說的： “Sometimes when I wake up, feels like I’m back for a while.” “Like I got this body to myself. Like I’m free.” “Seconds later, it feels like I’m missing something … something really important.” “Then I realize you’re there, always were, and this stupid wave of relief washes over me.” --- 當然遊戲本體的內容也非常豐富。由於這次直衝狗鎮，玩完 DLC 劇情後看著地圖還是滿滿的問號不禁頭皮發麻。並不是因為覺得劇情冗長，而是驚訝於遊戲之豐富。畢竟之前就接近全成就通關過了，除了主線外，還依稀記得還有大量有趣甚至逗逼的支線劇情可以做，只能說原價購入都不虧。尤其 2.1 更新後，技能樹與裝備大改，夜城見警率超高，簡直是在玩新遊戲。地鐵倒是滿可有可無的，看風景不錯，看一次就夠了。尤其不能自由在車廂移動，也不能調戲乘客。 穿模還是很嚴重，可惜了。 --- “G'night, V------. Today was a good day.” Premium work, CDPR. Case closed.",1
多次的更新與維護，讓遊戲品質成為上乘之作。 每個選項都可能左右出截然不同的結果， 劇情沉浸式對話，可難可易的關卡設計完全由玩家決定進攻方式。 確實是款非常優秀的賽博龐克自由世界。,1
如今的體驗已不是當初的那樣的爛 不嫌棄就來玩 3種身分3種劇情多種結局,1
好玩 強烈建議與DLC一起購入!,1
首發預購玩家，為了順跑體驗2077還砸錢升級設備，1.0版本劇情、遊戲細節、夜城建模固然令人驚豔，但眾多BUG、優化問題不能忽視，我算是幸運沒遇到太多惡性BUG，玩完全部內容就先暫時刪除。 1.5版本更新，重新進入夜城，想體驗看看更新後的夜城，殊不知登錄存檔後遊玩2分鐘，人物直接穿模卡死在一座天橋，一氣之下再次刪除遊戲。 如今2.1版本搭配DLC，時隔3年的2077，開新存檔重新體驗主線，再接續原存檔遊玩DLC，2077終於帶給我CDPR的震撼，無數次的兩難選擇，由玩家引導V走向最終的結局，帶來得沉浸感跟感動是無比巨大的，期望製作組能再次添加更多細節(如new game+、更多夜城互動、End game玩法等)，讓遊戲更加完整，跟巫師3一樣，成為一代經典。 建議2.1版本後初次遊玩的新手，可以原汁原味先體驗一輪劇情，不要執著收集、過度探索，讓自己的選擇塑造V，並走向最後的結局。 然後再開新存檔(因為沒new game+繼承)，用MOD預先將角色能力跟裝備提升至原存檔或更高，搭配網上的攻略，體驗完整的遊戲內容跟細節，更能感受到製作組用心的醍醐味，以及多樣化的戰鬥方式、武器跟對話選擇，細細探索夜城的每一個細節，總能再不經意的轉角處發現驚喜。,1
雖然是RPG，但遊戲的路線與自由度很高，界面與成長機制熟悉後再重玩一次也很態熱趣,1
赛博朋克2077是一场令人陶醉的未来之旅，将玩家引领到一个充满高科技与废墟的城市，让人们沉浸在这个引人入胜的赛博朋克世界中。作为一款期待已久的游戏，它在许多方面都不负众望，为玩家提供了一次前所未有的沉浸式体验。 首先，游戏的画面和音效令人叹为观止。赛博朋克2077的未来城市呈现出令人惊叹的细节和视觉效果，每个角落都充满了生机与活力。从繁忙的街头到霓虹灯闪烁的夜晚，游戏成功地捕捉到了赛博朋克风格的独特魅力。配以引人入胜的音乐和环境声效，玩家仿佛置身于一个充满未知和危险的城市中。 其次，赛博朋克2077的故事情节丰富多彩，充满复杂的人物关系和道德抉择。在这个未来世界中，玩家扮演一名雇佣兵，被卷入政治阴谋、犯罪活动和科技黑暗面的纷争之中。每个决定都会对故事走向产生深远的影响，使玩家感到他们的选择至关重要。这种非线性的叙事方式增加了游戏的可玩性和回放价值。 然而，值得注意的是，赛博朋克2077也存在一些技术方面的问题，例如在初始发布时一些性能和稳定性的挑战。尽管后续的更新已经改善了这些问题，但一些玩家可能仍然会遇到一些bug和优化不足。希望未来的修复和更新能够进一步提升游戏的整体体验。 总体而言，赛博朋克2077是一款令人难,1
遊戲很棒 . 但不是我喜歡的類型,1
從去年看了邊緣行者後入手了遊戲，1.多版本的時候開始玩的，雖然很多地方沒做好又有BUG，但我真的玩得很開心，雖然很鄉巴佬，但我永遠忘不了當時發現可以坐電梯的時候那份驚訝，沉浸在cyberpunk的世界，甚至害當時的我期中考爆掉。現在我高三了，因為要學測已經很久沒碰這遊戲了，二周目只玩到一半就2.0了，看來學測完之後要開新檔了，現在新增了新DLC、地鐵，我好想體驗，但只能等到學測後。 CDPR真的是一個好公司，沒有放棄當初發售被罵爆的遊戲，反而是不斷改進 [strike] 跟最近The day before發行商形成強烈對比 [/strike] 如果你在找一個好遊戲，cyberpunk2077買下去絕對不虧,1
精神時光屋,1
很好，起码比预购的时候好,1
好玩，官方真的應該給預購玩家更多獎勵,1
算是行内做的很好的RPG了，这次DLC剧情文本很认真在做，各种结局很深刻,1
此生必玩 .,1
很棒很優秀的作品，希望後續還會有同樣的遊戲。,1
其實我不知道該怎麼表達這款遊戲的評價 但是沉浸在夜城之中，是我最喜歡的事情 即使這個地方充滿犯罪、毫無希望、瞬息萬變 但是真的是個很美的城市 謝謝CDPR，帶給我這款遊戲,1
超推2077！ 各式各樣的電影、遊戲彩蛋讓人會心一笑 還有各式各樣支線故事也讓人沉迷在夜之城的世界 雖然也有各式各樣奇怪的bug啦 但是遊戲公司一直都有在修復 誠意滿滿的一款遊戲~,1
好玩，可以沙德威斯坦的效果很讚,1
我喜歡打ncpd 因為現實中不能打,1
更新完後變得很好玩,1
真的齁勝，沒什麼好說的 小BUG不少，不過不影響遊戲體驗 不到神作但也很少能超越了,1
特價快買（來自本體跟DLC都是特價的前一天用原價買的大冤種）,1
一開始就把遊戲做好 不就多一個GOTY? 態度良好給正評 可惜了,1
cyberpunk世界沒有一個完美結局,1
好玩的飲料 = 喝剩,1
我始終相信2077能變得更好，現在他做到了，而不是像隔壁的俄羅斯垃圾浩劫，就只是個詐騙小丑,1
"跟之前1.6版本相比，2.1版已經有大幅改善很多也把之前沒有的東西大部分都加回來了 我不是首發玩家但是1.6版相比不論是光影很還有遊戲內的素材運作改變幅度特別大 沒辦法像之前可以靠遊戲內模組安裝在傳說槍上變得更OP，因此只能靠玩家自製MOD來解決 AI感覺不出來也許是太久沒玩，改版影片改最多的除了地鐵外應該就是""碎骨""，有變得跟邊緣行者一樣的攻擊方式和沙德威斯坦",1
首發時就預購的遊戲 當初只剩結局沒玩完 2.0回歸遊玩 體驗良好 只是bug還是不少 值得一玩,1
DLC讓這個遊戲更棒了,1
神作!!!,1
特價買了本體+DLC 1000初頭 原本買來打發時間的 結果最後搞到全成就 每個結局都很棒 每個都親自體驗了一次 沒有最好的結局 也沒最壞的結局 極度好評 !!!,1
"如果沒辦法玩,重新安裝顯驅動試試看",1
好玩，我太奶都醒過來跑去裝沙德威斯坦了,1
建議遊玩順序 主線+支線先破 破到主線最後一個任務之前 把所有支線破完 再進入DLC(狗命鎮) 遊玩體驗會高出許多 強度跟劇情張力DLC>>>>本篇,1
乾了這杯，明天一起成為傳奇吧!,1
"2.0玩家已破正傳, 覺得遊戲內容很豐富, 選的是普通難度, 殺人很多花式流派很爽, 配點我也就上網隨便抄一抄, 後面看到人都想要殺一殺XD(飛刀流), 支線很多故事都很精彩, 對話選擇方面沒巫師3的影響力那麼大, 但不影響整體體驗 破關後發現DLC劇情更更更更緊湊, 大推",1
玩到停不下來,1
從2077預告就一直關注這款遊戲，雖然出來之後有各種問題，不過製作團隊並沒有擺爛，而是努力修復他，甚至靠著自己的影集加新dlc讓他起死回生，真的感到開心，也感謝製作團隊不放棄這遊戲。,1
太好玩了，就爱这个世界观,1
本體+DLC特價時一併入手的 整個都體驗完後來評價一下 有一半左右的遊玩時間是使用SteamDeck體驗的 劇情很棒 第一人稱視角很有帶入感 戰鬥做得不錯 唯一覺得不夠爽的應該是載具吧 可以買的車買下來操控感只有一台覺得順手的 雖然2077最初發售時各種滑鐵盧 但現在已不愧對它的評價了 嚴重或惡性的BUG基本上不太有了(看我用SteamDeck體驗一半的時數就知道) 比那個2023年末辣基、一托答辯的TDB好上不知道多少萬倍了,1
玩40小時閃退2次 其他沒啥大問題,1
我就是夜城的傳奇。,1
有色色的劇情-////-,1
"夜之城沒有活著的傳奇，來生酒吧也沒有來生。 我依然好喜歡遙望月亮的圓缺，只是這樣的漫步沒有你在了，我的心再也無法滿盈。 因為動畫所以來玩遊戲,劇情很讚,帶入感很強,完全符合cyberpunk的世界觀 遊戲裡也可以自由選擇植入物,不管是竄網使的腦主機板面,還是大衛的沙德威斯坦,魅音的大砲,露西的鐮線都可以在遊戲裡實現 以特價購買到這款遊戲我覺得很值得,雖然還是不少bug,但是可玩性就目前來講算很高的,並且也在持續做優化和更新新任務,等體驗過DLC後還會再回來評論",1
從大便變成神作,1
一開始真的BUG多到一個靠北，嚴重到主線過不了那種。但現在算是做完當初宣傳大餅的一半，蠻不錯玩。,1
快來當夜之城的傳奇,1
原本聽說bug很多 很爛 但我實際上玩覺得還好 不至於會引響遊戲體驗 好玩一直玩,1
沉浸感很強,1
2.1 新更新更多內容了`,1
特效全開 畫質超讚 ~ 內容劇情豐富 非常推薦 !!!,1
為了你直升4080,1
超好玩，故事講述一流 繁體中文的文本不夠中二 哈哈哈... 例如隱藏結局的任務名【至死方休】，個人更喜歡簡中version的【以我殘軀化烈火】xD,1
很好玩 缺點是存檔多了就會崩潰,1
早上好～夜之城！昨天的死人乐透，最后的结果是满打满算整整三十个！多亏了没完没了的帮派火并，光海伍德就挂了十个；还有一位警官也挂了，我看你们全都得赔钱，因为NCPD肯定咽不下这口气！,1
如果你看過《Edgerunners》再回來玩，夜城帶給你的就不只是畫面，而是那種壓抑又真實的社會觀。這遊戲不是讓你無腦刷任務，而是要你去拆解技能、研究義體組合，透過這種「刻意練習」玩出自己的流派，這種掌控感非常紮實。 世界觀嚴謹到令人起雞皮疙瘩，每場戰鬥都像是在跟這個操蛋的世界觀進行哲學思辨。如果你喜歡純粹的賽博龐克，這款真的必玩。,1
非常好玩 雖然我花在尋找/安裝模組的時間是遊戲時間的數倍以上,1
這遊戲總是猝不及防的給我遞上一把刀子QQQQ,1
2.1更新後怪東西都消失了，運行穩定又添加了很多好東西,1
2.1會閃退的 去更新顯卡驅動吧.....解決方法都不找在那邊給負評,1
2.1更新完直接進不了遊戲 狂閃退,1
劇情滿分 就是結局太悲 BUG已幾乎修復 推薦遊玩,1
是我心中的塞博世界,1
好玩一直玩,1
蠻不後悔入坑這款遊戲的 從一無所有到成為夜成傳奇，與銀手強尼互相成長帶入感算強，夜城確實挺有魅力的。 推薦可以入手這款遊戲 敬夜城!,1
淒美的故事,1
謝謝你，我電腦爆炸了,1
馬ㄉ 竟然沒賣浮空車,1
雖然本體的主線由於各種原因令人不太滿意，但支線還是有CDPR一貫的水準。到了現在雖然主線已無法改變，但是DLC做得非常棒，而且現在還持續更新玩法。所以真的值得支持,1
超好玩 一定要玩,1
DLC大型更新後依然存在些許bugs和系統穩定性的問題，但瑕不掩瑜，遊戲真的好玩且內容也很龐大,1
劇情仍然是出色的，不要抱太大期望去遊玩也會帶給你很好的體驗,1
除了一些bug之外，一切都挺好，还有，能不能把我的传说义体和武器还给我，咋一更新就给我变品质了,1
我的精神時光屋,1
2.1版本更新後我就叫不出我的車了,1
首發是在GOG玩得， 自由幻局DLC發行後(2.0)回到Steam全部重玩， 不管是介面、劇情及系統都有感受到調整， 尤其是碎骨，首發那時候超好打， 2.0版就比較難打一點。 遊戲內容相當豐富，目前還有在持續更新內容(2.1)， 不過BUG還是有， 像是2.0版中某些劇情會沒辦法進行， 或是2.1版的鼠標(控制器也是)會自己緩緩飄移， 就等待後續的修正。 總得來說，非常值得一玩。,1
一直以來沒有任何遊戲能讓我玩到哭，這是第一個... 第一次玩，我玩到了惡魔結局，在我選擇最終的決定後，我再也不能控制我的角色 (注意暴雷) 我就這樣看著 V 猶豫且擔憂地躺上術台上，把靈魂交給荒坂。隨後遊戲進入最終的動畫。 我震撼不已，足足有三天的時間讓我完全地陷入在那個畫面帶給我的衝擊。 很難想像竟然真的能有一個遊戲突破我的心防， 在這件事情過後，我忽然理解到了人生其實不過如此，有時候能開心活在當下已經是得來不易的幸福了 # 補充一下，DLC 又是另一個傳奇，必須說這遊戲在劇情和玩法設計上，都做到了超乎我期待的程度,1
配裝配點在玩法上自由度很高，也有慢慢兌現之前的承諾，但遺憾2.1是最後一次大更新了,1
结局不需要这么多吧,1
"後期入坑報到,畫質遊戲我覺得都蠻好的,可能我比較喜歡玩這類型遊戲,整體感覺我覺得不錯",1
夜之城的精彩人生,1
準備去阿根廷當BIGdreamer,1
太好玩了 值得購買,1
愈更愈好 終於對得住個價錢,1
"特價可以,正價不行",1
優點: 世界觀優秀 主線及支線故事豐富 缺點: BUG 特別是NPC載具 穿模,1
本人從家機玩到PC來 首先，把更新檔當小說在寫的CDPR辛苦了 但還是得說，如果一開始就把遊戲做好的話 當年的最佳遊戲應該就是2077了 不過還是謝謝你們把夜城做的讓人流連忘返 我會一直玩下去,1
好玩!真的好玩!誰能拒絕在科幻城市裡成為一邊飛來飛去一邊開時間停止的賽博劍聖呢? bug雖然還是有，但基本不影響遊戲體驗,1
"遊戲可玩性+畫面都很不錯.配上動畫邊緣行者更有感覺,目前遊戲優化已經很不錯沒出現什麼bug,可以入手的一塊好遊戲",1
可算可以爽玩辣 但bug不少希望修复,1
更新後變更厲害了，街景美術超讚，音樂也很潮。 DLC劇情任務大於本體，選擇對錯更強烈，沉浸感滿滿。 好玩愛玩,1
2.02版是完全版，之後還會更新地鐵系統及許多新功能，一直有在修正Bug，趁特價買來支持，確實遊戲很好玩，大推薦!,1
"2.0神作,戰鬥系統比1.0進步了10倍,大猩猩拳頭 爽爆",1
令人著迷的世界觀與劇情,1
DLC比主線好玩,1
劇情和風景不錯，很有沉浸感，體驗不錯，等DLC特價。,1
首發買GOG版 通關一次封片 意外的只有遇到幾次BUG 沒有很大影響 當時就覺得其實很不錯了 DLC發售後 STEAM板又買了一次 真的是只有2077讓我在選擇的問題上猶豫很久 真的是款好遊戲,1
刚买的游戏，玩了一会儿，主线说长不长，说短不短，但的确给我很多触动，如果真的将意识上传至云端，获得永生，那跟电子监狱没什么区别，即使是死，也要死的有尊严，有气质。,1
謝謝這遊戲帶給我的沉浸感,1
好玩一直玩,1
在夜城裡別相信任何人，包括CDPR的我們把BUG修好了,1
当赛博朋克2077在2020年最后一天如约而至，我们似乎进入了一个充满未来感和科技感的虚拟世界。由波兰蠢驴——CD Projekt Red开发的这款动作角色扮演游戏，为我们呈现了一个高科技，低生活的社会景象。游戏背景设定在2077年的平行时空，一个名为“夜之城”的虚构大都市。在这座城市中，人类与先进的科技共存，但也存在着人类与科技间的矛盾和冲突。 在赛博朋克2077的广阔世界中，我们看到了各种社会问题以及人性的挣扎。游戏主角V是一个刚刚从监狱中逃出的罪犯，他（她）在这个充满危机的世界中寻找自己的出路，同时也在寻找真相。游戏以第一人称视角进行，给玩家带来了身临其境的沉浸式体验。 在阿根廷，赛博朋克2077的热度一直持续不减。这不仅是因为游戏中的未来设定与现实中的阿根廷社会有着惊人的相似之处，更是因为游戏中所探讨的社会问题在阿根廷也同样存在。在现实中，阿根廷的经济状况一直不太稳定，社会中也存在着贫富差距和权力斗争。而赛博朋克2077所展现的未来世界，正是一个贫富差距扩大、权力集中在寡头公司手中的社会。（看看哈耶克） 在游戏中，我们可以看到各种高科技设备和武器，这些都是未来科技的产物。同时，游戏中也存在着各种帮派和势力，他们为了自己的利益而斗争。这些公司的打手和走狗的存在，正是对现实社会中权力斗争的反映。 除了社会问题外，赛博朋克2077还探讨了人与科技的关系。在游戏中，人类可以通过脑机接口与人工智能进行交流，这种交流方式让我想起了阿根廷作家博尔赫斯笔下的“环形废墟”概念。在这个概念中，博尔赫斯描述了一个科技高度发达但人类精神却日益枯竭的世界。这种科技与人类精神之间的矛盾和冲突，正是赛博朋克2077所想要探讨的主题之一。 此外，游戏中的视觉效果也是一大亮点。游戏的画面非常逼真，细节处理得非常好。无论是城市的繁华景象还是黑暗的角落，都让人感觉身临其境。同时，游戏的音乐也非常出色，为游戏增添了更多的氛围和情感。 总的来说，赛博朋克2077是一款非常出色的游戏。它不仅拥有广阔的世界观和深入人心的主题，还拥有出色的视觉效果和音乐。对于喜欢科幻题材的玩家来说，这款游戏绝对不容错过。而对于阿根廷玩家来说，这款游戏更像是一面镜子，反映出社会中的种种问题与人性的挣扎。 最后我想说的是，赛博朋克2077的成功不仅仅是因为它的科技感和未来设定，更是因为它所探讨的社会问题和人类情感。这款游戏让我们看到了未来可能出现的种种问题，也让我们看到了人类在面对这些问题时的勇气和决心。无论是在阿根廷还是其他地方，这款游戏都值得我们深思和探索。,1
更新過後該有的都有了 有特價直接入手,1
DLC往日之影值得一玩，感觉像是看了一部互动电影,1
bug里夹了个游戏,1
節奏有點慢 但有趣的部分很多,1
"就2.0更新後,偶爾還有惡性BUG,但遊戲性,故事還是很棒的RPG遊戲啦",1
"2077本體:衝著基努李維對著你講幹話就值回票價了 自由幻局:優秀的劇情加上配音員的投入感覺就像是可互動的007系列電影 如果還有下一代,希望還是在夜城,畢竟地圖做得這麼優秀(看向星空)",1
很好玩( っ'-')╮ =͟͟͞͞🏀 ——来自小黑盒用户逍遥的评价,1
看了边缘行者买的,1
主線別跳過 跳過就沒了(很短,1
當初衝首發，玩到一半後就停了，原因是什麼已經忘了 後來看了邊緣行者，遊戲也持續更新到2.0 就把遊戲載回來玩，這次重開新的檔從頭玩起 整個遊玩體驗其實跟我衝首發時玩得體感是差不多的 有的bug是修掉了，而有的到現在還是會出現 尤其是當你可能遇到劇情戰鬥的時候AI卡住，一動不動的狀況讓人出戲 還有一點關於劇情的小抱怨 就是每當我做出看似好的選擇時，印象裡好像從來沒有什麼人會稱讚我，頂多就是謝謝客套話帶過 而當我做出看似壞的選擇時，總是會有人噴我一頓 會說看似是因為這些選擇都是主觀的 遊戲裡我會想當個好人，但感覺都得到的回報比起我被NPC嘴的還要來的少 常常會讓我想要讀檔重新選擇... 感覺都當個神機錯亂者好像都比較好，到處亂走亂殺人亂撿垃圾大概是這個遊戲好玩的地方了吧 也許他們可以考慮神機錯亂者結局 結論 : 可以買來玩，請等特價 這遊戲是半成品，即便他們持續更新修復到現在我依然這樣覺得 不到神，挺多是個還可以的遊戲,1
"鑓塵幗膂蓿f寥寢膃暠瘉甅甃槊槎f碣綮瘋聟碯颱亦尓㍍i:i:i;;:;:: : : 澣幗嶌塹傴嫩榛畝皋i袍耘蚌紕欒儼巓襴踟篁f罵f亦尓㍍i:i:i;;:;:: : : 漲蔭甃縟諛f麭窶膩I嶮薤篝爰曷樔黎㌢´ ｀ⅷ踟亦尓㍍i:i:i;;:;:: : : 蔕漓滿f蕓蟇踴f歙艇艀裲f睚鳫巓襴骸 贒憊亦尓㍍i:i:i;;:;:: : : 榊甃齊爰f懈橈燗殪幢緻I翰儂樔黎夢'” ,ｨ傾篩縒亦尓㍍i:i:i;;:;:: : : 箋聚蜚壊劑薯i暹盥皋袍i耘蚌紕偸′ 雫寬I爰曷f亦尓㍍i:i:i;;:;:: : : 銕颱麼寰篝螂徑悗f篝嚠篩i縒縡齢 Ⅷ辨f篝I鋗f亦尓㍍i:i:i;;:; : : . 碯聟f綴麼辨螢f璟輯駲f迯瓲i軌帶′ `守I厖孩f奎亦尓㍍i:i:i;;:;:: : : . 綮誣撒f曷磔瑩德f幢儂儼巓襴緲′ `守枢i磬廛i亦尓㍍i:i:i;;:;:: : : . 慫寫廠徑悗緞f篝嚠篩I縒縡夢'´ `守峽f徑悗f亦尓㍍i:i:i;;:;:: : : . 廛僵I數畝篥I熾龍蚌紕襴緲′ ‘守畝皋弊i劍亦尓㍍i:i:i;;:;:: : : . 瘧i槲瑩f枢篝磬曷f瓲軌揄′ ,gf毯綴徑悗嚠迩忙亦尓㍍i:i:i;;:;:: 襴罩硼f艇艀裲睚鳫襴鑿緲' 奪寔f厦傀揵猯i爾迩忙亦尓㍍i:i: 椈棘斐犀耋絎絲絨緲′ ”'罨悳萪f蒂渹幇f廏迩忙i亦尓㍍ 潁樗I瘧德幢i儂巓緲′ r㎡℡〟”'罨椁裂滅楔滄愼愰迩忙亦 翦i磅艘溲I搦儼巓登zzz zzz㎜㎜ｧg 緲 g 甯體i爺ゎ｡, ”'罨琥焜毳徭i嵬塰慍絲 枢篝磬f曷迯i瓲軌f襴暹 甯幗緲 ,fi' 緲',纜｡ 贒i綟碕碚爺ゎ｡ ”'罨皴發傲亂I黹靱 緞愾慊嵬嵯欒儼巓襴驫 霤I緲 ,緲 ＂,纜穐 甯絛跨飩i髢馳爺ゎ｡`'等誄I筴碌I畷 罩硼I蒻筵硺艇艀i裲睚亀 篳'’,緲 g亀 Ⅶil齢 贒罩硼i艇艀裲睚鳫爺靠飭蛸I裘裔 椈f棘豢跫跪I衙絎絲絨i爺i㎜iⅣ ,緲i亀 Ⅶ靈, 甯傅喩I揵揚惹屡絎痙棏敞裔筴敢 頬i鞏褂f跫詹雋髢i曷迯瓲軌霤 ,緲蔭穐 Ⅶ穐 讎椈i棘貅f斐犀耋f絎絲觚f覃黹黍 襴蔽戮貲艀舅I肅肄肆槿f蝓Ⅷ 緲$慚I穐,疊穐 甯萪碾f鋗輜靠f誹臧鋩f褂跫詹i雋 鋐篆f瘧蜑筴裔罩罧I緜孵蓼Ⅷ i鷆嫩槞i歉皸鱚 冑縡諛諺彙溘嵳勠尠錣綴麼辨螢",1
好玩一直玩,1
2077真的行,1
玩就對了不要廢話,1
我不知道該說什麼，結束DLC跟本篇節制結局後，我就只是坐在椅子上看著螢幕，說不出話，有種悶悶的感覺,1
3年前我狂罵2077... 3年後這遊戲改得真好玩,1
cdpr最拿手的剧情 人物塑造没得说 但砍的东西太多 总觉得像半成品 至于bug 没啥恶行BUG 它是属于配置高Bug遇不到低一点就常遇到穿模 轮椅人士谜之康复等等 总之是个很棒的游戏 配音个人喜欢日英语 中配文森特跟个鸭子似的。,1
成就全拿，非常喜歡:),1
時隔三年，自由幻局出來之後我才決定買下2077+dlc組合包。 但真覺得這錢花的值得，劇情絕對是值得一看的亮點，這對喜歡跑劇情的玩家來說就是香到炸的一部作品。 至於戰鬥系統還有bug之類的，經過三年的修復我覺得一定比當初好多了，至少我第一次玩就玩得挺開心，尤其我最愛當武士到處砍砍砍，只是可惜我覺得主線劇情沒有我想像中的長，當我把所有支線包含dlc全破之後，猛然發現找完華子就準備要結束了，心裡覺得莫名惆悵XD 因為這光怪陸離的世界實在是太讓人意猶未盡了... 希望能有蠢驢能帶來更加優秀的作品，只是希望不要再搞詐騙了，寧願你們慢慢做好一部遊戲也不要拿出半成品來敷衍大眾，我還是愛你們的。,1
在人面獸心的任務拿了第一名 然後過了終點後就不給操作 第一次停在終點然後被撞下海 第二次被撞到旁邊地板裡 第三次還是被撞到海裡面 前面說過過了終點就不給操作了，所以每次都被撞然後就不能動 這有點誇張了 就是強制不給第一名就對了，讓我乖乖到後面免得被撞下海?,1
劇情是真的神,1
劇情表現厲害 透過第一人稱以及高品質的畫面來讓人獲得身歷其境的緊張感 戰鬥系統修正後有變比較可以玩,1
真的好玩，建议装点绅士模组,1
劇情帶入感真棒,1
即便仍有少數的BUG 但是絲毫不減他遊戲本身的強大 神作不多說了,1
警察太多閃退 真是謝謝你喔,1
也就玩一下下,1
2.0更新之後便有料了,1
更新到最後DLC 很有誠意的遊戲,1
我理想中的赛博朋克,1
"買了星空超後悔,隨後買這款遊戲 超好玩",1
更新後玩爆，真的神作劇情選擇方向很有趣，重玩三次了，只能說太愛辣,1
時數說明一切,1
"建議先看完cyberpunk edgerunner 還有下載一些提高遊戲體驗的mod再玩, 你就是下一個David",1
第一人稱視角一開始有些不習慣，但隨故事發展會有漸入佳境的感覺，大改版後雖然有更多流派，可玩性更高，但還是有能力值綁定問題，目前整體玩下來無嚴重BUG，推~,1
很容易閃退 但很好玩,1
我都不敢打太快推主線，因為好玩到唔想爆機住,1
遊戲可玩性不錯，劇情故事很精彩，但是加個太貴了。。。,1
"走過疫情肆虐、數次延期的2020年，挺過甫發售時的各種 BUG 與負評，2023年總算是盼到了望穿秋水的 DLC - 自由幻局。如今再回首看【電馭叛客：2077】，它依然是為數不多且擲地有聲的優秀作品！遊戲如人生，裏頭充斥著太多兩難的道德選擇題。當你所做的決定可能影響他人生命安危時，你是否還能冷靜且颯爽的扣下板機？這是從頭到尾製作團隊希望玩家們反覆思考的課題。遊玩接近200個小時，我始終認為沒有所謂""完美""的結局，或者換句話說，憑直覺所選擇的便是對你來說最好的結局。印象最深刻的自然是 DLC - 自由幻局的結尾，在列車上才發現頌鳥仍在騙我，可我仍然心軟，最後關頭又一次背叛了李德，目送奄奄一息的昭彌前往月球，只因我答應過要和她同舟共濟，或許我也渴望現實人生中能有這麼一個經歷相似、榮辱與共的朋友吧！感謝 CD Projekt 嘔心瀝血完成這部有血有淚、可歌可泣的曠世大作，邊玩邊思考，一路以來我收穫豐碩，除了推薦以外別無他詞。",1
建議:特價購入 過去3年還有一堆BUG的遊戲，還是令一堆人嚮往 每一次的選擇都有不同的劇情發展,1
讚的ㄎ讚的8,1
比apex好玩,1
還不錯玩，偶爾有bug就是了。,1
真的好玩 買了不會後悔,1
时隔一年重评2077，搭配2.0和dlc，我重新玩了差不200h+的2077，不得不说很惊讶…毕竟之前还预计自己明年才会去玩往日之影，但我错了，如今的2077已经是个相当优秀（但依旧不完整）的游戏了，考虑到今年剩下两个月的游戏阵容，我觉得2077已经预订了我的个人年度最佳，并且对我个人而言，我在2077上看到了wrpg这个类型的未来。,1
經過了三年的不斷更新，2077已經是個對得起大家的優質遊戲了，尤其是最新的DLC自由幻局，劇情的帶入感極強，時時刻刻調動著玩家的情緒，非常推薦現在入坑2077且一定要玩DLC!,1
遊戲進得去,1
2.0完全是另一款遊戲 推薦回鍋,1
我不允许还有人没玩过赛博朋克2077和dlc往日之影， 还有，可以看看我下面的[b] 建议 [/b]，祝你畅行夜之城。 [spoiler] [h1] 哥们儿已经全成就了 [/h1] [h2] 哥们儿已经全成就了 [/h2] [h3] 哥们儿已经全成就了 [/h3] [/spoiler],1
一款魅力無窮的遊戲,1
我玩了140個小時...沒力氣評論了,1
很喜歡劇情,1
好玩爱玩😃,1
"非常有遊戲性,衣櫃和武器房設計仍然需要改善,蟲仍然有很多,但沒阻熱玩之情! 真係勁多蟲,去了幻夢之後,按快轉等按鈕即跳了出來.",1
"雖仍有少量bug但新內容和各方面改善了的細節已經看出製作組相當有誠意肯為玩家著想 大更新後沉浸感提升了很多 總比某些EX,Xbisoft,X雪,1+1K快餐盤子大廠好 支持這種態度,讚美不能吝嗇,Nice One CDPR",1
DLC完结撒花 以下剧透 从接到百灵鸟的电话到送她上月球，历时30小时。 推荐开新档玩，往昔之影牛逼就牛逼在当你先玩了一段时间，能够代入V的时候，再经历这段旅程，沉浸感完全不一样，从狗镇回到夜之城，会给你一种从游戏中回到现实的感觉。 好兄弟杰克死了，自己也时日无多，艾芙琳自杀线索断了，竹村这个老顽固背后的荒坂信不了一点，银手天天搁脑子里和我吵架。 浑浑噩噩之间，百灵鸟的一通电话给了我生的希望。 我都干了什么？救了满口虚假道义的新美国总统，启用沉默七年的特工李德、本该好好退休的亚历克斯，与终于显山露水的中间人汉兹先生合作，把狗镇闹了个天翻地覆，给幽冥犬换了个领头，最后为了贯彻送佛送到西的理念和新美国政府为敌，启用黑墙屠戮大批特工，亲手结果了李德，把小鸟送上月球。 我是为了什么？治病啊，活命啊。结果上大当，自己的病，还是没治了。 除了身上越装越多的义体和满背包的枪，一切又回到了原点。 就好像是在夜之城做了一场梦，梦醒时分，什么都没有改变。 但说不清为什么，总觉得，对于活下去，有信心了，办法总比困难多。 你问我，最后为什么还是选择帮百灵鸟？ 她脚下步履蹒跚，下一秒就要跌倒在地。 她心中步伐坚定，说什么都要走到最后。 百灵鸟可以，大名鼎鼎的V，也一定可以。,1
畫質很好 遊戲設計很棒,1
"沉浸感良好,劇情多變生動",1
2.0改版增加很多內容，不錯,1
劇情演出很優秀 DLC更是出色,1
1.6版本第一次玩，沒有碰到剛發售時的災難。 2.0 再破了一次，體驗好很多。期待CDPR的下一款作品,1
遊戲一出就第一時間購買，但礙於BUG的災情頻傳一直不敢打開來遊玩（對於這個背景設定真的是太期待了，深怕因為BUG而破滅...），直到DLC上市動畫也都看完了才下定決心打開來玩，不得不說即便是現在我玩起來還是一堆BUG...難以想像跟現在的「改善後」相比當初上市時的BUG有多少......不過撇開這點不講角色的朔造、劇情的鋪成還有音樂......等等都是非常高水準的，動畫與遊戲的相互連結我也覺得是比重恰到好處（雖然私心是希望多一點啦，動畫真的很讚~~），總之綜合下來還是非常推薦這款遊戲，BUG的部分我也不強求，只希望可以讓我收藏的槍可以正常掛上牆壁阿......現在卡一個BUG，好不容易收集到的槍都無法正常的顯示在家中的武器庫牆上......,1
"2.0之後才是真的CYBERPUNK2077, 之前1.0都不知道在幹嘛",1
有點太簡單,1
更新之後很不錯,1
"我朋友LCS超強認證 , 雖然佢1.0版本已經差不多打爆成就 , 2.0 都每日都見佢玩 ,一上線就係2077 , 然後佢問我有咁好玩咩lol on9仔就係咩都踩咗先 第一時間踩低人地 去抬高自己 自卑到咁到底要有幾失敗 @laquaces",1
比想像中沉迷,1
2077真的夭壽讚 本傳結局無論是跟著華子、遊牧民、若惡幹荒坂，取得弒神器。不然就是隱藏結局，獨自幹荒坂，只可惜沒觸發到。 自由幻局的話，如其名，我就覺得有點可惜，不是要背叛百靈鳥，不然就是要叛李德，基本上沒有一個完美好結局。我個人是選擇李德線，也因此新美國會感謝我的。 至於百靈鳥線的話，感覺奔月也很帥，又看到如果奔月+獨自幹荒坂，強尼會給傳奇人物的評價，就覺得很棒。 總之2077真的不錯，很發人省思。,1
超級好玩！！！！！！,1
深刻生動的劇情演出、細膩的任務細節、飽滿鮮明的人物設定，唯一的缺點大概就是剛發售時的BUG之亂吧... 但這問題也在1.6版本做了極大的修正，為人詬病的天賦系統也在2.0版本做了重製，各種Build都更好玩了。 在動畫Edge Runner過後更增加了許多彩蛋，可以披上葛洛莉亞馬丁尼茲的外套，到來生酒吧點一杯大衛馬丁尼茲，一口飲盡再抄起蕾貝卡的愛槍狂膽，啟動沙坦衝進荒版大樓一槍崩了亞當碎骨。 CDPR依然是現在最會說故事的遊戲公司之一，很高興從首發的大多好評到現在評價校正回歸到極度好評，這才是這個好遊戲該有的評價，大力推!!!,1
简化的DPS和天赋树系统比刚发售的时候体验好了许多。强烈推荐大家回坑体验2.0版本的2077。,1
滿足賽博龐克風的科幻佳作!!,1
忽略BUG 感受選擇 彷彿過了一段賽博人生 沒辦法甚麼事都是完美的 對吧,1
從邊緣行者入坑的，剛好最近2.0更新才載來玩，沒有遇到初期前輩們抱怨的各種bug，推一個,1
好好玩一直玩一直玩,1
新結局虐心啊~~!!!,1
多年的等待，期望越大失望越大 但經過兩年多的更新以及最新DLC的發售 還有邊緣行者動畫的播出 深深的被2077的世界觀所打動 相信再2020年發售時就是這種品質的話 就不會經歷那麼多的波折與挫折了 ----------------------------------- 總而言之我認為現在的2077 我認為稱得上「神作」 還沒玩過的或是被前幾年的災情嚇到 歡迎回來2077的世界一起重新感受 CD PROJEKT兩年前真正想要呈現給玩家們的作品,1
"雖然與想要的不一樣,但算良作,買了不會後悔",1
bug許多都已經改善，之前的許多問題都有改善，未來希望能更多DLC的新任務,1
一起帶你去月球,1
真的太猛了 遊戲史上的傳奇,1
整體不錯了,1
良心公司 良心公司,1
遊戲性、劇情後勁很強，慢慢體驗 卻點是還有些BUG，但不影響,1
玩了兩個開局身分，經歷了兩次不同選擇 晚安，夜之城,1
引人入勝的劇情，令人驚豔的畫面，誠意十足的後續更新，圓不了的大餅,1
從1.6進來玩，遊戲劇情非常豐富，2.0大改版後，武器與改造物的流派變得更靈活了，玩法大增。十分推薦。,1
2.0才來玩,1
好啦，經歷那麼多shit還是可以玩啦,1
129小時全成就來留個評論 1.6版本因為動畫入坑開始玩 2.0版本又回來玩 新系統+上DLC好玩超級多 2077被人詬病的bug問題 現在也都差不多處理好了 雖然還是有部分BUG(? 但都不影響主要遊玩 CDPR在劇情處理上還是很優秀 劇情一直都不是2077的弱項 遊戲性才是(X 總之現在是可以推薦的好遊戲 推一個,1
不玩是笨蛋,1
刀劍流完全滿足我的武士魂，劇情部分張力也很足，尤其在2.0後bug和畫面修復，這遊戲又達到一個巔峰，終於有當初承諾的水平了,1
沉浸式體驗極強，故事世界觀及人物刻畫相當完整，扣除一些小BUG，可謂開放世界類型遊戲神作。 「在夜城成為傳奇才能證明自己活著」,1
人體改造、技能終於成熟，劇情、支線也變豐富，增加整體耐玩性。 解除了坑人的武器等級制度，駕車手感優化許多接近GTA。但還有很多進步的空間。,1
"現在可以稱得上是神作,不用問,問就是買. 不玩絕對後悔.",1
讚丫邊緣行者,1
2.0改版加上DLC劇情 真的翻身變神作,1
"為什麼有時候,在遊玩中會自動跳出卓面? 回遊戲按移動鍵一直跳出卓面,要關掉遊戲重開遊戲才解決.",1
非常高興遊戲終於完善，希望之後作品都能藉此經驗更上一層樓。,1
2.0加上DLC 真的滿棒的,1
等了三年終於是可以玩的狀態了,1
就很喜歡沒有不喜歡的地方,1
我居然只要玩5個小時的bug就可以玩1小時的正常遊戲體驗ㄟ,1
很好玩的遊戲 劇情還蠻棒的,1
我宣布边缘行者和往日之影成功盘活2077,1
茱蒂和頌鳥好香😍,1
这是一个容易让人坠入其中的世界。,1
劇情精彩 每天下班就回家沉靜在夜城的世界 但是更新到2.0後一開始遇到特定地點空投一定崩潰 結果玩了50多個小時後現在我只要點擊任何存檔進去就直接崩潰(我沒有裝任何MOD) 重新安裝了依然無效 在修改前我不會再開啟遊戲 希望能盡快修復,1
光是劇情的沉浸式體驗就非常值得，2.0更新的狀態算是將遊戲又提升到另一個地步,1
"這就很怪安全為上光打這關我電腦就跳了3次,狙擊手還沒碰到第二位哩",1
讚讚讚，棒棒棒,1
幹的好CDPR,1
劇情身歷其境,1
遊戲是很好，不過這個新手訓練關真是太難了，跟本過不去！尤其是黑屏幕分散注意力這個操作好難，也不知道是哪操作的不對，就一直顯示上傳中，但都是紅色的不能按f！真氣人！,1
最喜歡的開放世界，任務設計和遊戲機制也非常有趣，歷經三年調整後已經是足以角逐年度遊戲的程度了，可惜來的太晚,1
沉浸感不錯 雖然很早之前就買 也是放到現在才開始玩 因為之前沒玩過 所以沒法對比前面糟糕版本 但就現行版本來說 算很好的,1
"真牛逼真牛逼，宋你是真牛逼，做事做到這個分上，佩服。 最具浪漫主義色彩的結局，感覺小宋就像另一個不擇手段的V，為了活命不擇手段。就像強尼說的，她運氣好到爆炸，遇到了V。 我當時真沒想到她最後給了我一髮大的，狠狠的騙了我一路，選擇界面我楞了五分鐘，想了想媽的都走到這了，一路殺到終點好了，儘管不是V的終點，心一橫，爛好人做到底，抱著百靈鳥往火箭走去還念叨著帶小宋離開。 緊接著就是最具電影畫面的鏡頭，夜晚、雨夜，V抱著百靈鳥面對李德，兩方對峙，這要是真拍成動畫或者電影想都不敢想；李德半跪，手裡的槍脫落，""棄子"".....聯想之前的劇情和邁爾斯嘴裡的狗哨，或許這才是李德最好的結局吧，一邊是國家一邊是朋友，可惜他又沒有能力改變這一切只能被折磨內心。 送小宋上火箭，嘴裡嘟囔著，看著火箭升空，這時我已經不指望什麼了，只希望小宋別上了月球還翹辮子，那一切白忙活了，最後和強尼的對話，一切兜兜轉轉又回到了原點。 回過頭我又想了想為什麼要幫這個騙了我一路的人。 三分因為小宋自己，她做到這個分上，就像權杖國王塔羅牌寫的一樣，她算計所有人只為活命，走到這一步也沒理由回頭了，她就感謝V還為自己留了備用計劃吧。 三分因為邁爾斯，就算殺了小宋也不可能把這個人型賽博核彈留給新美國，虧我一開始還覺得她人不錯，只能說真不愧是玩政治的。 三分因為李德，他希望對國家負責，對朋友負責，因為這些他內心備受煎熬，即便這麼多年，最後V殺死李德，他為國家奉獻自己盡了最後一責，V將百靈鳥送上月球也幫他保護了朋友，我就不信他不知道把小宋送給邁爾斯會怎麼樣，絕對沒好事。或許只有死亡對他來說才是最大的解脫吧。 最後一分則是為了V自己，誰知道結果如何呢？萬一成功了呢？一線生機也是生機。 cyberpunk2077 v2.0 ➕ phantom liberty我給出96分 音樂、劇情、戰鬥，各方面都是頂級，但說實話，我喜歡phamtom liberty這個名字。",1
DLC非常有誠意，推!,1
好玩，內容充實! BUG量也少了很多很多~,1
CDPR做的好，原本以爲2077就這樣了，但知道你們為了這遊戲不惜砸了10幾億台幣，後續的更新也有感覺的到你們的用心，雖然還是不完美，但只要這遊戲還在我一定會支持到底，CDPR加油,1
"DLC劇情超屌比很多電影劇習好看太多, 制作用心夠成意, 加上第一人稱視角沉浸式完全代入 如果續作有VR 買!!!",1
"如果你喜歡完美結局就不要買,在電馭叛客裡沒有這選項...",1
2.01更新之後遊戲開起來每次都會出現遊戲崩潰，更新驅動之後終於可以玩了，給過,1
遊戲的遊戲性、劇情、支線、技能都很有趣，都很吸引人。 遊戲的結局、邊緣行者動畫的結局都充滿夜城的風格。 滿滿的無奈，任何選擇都無法十全十美。 全成就後的惆悵感很難消散，對遊戲bug的無奈感同樣如此。 雖說如此，但這款遊戲大概是我2023年最喜歡的遊戲了。,1
除了npc常穿模之外沒甚麼大問題，自由幻局也很好玩，是我心中的賽博龐克世界，大推,1
好玩 無話可說,1
真的很好玩，目前只缺NG+和無限次重置特質了o.0,1
賽博猴子大集合,1
完整版就是好玩,1
加上DLC才算是這隻game的完全體，引人入勝的故事以及第一身視角去體驗V的冒險，能夠令人不自覺地投入了故事當中。 代入感強的玩家可能容易感受到劇情的衝擊和做選擇的時候那份猶擬不決的感覺，一個決定可以影響小至不起眼NPC的命運，大至故事劇情和結局。 Johnny Silverhand的存在可以說是為有時候不知如可做抉擇的我們提供建議，或者是以不同的觀點來看待事情，你可以說他是朋友或者是用來擾亂你思維的‘煩膠’。 對於選擇所做成的影響在DLC中尤其顯注，令人反思的地方也不少，最重要的是你能不受其他因素影響，貫徹始終嗎？我認為這遊戲的故事性比遊玩性更為優秀，佳作無誤（除去bugs）。,1
畫面一流 最愛cyberpunk 美中不足 有少量Bug 但都會繼續支持,1
現在值得玩了。,1
dlc满分,1
"沒玩不知道 , 一玩嚇一跳 , 真的太好玩了 , 為了2077組13900K+4090電腦真的值得 , 單機遊戲的巔峰",1
我玩過這麼多款遊戲 我從來沒在任何一款遊戲上感受到這麼多的情感 某些劇情中的選項 甚至會讓你深思熟慮的思考 就像有人說得Cyberpunk 2077這是一款給大人玩的遊戲 出過社會後再來玩這遊戲 你會在遊戲中看到現實世界的種種縮引 2077這款遊戲真的是個相當不錯且難得的遊戲,1
比星什麼空的好玩,1
好玩 改版以後更多內容可以玩,1
"這次資料片比起之前更有帶入感,所有任務也只有一項有明顯BUG,技能組優化也讓體驗變得非常好,DLC價格換取近30小時良好遊戲體驗非常划算。",1
"從2077等到2080, 這游戲終於好玩了",1
更新2.01之後遊戲開就閃退 真是謝了CDPR 😊,1
沒玩過這款 會有遺憾,1
1.6版本之前這遊戲幾乎不能玩，極差的互動及載入，掏槍有時還掏出空氣，各種BUG滿天飛車子還能開到穿越地圖，但在CDPR的不斷的慢慢的修復，且在EdgeRunner大衛的傳奇故事讓更多人注意到CyberPunk2077、同時更新的1.6版本後也一改當初過於雜亂的介面及系統，操作更加直覺，以及系統的優化，並在良好的遊玩環境下玩家才能更好的被帶入遊戲的故事(不然對話中當機只會覺得這遊戲是沙小)，2.0則是更加的合理化數值及技能點數分配(終於不會像1.6時外面雜魚比亞當還強的狀況了)，當然還有很多沒完善的功能，但這是個好的方向。 _現在2077終於站上起跑線了。,1
人生必玩!!! 特別是2.0版後!!! 栩栩如生、燈紅酒綠的美麗世界及城市!!! 錯綜複雜、百感交集的價值觀念及思想!!! 體驗完 或多或少豁然開朗!!!,1
更新好bug之後好遊戲,1
再也...不想....看到....火箭起飛了 爛夜城😭,1
DLC自由幻局接下酋長偷車任務後無法使用T叫自己的車出來，只能重開遊戲才恢復正常,1
作為衝首發的玩家 2.0再度回坑入狗鎮 可以感受到遊戲公司彌補玩家的心態 2.01雖然更新了一堆bug 但遊戲體驗還算不錯 整體來說做為老遊戲十分推薦在特價時入手,1
2023年初第一次遊玩，我那時候玩的是1.6的版本，花了70小時才把主線、支線，還有所有的委託任務都完成。DLC的推出，又加上版本大更新，所以我又再把它重新玩了一次，肝了好久才拿到白金，並且連同DLC共10多個遊戲結局版本都全蒐集了。整體的遊戲性非常豐富，地圖跟活動度夠自由，攻擊的手段也很多元，不管是駭客、槍枝、刀劍。隨著你漸漸地上手，都能夠很享受在每一場的大小戰鬥中。 _ 我做了一部心得影片，分享給大家！ _ https://www.youtube.com/watch?v=wv2hINmeQwg&t=208s,1
最佳化的很棒筆電也能順暢跑,1
修完BUG后还是好游戏,1
10年内無法被超越的游戲,1
"2.0才開始接觸這款遊戲,但是劇情真的很好.",1
改版2.0後，真他媽的好玩!!,1
好玩 值得推薦,1
非常感動好玩又回味無窮的大作,1
看了邊緣行者來玩的 喜歡大衛,1
該給一個讚了,1
10年前看到第一支預告，滿懷期待，睽違這麼多年終於發布正式版了。,1
很好的策划，情节和思想都很好，十分沉浸且能引人共鸣。 制作精良，BUG有但不多。,1
從一開始的BUG滿天飛，1.2版本的大修復，到現在的DLC發布，才覺得這遊戲當初發表應該是要長這樣，現在直接入手本體加DLC一定不虧=必買局,1
个人不是很喜欢枪战的游戏但是从发售到现在玩了差不多200小时，但是这款的世界观真的让我很着迷，希望可以在遇到动画里的露西（哈哈）不过缺点就是可以和城市互动的地方很少（rockstar在这方面就做到很好）希望加多一些性偶就这样。,1
更新到2.01 一進畫面標題就閃退 等修正完就會給讚,1
还行，刀剑流真tm爽到飞起,1
讚讚讚~~故事內容非常豐富~,1
就是很好玩,1
喜歡這樣的遊戲，可以槍戰又可以有劇情，又可以培養自己的生活腳色，又是一款可以花好久時間玩的遊戲了。,1
很難得，不喜歡第一人稱遊戲的我也入迷了,1
堪稱業內標竿的賽博朋克大作 ! 感覺被新的世界爆擊 (*´Д`)つ))´∀`),1
目前市面上最有趣的cyberpunk題材RPG,1
超讚超好玩,1
畫面光影表現是現世面上最佳，值得推薦，而且可以變動難度，射擊或培養苦手也能輕鬆上手 但不喜歡無法以同一角色體驗全部結局，然後屬性點數重製只有一次這兩點...,1
更新了2.01，修复了一些前期遇到的bug，自由幻局的DLC也非常有意思，游戏越来越好了,1
每款遊戲多少會有bug不易外 對我而言 會引聽玩家的聲音 即便一直再修正 對我而言就是有人性的好遊戲,1
我不知道2年前發行的時候 遊戲有多慘 但我現在玩起來感覺不錯,1
之前首發買，一直沒認真玩，現在覺得挺不錯的 雖然還是蠻多支線會卡住(神蹟錯亂)需要讀檔，但總體來說好玩程度是可以扛著這些bug繼續玩得,1
從GOG跳過來這裡玩DLC，總時數大概600小左右吧，各種結局都玩了多遍，也重開不知道幾輪了。 昨天終於玩完DLC給的本傳結局，只能說在Cyberpunk世界裡沒有完美結局這句話果然是對的，光是DLC的四個結局配上ED就讓我意難平一整天了，這個新給的本傳結局實在也是令人難受，但是能讓人感到心情複雜的遊戲劇情就代表帶入感真的很深對吧，這遊戲真的很棒。 另外這遊戲也是讓我入坑美式RPG的第一款，我想感謝2077讓我知道這種遊戲類型多有趣，因為它我才跑去體驗質量效應三部曲這神作系列，再往後看應該是博德之門3，兩款遊玩風格不同但體驗都非常非常的好，因此這款遊戲縱使在剛開賣時有非常多糟糕的問題我也都體驗過，還是想給這遊戲10/10，期待續作能把當初宣傳的都加回來。,1
剛發售的時候玩的，那時候真的BUG多的可怕。但現在真的改善了很多,1
"在遊戲發售之初產生了許許多多的BUG雖說當時PC版的BUG比較少但還是因為設備不足加上還是有遊玩不順的部分所以就沒破了，睽違了兩三年後2.0更新終於開起來好好的破完了。 現在看這遊戲有許多優秀的地方首當其衝的當然是他世界的塑造，完美的呈現了賽博龐克的都市氣氛在劇情和支線上也充斥著那種懸疑、被侵占、爭執的元素，從開場任務到轉場時銀手的出現直至結束收尾時的劇情感嘆，這些讓人非常舒服和順利的融入這個世界。 然而最優秀的還得是第一人稱的塑造，在發售之初和剛開始遊玩時都非常能感受到第一人稱的不適感，不便的視角、略為的暈眩感等等，但在經過數個任務後就能發現製作方在鏡頭上的用心之處，在案件執行中的對話，動畫過場時的互動到與你比麟時的對話交談，這些種種都能感受到和其他NPC的距離，那種面對面對話的感覺搭配著前面所說的帶入感讓你可以在情感上快速的和其他人物做連結，在這情況下人物塑造都變得和其他遊戲難以相比的充滿和立體，乃至後續其中某結局所塑造的""情緒""在這第一人稱的鏡頭下完美的呈現。 最後還是得說主線劇情實在是太短了，很期待DLC所補充的劇情，那等有空再玩吧。 還有阿，最後工作人員千千萬萬不要跳過阿，好久沒有遊戲可以看到其他人物和主角能有這麼親近的小故事了，加上那個音樂真的非常的好聽阿。 ""A thing of beauty, I know"" ""Will never fade away""",1
預購玩家 首發時因優化和電腦配備不夠好 所以我只能草草通關主線 沒有真正體驗到夜城的大街小巷和人情世故 這次的2.0版本和自由幻局DLC 讓我充分了解了CDPR的Cyberpunk的悲劇故事 不管是V 還是老李這NUSA的忠心犬 或是失去人生的阿宋 亦或著是邊緣行者裡的大衛 露西等等 全都是小人物為了自己 為了別人 為了你愛所愛的人而放手一搏 畢竟在夜城 只有成為傳奇才能證明自己活過,1
你問我寧願去香港夜市定係返屋企嘆冷氣開cyberpunk 2077去夜城挽，我會揀去夜城挽😂,1
整體體驗還不錯 單純覺得掃描尋找東西的玩法有點浪費時間 然後對險卡外接盒的優化非常差，外接3060常常掉偵,1
2.0後可以推薦了,1
遊戲很棒，dlc更是值回票價，喜歡科幻題材的玩家絕對不能錯過!,1
直到 2023 這絕對是必玩的神作了!,1
換40系玩後 做夢都會勃起,1
❤🔥 夜之城的靈魂之旅——這不是遊戲，是穿越未來的重生！ 150小時的遊玩後，我終於敢說：《Cyberpunk 2077》不僅是遊戲，是一場徹底的「數位靈魂出竅」。從踏進夜之城的第一秒，那霓虹閃爍的雨夜、街頭幫派的耳語、義體醫生診所的機油味……所有感官都被拽進了2077年的反烏托邦宇宙。 👉 *關於沉浸感*： 扮演V的每一刻，我都不再是自己——街頭小子出身的我，在來生酒吧接下的每一個委託、與強尼・銀手（基努李維斯真的神了！）的拌嘴拉扯，甚至路邊攤販的一句髒話，都讓我相信自己活在這個腐敗又迷人的世界。多結局設計不是噱頭，每一次抉擇都像親手捏碎自己的心臟，卻又忍不住重開一局。 👉 *未來世界的細節狂魔*： CDPR用顯卡燒出一座夜之城！全高畫質下，雨水在螢光廣告牌上流淌，地鐵掠過巨型全息投影的瞬間，我差點忘了呼吸。更別提「狗命鎮」DLC的陰鬱貧民窟——那裡的每一塊鏽鐵都在哭喊著故事。 👉 *玩法與進化*： 首發時的爭議？早被2.0更新轟成渣了！現在這遊戲是真正的RPG怪獸：當黑客癱瘓一整支軍隊、用螳螂刀化身賽博忍者、或靠嘴砲化解死局……自由到讓人上癮。加上「自由幻局」DLC的間諜陰謀，伊卓瑞斯・艾巴的演技？完美到想給他買杯酒！ *給新玩家的話*： 關掉所有現實的燈，戴上耳機，讓Refused樂隊的吉他炸裂你的腦神經。這不是「玩遊戲」，是讓強尼的晶片植入你的大腦——準備好痛恨、熱愛，然後在結局字幕升起時，盯著螢幕發呆半小時吧。 *附註*：別猶豫，直接買「自由幻局」DLC，你的靈魂會感謝我。,1
难得的好游戏啊，2020年第一次打开这个游戏，当时就被引人入胜的剧情吸引了，中文配音也超级有代入感。虽然还有些不完美但是个不可否定的好游戏，今年2023年正好是银手死去的这年，真是巧。2.0版的更新让这个游戏更加完善了，这个游戏质量绝对对得起它的价格，这都不知道是我的几周目了，我还会再来玩这个游戏的，它值得我无数次的回味,1
無論重來多少次 我也會選擇拯救百靈鳥,1
我愛2.0,1
他終於不是一坨屎了，一個DLC可以變成另一款遊戲，真的買RTX顯卡第一次體會到RTX顯卡的厲害，其他遊戲的RTX都小兒科，我可以很沉浸式的體會在2077的世界裡了，光追真的厲害,1
为了千寺狐！刚发售的时候并没有买这个游戏，但是看到加入了国人玩家后，被这一举措所感动。这才是有人情味的公司，希望后面可以越来越好。,1
我就是有錢,1
所謂賽博龐克的浪漫： 在看似毫無希望的未來裡，前往未知的新世界，也隱約透露出那種或許還有一絲光明的道路。 或許V跟強尼的傳奇都將成為過往雲煙，企業依舊囂張跋扈，但在那一瞬間被壓迫的小人物們用最狂妄的一記中指甩在那些權勢者臉上，就是這樣的暢快。 劇情雖短卻有著強烈衝擊力、人物刻畫優秀，戰鬥舒暢爽快、比較可惜的是沒有太多強敵讓玩家試刀，其他扣掉還有得一些小小小BUG真的沒甚麼值得挑剔的，期待續作與影集再次帶給我們感動與震撼。,1
2.0之後畫面、效能與穩定性頗具水準，我GTX1080在1080p下OK,1
遊戲內容很豐富,1
一定是大拇指啦,1
絕對是只有買遲，不會買錯,1
玩过最好玩的游戏,1
2077易大師參戰,1
現在這2077才是他該有的樣子整體遊戲很讚劇情帶入感很好 DLC也好到沒話說 可是結局都很 糙淦 不是轟轟烈烈的成為傳奇 要不變成流浪者 要嘛跟愛人朋友遠走高飛 還是跟著世界浪潮孤獨又平凡的活著 夜城總是讓人憧憬也讓人失望 還有這糙淦的世界 哪糙淦的夜城 現實到讓人憂鬱 好遊戲不說雖然剛出的時候讓人失望可是至少他回來了,1
至少有負責,1
"超級讚, 但有人可以教我2.0版本如何製作補藥嗎?",1
遊玩時偶爾會閃退，記得沒事點一下F5快速存檔，主線劇情當作看電影的話還不錯,1
非常好遊戲 動作非~~場好 劇情也是非~~~場好,1
真的改善很多，值得鼓勵的團隊,1
移定是大拇指啦,1
比某些只知道餵玩家吃屎的刷子遊戲有誠意太多了。 做得出這種單機遊戲還願意持續更新五年。 画面跟优化都比以前好很多。 排除掉劇情不屬於CDPR的因素，個人評價7/10 應該來個可以快進而不是直接跳過對話的功能， 畢竟現實中的人他沒有這麼多時間， 理論上玩家在遊戲裡的一天現實中應該只過兩個小時左右甚至更短， 要有類似這種觀念來調整遊戲的節奏比較好，不然玩起來很累。 美術跟操控性、暈3D的問題還是差些，讓人壓力有點大，影響到帶入感。 雖然有很多支線，但是沒有那種真實自由的感覺， 現在就像是強制把玩家按在電影院的椅子上讓人很不舒服， 應該要有一些情節讓玩家產生好奇去探索這個世界的一些玩法跟趣事， 讓玩家跟這個世界產生一些深入一點的連結， 然後當玩家因此觸發一些小事件後，主線再被一章章揭開比較好， 這聽起來很難，我的意思只是說例如策畫團隊可以把支線變成其他玩法而已， 然後大部分的支系都可以觸發主線，而不是一直讓玩家直奔主線。 因為有的人他就是來看主線劇情的，所以他會錯過很多東西。 但這樣他為什麼不直接去看別人玩就好了? 所以永遠都是只做任務、殺人、看電影，無盡循環， 一直讓玩家拼命直奔主線肯定不是一個好辦法。 看了下其他人的評論還有一些遠古大BUG沒修，我自己倒是沒怎麼遇到。 我想說，如果這遊戲能營造出讓我想住在裡面的衝動那就好了， 但現在看來依然遠遠達不到。 倒不是要你做成荒野大鏢客那樣，那樣節奏還是太散太慢了，引導性跟意外性不夠強。 雖然是這麼說，但像2077這樣相對還有誠意的遊戲以後恐怕很少見了， 以後估計都是爛大街的ai遊戲。,1
資料片劇情實在太讚，蠻能促人省思，透過不斷的選擇可以發現玩家自身的改變，比近期發售的太空撿垃圾要好太多了。,1
非常優秀，比星空她媽好太多了,1
自由幻局讓我太身歷其境，結局太悲哀讓我走不出陰霾了,1
終於玩到心夢中的2077,1
現在2.0版本，才是第一天該上線的水準!,1
"一開始確實很多讓人哭笑不得的BUG 但我還是玩得很開心 後期漸漸地越來越完整 直到DLC上市更是將這個遊戲推上更高巄 是個戰鬥,劇情,以及畫面可玩性都很高的一款遊戲 很推薦",1
同夜城無互動,1
"2023.10.04修改評價 推薦這遊戲 剛好閃退狀況發生在我剛修完筆電顯卡，雖這顯卡是銲死的，可是卻壞了可維修的晶片，還在保固內就維修，剛拿回來有更新跟下載DLC才沒差幾天以為這樣會是最新的驅動程式狀態，誰知NV顯卡常常有這BUG狀況，可以下載驅動程式卻無法自行更新安裝，誰知手動安裝驅動程式後，就能運行遊戲了，而且內容比之前更好玩~~推~~ 閃退,閃退,閃退 !!!!!!!!!!!!!!!!!!!!! DLC買完更新後,就沒見過什麼是2077遊戲了,點開始就閃退",1
还有更新吗？,1
都2.0了 開場救人的阿傑還是沒有槍,1
非常有深度的遊戲，最高難度三週目完成。,1
這不就比GTA好玩了嘛,1
沉浸感很好的體驗,1
畫面好，內容也不差 我覺得已經算是精品級遊戲了,1
終於像一款遊戲了,1
這麼好玩的遊戲 一直跳出遊戲崩壞是怎樣啊 是要不要做修改阿 很煩耶 這次內容不錯 最大的敗筆就是 一直跳遊戲崩壞 可以做修改了巴,1
當初半價入手賺翻了,1
我很早就買這個遊戲，但當時風評很差就放著不玩 1.6修很多BUG也沒回來，直到最近剛好看完動畫edgeruuner，，又剛好跟上2.0大更新才總算打開 打開耐心把等自由度打開之後，我就完全無法自拔了 首先是她的風格與世界觀，新鮮且讓我很有沉浸感 長大之後很少有單機遊戲能讓我像國高中時期玩到不想關電腦 其次是他的文本跟腳色都很有個性且風趣，會讓我忍不住去做支線或者跟角色聊更多天 只能說作為長期多少有關注2077的玩家來說，從不敢靠近到後來做出的種種改變 有感受到CDPR真的算是保有良心的廠商 還在猶豫不敢回來開遊戲或買遊戲的玩家，我認為現在的2077很成熟了,1
Geforce Now無法開啟2077，照Geforce Now的解答做也只是變成無限下載的狀態,1
還是有bug,1
眼睛要瞎拉 bug甚甚麼時候修,1
等不及玩到2.0,1
在上市後三年終於買入，玩法很多，沒有讓人失望,1
真的好玩了,1
和首發比起來改造裝置和天賦系統在2.0有很大的提升，服裝的模組被移除還是滿可惜。早期的榴彈睡眠、隔牆瞪人和犰狳模組可以把最高難度當簡單在打。,1
光影漂亮 內容豐富,1
兩年後再回來玩一次 才覺得這遊戲值得了,1
算好玩~但是一直閃退,1
比Apex好玩多了;),1
真的是 好棒,1
更新到2.0 整體遊戲80分以上`,1
超有誠意!,1
为什么更新之后登入进游戏会闪退,1
很棒的沉浸感,1
之前GoG平台全破之後，就一直放到3年後的大改版+DLC。 這次跳Steam平台再買一次，主要嘗試飛刀，搭配手槍與速駭玩忍者暗殺流，別有一番風味！ 即使是已經玩過主線的玩家，還是很推薦重新體驗一次這款遲來的完整版的遊戲體驗😍,1
這才是真正的賽博龐克,1
中文配音YYDS,1
買完以後爛庫里這麼久首通關....還是蠻有趣的，重開個檔試試dlc去,1
我自己來說是很喜歡這個遊戲的內容和世界觀與題材，其他BUG的問題就慢慢等待修復。,1
2.0才是2077該有的樣子,1
夜之城没有活着传奇但是有伟大千寺狐,1
雖然主線有點短，而且還是有些BUG，不過確實好玩,1
這才是玩家想要的2077 讚,1
十年磨一劍 這遊戲磨十年應該就是一把非常好的劍,1
更新後完全體的夜城還是挺值得一玩,1
虽然还是有一些BUG 但是个很棒的游戏,1
"閃退+閃退,重新下載也救不回來 (已解決)",1
還不錯玩 雖然很吃硬體效能 但是也沒辦法 哀... 等下次換新主機 再來試試,1
3年沒開版本還在1.0X 建議直接2.0走起，舒服的一批。,1
真的希望能有自由選擇第三人視角，不是只有用載具才有。,1
城市好讚風景好讚 還有其他 就是說必玩,1
玩着爽呢，突然崩溃了，垃圾游戏,1
2.0很頂,1
"更新到現在的2.0版本真心覺得內容豐富,很建議再開一個新檔體驗一次",1
狗镇的时候，经常出现画面一片乌漆嘛黑的状态，这是怎么回事啊。就算读取记录，也是不正常的BUG黑，狗镇游戏体验有点差。,1
到2.0才驚覺原來之前都是DEMO版,1
資料片好玩，本傳也好玩，2.0好玩,1
2.0以後特別開了新存檔來玩，目前玩下來覺得不錯，不過跳過對話的時候按C會一直起立蹲下覺得很好笑,1
越更新越好玩,1
終於回到巫師3的水準了,1
超棒的遊戲 如果有看邊緣行著你會感動落淚,1
好玩多了，但是還我消音左輪 :(,1
破完一輪後，打了mod，重新破到拿完聖物後，開啟Appearance Menu Mod，接著按下spawn，main character，然後點下jackie。這次我會帶著你，我們會一起成大業的，阿傑。,1
資料片一出就玩了三個小時停不下來(PS5版本)，玩起來跟原先的遊戲很不同，很好奇劇情會怎麼發展，目前體驗上覺得很棒，感覺得到是有用心做好遊戲，加上2.0更新，相信這會是遊戲界的里程碑，把爛掉的遊戲改到好也是一大成就啊，或許這是這幾年3A大作遊戲的情況，畢竟是新技術跟需求讓這些開發者越來越頭疼吧，不過熬出來了這樣一款遊戲，還是能讓玩家感到很滿意就好。,1
單戀武村一枝花,1
就像真的進入了夜城的世界一樣 讚!!,1
好玩。PS版已經玩了一陣子了，DLC準備換PC版繼續玩。,1
Cyberpunk 2077是我這幾年來最愛的游戲，沒有之一。,1
從首發到現在2.0更新，確實是變成越來越吸引人的遊戲了,1
這是個好游戲,1
2.0改了之後超好玩 一直沒來評價,1
給我打賞，感謝,1
很沉浸的體驗,1
佛心公司 真的是用愛在做遊戲👍👍👍💪💪💪,1
總算可以只拿武士刀 在那邊瞬間移動 ~砍來砍去了 2.0太爽了,1
"2.0版本修正了很多舊版的問題,值得重玩",1
修修补补后终于回到了这个游戏正常的状态，但是并不能忘记这个游戏是游戏预定欺诈的开创者之一,1
比Apex好玩,1
诶不是! 我不過就打你個幾槍 有必要叫這麼多警察嗎? 都2077了還挨不了幾發子彈? 現在的年輕人吼.... 真的是不耐操...,1
"喜歡以前的技能樹qq 2023/9/29 狗命鎮主線破玩 祝大家 ""旅途愉快""",1
"經過一段時間的修復和2.0的改版令遊戲變得更接近當初幻想的2077, 現在我能說這遊戲是好玩的",1
回來買了DLC看月球，我分數是給蕾貝卡的,1
越玩越好玩,1
我愛露西<3,1
從BUG遊戲重生為真正的3A遊戲,1
新版本的笑口常开模式让我想起另一些主人公会笑的游戏，很直白的反应，很好懂的情绪。新版的处决真的做的很宽松，把敌人的骨骼强行插到刀剑上的情况比较少，如果对方不处于可处决的姿势直接砍一刀带断肢，很标准很经典。缓时的处决bug也没有了，不用忍受自己缓慢处决空气看着对面把自己射死了。,1
買了這遊戲快兩年，剛開始是留負評的，但這次的2.0重大更新後真的蠻滿意的，遊戲體驗大幅上升，不管是優化，技能樹，還是遊戲系統玩法都有大幅度的提升和進步，兩年了，終於可以打開來玩了,1
遊戲好不好玩?因人而異 我記得剛發售的時候，爺爺跟我說了一段故事 ------------------------------------------------------------ 我倒在血泊中，用盡全身最後一絲的力量點起嘴上的菸 很難想像周遭那些殘肢斷臂竟是昨天還在酒吧裡一起大口喝酒的夥伴 「乾了這杯，明天一起成為傳奇吧!」 我的一呼百應，卻讓這些好漢屍骨無存，我不敢直視那些不瞑目的弟兄 當談判破局的那一刻，我壓根沒想過這把該死的槍到底該怎麼瞄準 火拼的現場你唯一能做...不...唯一想做的就是別死 你根本不在乎那些槍口前的都是一條條的生命 啪 啪 啪 幾顆子彈貫穿了我的軀體，還等不及查看哪裡中彈，一陣劇痛迫使我 踉蹌倒地 對不起老媽，答應妳後天要一起到街上那家小吃攤慶祝妳的生日 妳應該請好假了吧?在那種血汗的職場別說放假了，能提早一小時下班都是種奢侈，應該挨了上司不少的罵吧? 也許我早該認份的好好照顧艾美肚子裡的小傢伙，當個普普通通的老爸而不是每天做著不切實際的英雄夢 我以為我是人人稱羨的道上兄弟，實際上卻是個連老鼠都不如的小混混而已 別說傳奇了，能活下去再體驗一次普通人的生活該有多好 此時一輛我平常沒看過的豪華禮車駛入工地，輪胎輾過肉塊和骨頭的聲響咯咯作響 我看不清楚後座的人是誰，他將車窗緩緩拉下一點縫隙說道:「我就不下車了，髒死了，快把皮箱拿過來」 接著一群西裝革履的壯漢下車，我認得出來她們身上的改造義體絕非地攤買來的爛貨，看來這群人絕非等閒之輩 「在這裡，您要的皮箱在這裡，那酬勞的部分...可以先...」邊說著邊卸下腰際上的手槍，將雙手高舉 我瞪大著眼，幾乎不敢相信提著那個皮箱的人竟是我最好的弟兄...凱?! 原來這場火拚早已是安排好的計畫，讓我們這群小丑鬥完後來個螳螂捕蟬的是最沒有風險的投資 而凱就是那個我再怎麼想都不會料到的中間人，原來豪情豪義只是一個選項 「你有看過裡面的東西嗎?」神秘人說著 凱「我實在太好奇一只普通的皮箱怎麼會有人出這麼高價的金額要取走...我只瞄了一眼而已..哈...」 咻，一顆子彈的穿過凱的腦袋 我竭盡力氣想叫出聲音，不料不管我如何嘶吼，喉嚨就像吞了一把沙一樣發不出聲音 一陣慌亂中我竟揮到了身旁的垃圾酒瓶 一位保鑣意識到我的存在「老大這還有一個人」 ----------------------------------------------------------------------------------- 員警:「長官這是祂腦部存取最後的資料，看來除了皮箱還是沒什麼有用的線索」 長官取下幻舞裝置不耐煩地說「你肯定新來的吧菜鳥，想在這群垃圾身上挖到什麼重要線索?」 長官噗的冷笑一聲，拍拍了他的肩膀隨後對著同僚們喊著「收工啦，我可是要五點準時下班的人啊」 有點不知所措的員警問道:那報告怎麼辦? 長官奪取員警手上的記憶裝置，往地上丟去再補上一腳 你說什麼報告? 一周後，再也沒有人提起此事 而這只是夜城的一隅而已,1
I no是第one批，但I觉得，这个game后期very好，起码后期在优化~,1
整體體驗非常不錯,1
動畫入坑，好玩,1
為了大衛跟露西,1
值得購買，該類型的開放世界之中最好的一款,1
開放世界rpg還是可以的,1
太tm爽了，现象级作品,1
肯定是非常推薦的 有夠好玩 開啟光追才是真正的2077世界,1
老夜城再見 早安新夜城,1
超級讚~可惜第一個DLC也是最後一個~期待下一個續作！！,1
從最一開始首發預購到現在已經過了三年，看著2077從被人唾棄的作品到如今的樣子，我永遠不會討厭這款遊戲，也永遠會支持這款遊戲，如今又要重回夜城了，讓我們繼續在夜城探索,1
1.6還行,1
"故事和世界觀很棒,尤其配合EDGE RUNNER更有帶入感,有心修正BUG和優化給個鼓勵,很多地方其實都感覺是有野心想做出來的部分但開發能力沒跟上,希望續作或是以後別的作品能更好",1
非常好游戏，爱来自夜之城,1
BUG滿天飛的開頭，波蘭驢終究是波蘭驢，修改多版後，還是交出了一個漂亮的結尾，期待DLC見證血與酒2.0,1
已經登上月球,1
世界觀有趣 故事吸引人 玩法多元,1
"神作無誤,喜歡賽博龐克類的題材一定不要錯過",1
期待DLC,1
支線豐富 有mod齁勝,1
夜城的美真的要實際玩過才會知道，雖然遊玩過程還是有碰到一些BUG，但不影響遊玩體驗,1
買好久還沒玩的路過,1
歷經兩次退坑終於破完，成就幾乎全解的話遊玩時數大概是120小時左右。 現況來說90%的BUG都修好了，剩下的有角色手不會完整握好方向盤、腳不會採好踏板之類的小差錯，或是叫車時車可能會繞遠路接你這樣，至少我不會再閃退或是掉出地圖外了。 主要想說一下玩這款你可以期待什麼地方: 最吸引人的應該是劇情，最耳熟能詳的是動畫《邊緣行者》，如果你想體會動畫裡那種在夜城只有苦中作樂的哀傷感本作裡有很多任務都有那些味道，或是你有看過小說《神經喚術士》，也可以在本作看到小說中主角只能在神祕的大型勢力中求生存的渺小感。 你也可以在一些支線任務中看到《攻殼機動隊》的影子，比如一個任務是一對被慢性洗腦的夫婦，老婆會告訴你不要告訴老公實情，但你很難分辨她是發自真心還是那也是洗腦者灌輸給他的想法，且這部分玩家有很多選擇可以走，可以隱瞞或是坦白。也有一些任務玩家可以像攻殼的公安九課那樣找尋犯人蛛絲馬跡來鎖定位置。 至於劇情分歧，基本上一切都在最後的主線任務才分歧，而選擇的多寡在於你是否有完成其他重要角色的支線劇情，所以在解最終的主線前記得把所有支線任務清完。 後來新增的服裝幻化系統也讓我很有動力撿裝，因為只要撿過一次就能在衣櫥裡當成SKIN套到主角身上，不會再像以前為了數值只能穿醜裝 遊戲其他地方就沒有太多特色，戰鬥雖然可以有很多潛行解法，但太多小任務都沒什麼變化玩到後來都只會想正攻，遊戲也有一大堆小不拉嘰的垃圾清怪任務，大概就像巫師3裡的寶箱一樣雞肋，城市雖然規模大但可以探索的地方不多....非常可惜了氛圍的塑造。 結論是如果你喜歡SCI-FI劇情或是上面提到的任一部作品，本作劇情不會讓你失望 但如果你是衝著開放世界的探索感或是RPG要素來玩，恐怕會大失所望,1
DLC快出了 看起來可以重玩一輪,1
因為喜歡賽博龐克的題材而遊玩了此遊戲， 相信這個遊戲的沉浸感真的十分非常的棒，美術表現也是有水準之上，對於第一人稱角色的體驗在劇情上是很舒服的，但是在戰鬥的技能玩法較表面，目前資料片還沒出來的時候還不夠深入應用，介面按鍵的流暢度算是普通，遊玩教學算是沒有都是用劇情演出表達，要依賴按鈕提示去記一些位置才會習慣。要自己去看說明書才懂哦。,1
沉浸感超強四處都能留意到細節設計上的巧思，遊戲性還是不錯的，除了駕車手感跟屎一樣，但稱為目前賽博最屌的遊戲也不為過,1
更新以後比較順，終於可以好好玩了,1
喜歡此類題材且熱愛ＧＴＡ的可直接入手，當初頂著無數的ＢＵＧ玩還是很上頭，在夜城遊蕩真的超讚的啦,1
真的好玩，還有中文語音，停不下來,1
好玩~劇情也不錯,1
之前号被盗了，开了新号还是买下来了 原本打算放库存吃灰的，但又有点不忍心 先玩了游戏，后看了动漫 经历过无数次杰克离开我 打败过无数次重锤 穿上大卫的外套 拿起瑞贝卡的枪 这一次，我还是选择做夜之城的传奇 V,1
我的硬件配置準備好迎接2.0更新以及DLC了!,1
後面都是免費的更新 你們做到承諾了 完成了這個巨作,1
超讚 玩了 至少500小時了 劇情超讚 更新也很有誠意,1
茱蒂我老婆,1
主線太短、餅畫沒補 只是修BUG(仍然存在不少穿模、動作破綻的BUG) 推出動畫以來最大的更新除了加入動畫彩蛋以外，就是塞一堆老黃DLSS的技術展示，效能不進反退 老實說看不到什麼誠意 推薦是給至少還能玩、有作的部分劇情沉浸感不錯──還有給邊緣行者給扳機社一個面子的,1
應該說從剛出到現在，感覺現在才是最好的狀態，不過真的是好遊戲，很喜歡2077給人的帶入感跟世界的設計，會很常漫步在這都市之中欣賞設計藝術。,1
雖然時至今日還未能完全兌現到遊戲發售前的全部承諾，不過這兩年更新還算有誠意，劇情和遊戲性各方面也算不錯。,1
bug還是有，但頂多就是路人NPC穿模、飛天之類的小事，重開都能解決，現在的體驗很不錯,1
劇情和世界觀我都十分喜歡。現在bug都修的差不多的情況下强烈推薦游玩,1
超級 愛這款遊戲 描述未來社會中的高科技、人工智慧、虛擬現實、生化改造等元素，以及這些元素對社會和人類生活的影響探討一些科技的光明面和黑暗面，個人以及自由與權力的問題。,1
我們就看看未來會不會變成這樣,1
太nm好玩了,1
如何推薦這遊戲 「它治好了一位30多歲大叔的電子陽痿」 不論是人設／劇情甚至是戰鬥都相當出色 如果你也有電子陽痿的問題，不妨試試吧,1
"通关后再来评价，剧情非常不错。支线任务设计挺赞的。地图上的小说和杂志很好看，捡到的话记的在物品库里查看，很多小说有影射现实的梗比如，[spoiler] 某个2+1=？的游戏2077年终于发售了 [/spoiler]，每当看到这些都会会心一笑。电梯里和商店电视播的新闻也很有趣，我经常在电梯里挂机看WNS和新闻54台。RTX2070+i7进游戏的默认设置没改,画面不错，还算比较流畅。期待DLC发售。才发售时恶性BUG挺多的设置影响正常通关了，故意放了很久再来通关的。现在基本没遇到什么BUG了。",1
資料片發售前回來評價一下 首發玩到現在幾乎沒遇過BUG 故事設定我非常喜歡 看完動畫又再重打一次隱藏結局 電腦夠強的話4K特效全開遊玩非常舒服 缺點就是有點費錢包,1
比想像中好玩! 超棒的,1
遊戲名:華子在等我,1
經過修正之後bug的情況已經少很多了，如果是因為擔心遊戲體驗被搞壞話可以放心入手。 劇情方面沒什麼問題，但是如果不是cyberpunk題材的愛好者或是稍微有一點研究的話， 就只能從路邊或是任務裡提供的文本稍微了解一點背景故事還有世界觀，建議入手前稍微做一點功課， 會玩得舒服一點,1
剛上市確實bug很多，但隨著陸續的更新已經明顯改善了，而且遊戲畫面也很美，故事也引人入勝... 要是場景能再多點互動就好了，有時候看到門就很想闖進去XD，總之本作確實是值得推薦的一款優質遊戲!!!,1
好玩 各方面都好好 故事十分吸引 氣氛令我投入 最驚喜係竟然有2段跳 如果平民都可以暗殺和似GTA一點會更好,1
虽然bug 贼多，但是它还是一个好游戏，只要期望不要特别高。 来自首发预购的韭菜。,1
媽的一直閃退是啥小,0
太多裸露鏡頭，物化女性／為了引起男性遊玩意欲，完全沒有考慮玩家身邊女性的感受：（ 完全唔支持遊玩:（（,0
還是有一堆bug沒修,0
難以想像這麼多年了還是一樣給玩家喂屎。patch 的目的不是修 bug 是為了喂屎，大開眼界。,0
DLC第一個任務就觸發BUG導致無法乘坐電梯 都2026了還沒修復 厲害了,0
別買 我2025最後悔的就是買了2077 戰鬥和無雙割草差不多，駭客流一個眼神殺人全家，時停流體驗dio模擬器 劇情方面有精緻包裝過的LGBT和DEI 當下解任務你可能沒感覺，仔細想想才發現這任務叫你要諒解要原諒(連續殺人犯贖罪十字架任務)，要反抗父親<父權>走出自己(計程車任務)，是不是和DEI訴求的一樣？ 我不跟你廢話，我就是厭惡DEI說教 女角他媽的就是醜 我不知道龐克風是不是女強人sjw髮型，總之我走在街上看到的幾乎都是sjw髮型 你想像一下50年後2077年走在路上看不到一個黑長直，全都是花花綠綠sjw髮型的刺青碧曲(對就是在講judy) 我都花錢了還要看醜女！ 唯一有趣的只有和基哥打嘴砲 幹,0
"可惜推薦只有""好""、""不好""兩個選項，我最終還是選擇了""不好""，不好的原因真的太影響遊戲體驗了。 先說這遊戲剛開始上市的各種bug、優化不佳，在後續製作組持續不屑的努力下，總算讓評論起死回生。 這也是五年後我決定購買的最大因素。 的確進了遊戲感受到老電腦的配置，還能玩的非常順暢，精美的畫面和光影材質，優異深沉的世界觀，能感受到這遊戲帶給人的魅力，但開始玩的時候卻也有""都五年了，怎麼還有這問題?""的想法。 1.遊戲剛開始的教學關卡，衝刺卡關(上reddit爬""三年前""的文才知道要改配置。遊戲教學只說按一次ctrl，但操作要按""兩次""才行) 2.鍵盤失靈! 讓我留下bad按鈕的根本原因。 出現兩次，玩其他steam遊戲從未出現這種惡性bug。 第一次出現bug，只有滑鼠能動作，人物會延續最後一次按鍵的操作，導致人物一直緩速移動無法停止，鍵盤沒有任何反應，按工作管理員和切換畫面都完全沒有動作。只能強制軟性關機才解決! 已經連續出現兩次，甚至找不到解法。 網路上爬文有類似的問題串(三年前)，但都沒有任何解法至今(遊戲上市五年了!) 3.穿模。對，遊戲都五年了，在玩過四小時的教學關卡，來到第二章才是遊戲正式開始，人物上車後穿模飛到地板下方。這還好解決，人物無腦跑到空氣牆邊亂跳都還能""爬回來"" 不影響遊戲。但第二點的惡性bug無法接受(電腦為了解決失靈得硬開機? 花幾百的遊戲搞壞幾萬的電腦，不值得! )。",0
解决不了闪退问题 先差评吧,0
"玩之前聼別人說是賽博朋克風的gta5,不過遊戲的射擊手感我覺得太過輕鬆了,bug也很多,不跑主線劇情的話感覺很無聊沒動力玩下去。玩了之後内心感覺好虛無。對我而言就算單論故事模式的gta5也遠遠比不上,就劇情還算可以吧",0
"更新到最新版,想重新玩 但這BUG依然很嚴重,居然卡在幻舞結束 所有行動,重載都沒用",0
能接受玩一玩時不時崩潰要重打任務再買。巫師3全面碾壓2077。然後嫖妓，也就只有兩個，其中一個還男的。,0
發售就買 一堆bug受不了 玩33小 後來直接閒置 現在開新檔重打 版本2.31 結果遊戲要發售5年了 還有不能存檔的白痴bug 沒mod 傳送沒用 叫車沒用 睡覺沒用 打電話沒用 破主線的中間的小節點看能不能存 也沒用 想說那把最後那個主線破完 看能不能自動存檔 結果中間限時選項按慢被萊斯打死 按回上個檢查點 恭喜 回到2小時前🙃 也沒什麼其他的很多方式可以試 因為我他媽還在序章,0
這遊戲開車手感爛得跟屎一樣，拿手把也沒救的那種,0
幾乎可以玩 但是開地圖會閃退 遊戲暫停會閃退(體感機率三成左右) 幾個錯位bug還是有,0
1. 敘事差 2. 情感鋪陳太隨便 3. 訊息破碎 4. 好感對象充滿莫名其妙(剃半頭女雙、中二男人婆、工作狂警察、gay)三小 5. 銀手自私自大又中二還偏偏一堆話 6. 強迫第一人稱做RPG 7. 操控極差 (尤其四輪車) 8. DEI觀點瘋狂強暴玩家 9. 物品表格依然亂 且說明系統不直觀 10. 角色(製作方)自我體悟程度不高也不深不廣 卻又要三不五時說教 11. 中翻(尤其正體中翻)極差無比 CDPR一如既往地把美術視覺弄得非常好，但一個好遊戲重點不在視覺設計而已，cp2077讓我感覺本末倒置的非常嚴重,0
這遊戲都多久了還會閃退卡著無法繼續玩，每次載入同進度就閃退,0
嘗試各種設定還是一直閃退，已退款,0
垃圾遊戲 說要多人沒有多人,0
場景黑的跟他媽逼一樣，傻逼游戲,0
2.3更新後，遊戲中開啟UI介面就會壞掉，然後開始破圖。幾乎不能玩遊戲，修好之前不推薦,0
npc動作不只真他媽生硬反應還特別奇怪 會在路上隨機生成 而且戰鬥系統真的是不行 不說我還以為在玩天命2 就算裝了pdo2077還是一樣垃圾 行為模式看起來像弱智 真的不懂好在哪 頂多畫面爆打多數遊戲 至少玩到現在 帶入感真的0 到底為甚麼一堆人會追著捧,0
感覺一般般，并沒有真的是個“神作”，主綫劇情不是很長，二十多小時就能打完 首先劇情方面它并沒有特別醒目的地方顯示/分類那些是支綫哪些是主綫，尤其是人物本來就一堆，都分不清了 而且可玩性感覺不是很多，首先載具和房子種類就沒有很多，基本就車十個能買，還沒有改裝功能那些，房子就幾個，地圖也不大 而且一般游玩時只能第一人稱，不能換第三人稱（除了開車時可以），整個視野看的很近，要坐很遠才能看得舒服點，對家裏房間小的人不友好 而最麻煩的地方在於他的自動保存不是比如每3分鐘保存一次，是到達一個記錄點才保存一次，死了就要回到上一個保存點，有時候比如任務的一段對話再加“壓制”敵人打了10分鐘，你在壓制過程死了的話就要回到十分鐘之前再過一次對話，再重新打一次人 而最差的地方就是沒有聯機，不能跟gta一樣pvp，導致任務做完基本就沒東西玩了 而且這游戲打人爆頭基本上不是一槍死的（就算沒有頭盔），很不符合現實 唯一好的地方我覺得就只有建模上是比較細節 這游戲但凡能跟gta一樣pvp，聯機，而且地圖大一點，載具那些也要多一點而且能改裝才是“神作”,0
一天遊戲崩潰20次以上....... 有的還直接損壞存檔...... 誰說已優化好得QQ,0
不小心被喚醒對2077的憎恨 想起忘記給這遊戲一個差評 身為一個預購仔我會永遠記得 波蘭蠢驢永遠跳票了 永遠不會做到發行前承諾得內容 說好的分支影響深遠呢 說好的生動的路人呢 說好的多人模式打倒GTA呢,0
本著遊戲持續更新，想體驗DLC乾脆重頭來過開新存檔打完後再買DLC。 重新體驗了2.3本體50小時後，我放棄了這個念頭。 時隔數年再次回到夜城體驗，很難好評，即使遊戲做得再好。 滿分10分。畫面9、場景8、音樂8、劇情9、戰鬥系統9，基本都算優秀。 接連遇到無關遊戲內容的Bugs，體驗很糟。 給負評不是遊戲不好，而是太多基本的東西都沒做好修好。 比起初期與1.5版本Bugs少很多但是還是挺多的....... 底層系統性的問題大概一輩子都不會修正了。 建議可以接受以下缺點再進行購買，基本都是非常破壞遊戲體驗的。 ❌．閃退與卡死 本以為新存檔重新來玩過一次，這些問題可能不會頻繁遇到。 實際遊玩遇到頻率挺高。 建議若剛買遊戲遇到狀況，不想解決能退趕快退費。（因為不會只遇到一次） 全新安裝遊戲，新的紀錄存檔，無任何MOD。 都2025了沒想到多年前的閃退問題仍然存在。 從發售至今的老毛病，底層代碼問題，大概一輩子都不會修了。 觸發狀況因人而異，需自行找解決辦法，非常嚴重影響遊戲進行。 部分劇情或場景或操作導致閃退，原因不明。非常破壞遊戲體驗...... 已經無關乎遊戲內容了，而是連基本的遊戲都沒辦法。 解決辦法： 如更新顯示驅動、降低遊戲特效設定、更改參數、關閉雲端儲存......等等 光是在找因為那裡導致閃退就浪費一堆時間，我是來玩遊戲的不是來Debug的。 何況沒裝任何MOD都能閃退，真的是非常非常糟糕。 搞定後還得接著讀檔把閃退之前的內容重新打一遍。F U C K 浪費時間Again...... ❌．卡死 全新安裝遊戲，新的紀錄存檔，無任何MOD。 同上 這問題比閃退還嚴重，某些特定的情況下操作會導致卡死，原因不明。 操作全部被鎖死連系統選單都無法叫出來，只能強制結束遊戲。 讀檔重新打一遍，浪費時間Again......F U C K ❌．任務卡死 Bug導致任務卡死以及浪費玩家時間... 都2025了這種已經嚴重影響遊戲進行的低級錯誤也沒修好。 e.g....關鍵道具在NPC身上，但是你摸不到。→ 讀檔解決 e.g....關鍵道具在NPC身上沒有劇情保護就死亡，任務直接卡死。→ 讀檔解決 我就問了明明很多白癡的NPC都有劇情保護為什麼有些就沒有？？？ 浪費一堆時間在找道具，結果發現根本是卡Ｂｕｇ了。去你媽的 諸如此類的任務設計太多，萬一沒有存檔可以讀。 恭喜你重新開一個新的紀錄吧，遊戲體驗全部被破壞了。 一次兩次也就算了，發生的頻率太高，每次玩一玩都要懷疑自己是不是又中Bug了。 ❌．任務不合理 部分任務各種不合理的設計。 2.3版本更新新增的車子任務 其中一個橋段要讓玩家截停車子， 但這台車就像是開了掛一樣無視物理撞擊無法截停， 需要時停直接開門或拿槍射擊， 讓玩家浪費時間試錯，我就問了這到底什麼低能設計？？ 非常非常非常非常非常非常非常非常非常腦殘的設計。 本身遊戲內容就存在的德拉曼任務系列其一。 找回逃跑的德拉曼任務也差不多。極度的破壞遊戲體驗.... ❌．任務 上述內容太多，這單獨拿出來噴，多數「重要」任務設計過於被動。 這歸咎於設計成等候NPC來電，沒有給明確的提示。 初次玩這樣的內容會覺得「有和NPC互動的樂趣」， 但是第二次，第三次，甚至是已經全部通關再回來重新體驗會感覺到很糟糕。 例如支線完成到一定進度，需要主線推進。 又例如你把地圖支線、NCPD全清了，依然讓你等候來電。 除了略時發呆，到處亂晃也沒辦法做別的事情，略時了還不一定馬上觸發。 搞得不想看攻略正常遊戲內容，也非得網路上找攻略或討論，極度破壞遊戲體驗。 遊戲內很多操作都有提示內容，這麼重要響遊戲進行部分沒有設計好。 明明可以設計成讓玩家主動觸發或是直接略時到觸發的形式卻要這樣搞。 ❌．ＮＣＰＤ 通緝系統專門針對玩家搞，破壞遊戲體驗的設計。 ＊－NCPD與各種敵方交戰會優先攻擊玩家的低能設計。 ＊－現行攻擊與報警處理的玩法，打一打NCPD會跑來攻擊你。同上 ＊－小巷弄或根本沒人的地方攻擊市民會直接被通緝。嗯...???? ＊－一堆明顯不合理也不合邏輯的NCPD優先追擊玩家的設計。 舉例：遠端攻擊如速駭傷害到一般市民會直接給你優先上通緝。 我就問了遊戲內的設定支線都要查案了，直接無視邏輯性追擊玩家是在哈囉？？？ ❌．駕駛系統 跟大便一樣的操作與手感，轉彎不是轉不過就是轉過度。 油門也沒辦法鎖定定速，變成只能加速或是減速。 遊戲內都2077年了，都有一堆智慧系統沒辦法定速，然後這操作爛的可以是在哈囉？？？ 不過多解釋到底有多爛，只能說勉強能用。 多年前是爛到底那種，近幾年更新號稱有比較好，但實際操作還是一樣爛。 另外呼叫車子時，車可能會從天而降導致卡在奇怪的地方或損壞。,0
有很多需要改進的地方,0
升級成2.3遊戲進入時會閃退,0
BUG一堆且容易閃退,0
即使出了5年 還是有不少BUG 選單卡死 竊案任務中 自動駕駛的車會開到翻車 無法操控 當下無法保存 只能重來 現在任務熊熊烈火 一進遊戲馬上跳掉 連完都不能玩,0
BUG一堆，包括但不限於 「裝了義體後RM值不給恢復反而持續扣血直到重新啟動遊戲」 「義體裝上去後無法拔出，導致遊戲無法正常遊玩且極度依賴mod才能遊玩原本的遊戲」 「吞掉你的義體技能導致你無法使用」 尤其是買了DLC後更加明顯了,0
砸錢買STEAM囤積遊戲那可以買，如果是想玩就別浪費錢了 內容量超少，劇情糞，黑到以為是盲人遊戲，乞丐模擬器從頭到尾都在撿東西。,0
內容極度政確 導致玩起來又香又臭 然後還有數不清的小問題 像是劇情跟角色沒有連貫性 時不時就卡住或東西撿不到的BUG 裝飾一樣的名聲系統(明明都滿名聲了結果沒一個認識你 甚至劇情中還直接問是哪來的小雜魚) 然後還有標題打最大的寫下怎樣的傳奇 不管哪條結局最後都像個笑話 最後只剩空虛感 何來傳奇之說 整體遊玩體驗瑜不掩瑕,0
2025/9 依舊一堆bug+閃退 說實話劇情也偏短 不完整 不到神作,0
到現在了，還是有一些bug，有些嚴重到會直接閃退，遇到不只一兩次，使用者體驗也極差，用鍵盤遊玩會一直輸入到中文，沒有綁死eng輸入法，還有一個很在意的點是如果今天有兩個功能都會使用到X鍵，他沒有分優先序，一律全部觸發，超白癡的使用者設計，只能硬著頭皮玩下去，老實說，很失望...,0
先說結論：不喜歡賽博朋克主題別買 最多打7 8分 主線流程算短 27小時就打完主線了 部分結局需要深挖 但主線的劇情表現的十萬火急 而作為普通玩家只是希望看到一個好故事 結果不明不白就選了一個的結局 在主線的敘事上並不推薦 有種體量靠支線撐起來的感覺 代入感也較差 如果你並非喜歡賽博朋克風格不建議購買 雲通關就得了 說真的要不是買了dlc有點貴逼著自己玩 我早卸載了 dlc也更像是遊戲本體就該有的東西 自由度確實高 多結局說是 但遊戲性這一塊誰給我補啊,0
窗口他媽打不開,0
没想到都2.3版本了BUG还是这么多，不过还好没有遇到恶性BUG，不过还是想吐槽游戏的内容开放地图假大空，没有可互动可探索的区域，任务剧情人物都能描绘得很好，其实应该做成箱庭的，派系build都像半成品，枪械手感差载具也一样，玩法非常单调让我没有多周目游玩的想法，只能说这部作品还是让人咋舌，徒有虚表没有内核的遗憾之作，也算是浪费了我80小时，In the end I would say Night City is a S.H.I.T,0
一直crash 連進入遊戲都無法 到底是更新了啥 爛成這樣 一直回報回報 該更新的都更新了 玩不了就是玩不了,0
推薦特價時候入手！！！ 細節做得很足、主線故事不錯 然而，主線（本篇）體感比想像中短，劇情有點趕 要多做支線才會享受完整體驗，不適合只衝主線的玩家 （但非常矛盾地，主線NPC會把事情講得十萬火急，讓你覺得時間所餘無幾，令你不想碰支線） 然後DLC 非常好玩：劇情、支線和委託都比本篇有料 不過不得不提，主線過場動畫有點鳥 對白真的又長又悶、一堆專業用語和文本，這麼多資料誰會看啊 本體委託無聊至極，只是讓你賺錢而已，沒什麼劇情可言 此外，遊戲沒什麼教學、界面真的太複雜，很多功能玩到後期才察覺到（尤其是製作道具武器的功能） 食物系統和背包更是亂七八糟 還有，花那麼多心思在設計角色外表，卻跟我説大部份遊玩體驗都只限於第一人稱？？ 最後，天啊，都2077年了，怎麼還沒有內建手電筒／夜視，好爛！！！！,0
比想像中無聊,0
垃圾遊戲 bug一堆 一直報錯 玩雞毛,0
2025年5月才打開這遊戲，想說過這麼久了應該bug少很多，結果開頭的教學關卡就遇到bug完全卡死無法繼續，bug 遊戲不負盛名,0
你M的 劇情比我命還長 打16.3小時了還沒結束 根本沒辦法自由模式,0
"都這麼久的遊戲,BUG怎麼還是一堆,不然就是玩到一半 就當掉 , 都破了 主線 為何 繼續開始 怎麼又開始解同樣的任務 實在不懂 亂七八糟",0
"作為巫師系列玩家，我真的無法給2077好評. 1.遊戲首發就BUG爆炸.(趕鴨子上架 2.明明可以做第3人稱，卻用沉浸感騙說只能有第一人稱.(趕上市 3.幻舞、多人、線上通通沒實現.(粗造的本體根本沒時間實現 4.主程式+DLC都不及巫師系列.(有50%嗎??? 6.露屌根本是詐騙，遊戲內連裸奔都做不到，還需要靠玩家MOD...(賣虛假的噱頭 5.各種退步的操作，下一款CPR遊戲一定慎重觀望....(修好本體不代表完成遊戲製作 *****2077如果沒有""動畫邊緣行者""根本就不及格....... 綜合以上幾點重點就是CPR，賣噱頭不誠實欺騙老玩家 你說CPR有沒有好好製作2077，有但以巫師系列標準2077就只做了50%根本不及格.",0
沒有不好玩，但宣發過度，打頂佳作卻拿了不屬於佳作的關注度,0
建築物自由度和真實感美感低,0
打擊感不流暢,0
玩着玩着突然崩了 哇！2077挂了,0
花錢買bug 果然是cd計劃公司 盜版遊戲出身就是不˙會做遊戲 你各位花錢小心點 這遊戲是詐騙,0
玩了 71 小時候突然開始發生遊戲畫面黑屏的情況 而且只有畫面黑屏，對話、操作、對話、選單都是正常的...... 煩死了.....................沒玩到結局感覺跟白玩了一樣,0
按Y跳過對話很容易卡BUＧ 都２０２５了還沒解決,0
死妈任务罪与罚,0
任務給得有點不明確 等好一點再回來補血,0
"垃圾二字.,,,",0
畫餅遊戲下去,0
"多個CDPR登錄器反而問題一堆,開遊戲沒畫面一直跑聲音.鍵盤怎麼按都沒反應只能強制電源重啟,CDPR你們可以再爛一點!!!!!",0
dlc 任務 爭霸有bug 印模脫不下來卡任務,0
白癡遊戲根本開不起來,0
根本玩不了 上来就是什么光线追踪初始化错误 我重新下了显卡驱动还是不行 今年的新游戏都没这种问题 这游戏也不新了还搞得那么麻烦 本来很想玩的 这么一搞完全没兴趣了 蠢驴做出来的游戏 终究是蠢啊~~~,0
傻逼波兰蛆没活硬整，一波更新下来改善游戏体验的模组全部报废,0
一直當機，劇情冗長又不精彩，自由度沒有宣傳的那麼高，一款爛遊戲，玩起來一點都不爽,0
幹他媽的這到底是什麼垃圾遊戲啊，過3年優化還是跟狗屎一樣，然後那你們那不喜歡武器模組趕快拔掉放那些垃圾站資源是三小，DLC設計也是跟垃圾一樣最後一段禁用狂暴系統也不提早講的，垃圾遊戲,0
"說實話....我進不去....應該說我今去開頭動畫就被""光線追蹤初始化錯誤""給踢出來了，我自己也不是用很爛的顯卡，好歹3060ti就算不用最高的配置只開最低，大部分遊戲都是能夠運行的，可問題就是這遊戲你還沒運行就默認把所有的配置開到最高，按照網上用GeForce Experience 去改內部設置...沒用，修改遊戲文檔UserSettings的配置...也沒用，現在我的感覺就是花了錢買了一個用不了的電子垃圾一樣。",0
主線各種黑屏或紅光閃爍 玩都玩不了,0
"可能是我習慣了神話三部曲的超長主線，覺得2077主線真的太短了，然後對其他企業沒有更多的相關任務，有點單調比如軍武科技,ZETA之類的很可惜，食之無味棄之可惜，還有居然不能買福空載具 另外約會內容也太單一了吧，無聊死了，怎麼說也要不同房子不同內容吧",0
車有夠難開.... 輸GTA5太多了,0
滿是bug,0
一直檔案損毀，試過網上的方法了，第一次開沒事但是之後再開又檔案損毀了，已經重新玩五六次了，玩不下去了,0
惡性bug糟糕透頂，有些時候簡直是場折磨 你除了BUG你甚麼都好啊!CDPR!( ；∀；),0
玩一玩黑屏,0
你什么时候把输入法兼容改好我再改好评,0
又是雙標多元的DEI 真可憐什麼不學跑去學育碧,0
"想像力貧乏的cyberpunk 不論是槍械還是服裝, 設計都欠缺美感和cyberpunk的味道 槍械數量太少, 服裝太醜 地圖設計簡直是糟糕, 有些地方會有狹窄擁擠感, 但是絕大部份的地圖設計都是廣闊而空曠 像是拿個現代城市隨便加點未來科技感進去一樣 地鐵系統完全多餘, 根本不會有人去搭 載具駕駛系統是我玩過所有遊戲裡, 最糟糕的載具駕駛 簡直垃圾, 製作組自己沒試過嗎 BUG的話, 還好, 但到今天, 仍然有不少BUG如破圖, NPC/任務卡住 但基本上不太影響遊玩 劇情...一般般, 沒有值得說的地方, 挺悶的 支線內容重複無聊, 沒有小遊戲, 甚至沒有全息版的昆特牌 做的東西跟一般現代遊戲沒有什麼分別 忘了, 製作組似乎不知道怎樣增強cyberpunk的味道 於是加一堆特效, 特別是雜訊和blur特效, HUD又加, 開鏡又加, 過場又加, 我加你老母啊 眼都要花了, 還好有MOD把這些東西都去掉 總的來說, 製作組沒有把cyberpunk的東西呈現出來, 玩下去只覺得是個近未來的科幻遊戲, 很多系統的細節位都做得很差, 玩過就知道, 不多說了 如果不裝MOD, 體驗真的會很差, 裝了MOD能玩下去(我只裝了改善遊戲原本體驗的MOD, 約80個), 主要是因為沒有什麼競品, 但是並沒有達到我對cyberpunk的期望",0
"垃圾的遊戲,突然間所有地圖上的主線任務消失.載入一日前的檔案都找不回",0
"到現在還一堆問題 , 玩著玩著就突然無法存檔 , 讀檔之後又正常了!? 還有場所敵對的問題 , 明明就沒敵人 , 回家睡完覺 , 所有地方還在敵對 這些這麼基本的問題到現在還有",0
劇情模式跟死人一樣，要在車裡等，要跟在人身後走，一堆對話不能一次跳過，只能加速，浪費時間。,0
換了電腦可以順玩才發現即使畫質設定開到最高都有物件消失距離非常短的問題。 而且煙霧超級超級假，完全就是平面的貼圖。 只能找mod去解決不然玩不下去。,0
"狗屎一樣的遊戲體驗, BUG多到你不知道你自己是不是做對還是做錯。",0
發售災難 到2024了 看起來也是跳票連連 反正不會再買這間公司的遊戲了,0
快逃! SBI來了 我先跳車了~~~,0
肏你媽你就繼續搞妳妹的政治正確,0
更新之後這游戲還讓不讓人玩？每次嘗試進入游戲，電腦就自動重啓。官方也不修這惡性Bug。白白花錢買的DLC和游戲放著吃灰。,0
謝謝SWEET BABY讓我省錢包 下個遊戲不用買搂 滾出遊戲界 毒瘤SBI,0
又一個遊戲廠商淪陷啦，等哪天你們把那群SB 幹爆，我再買你們的遊戲跟轉回好評，如繼續執意如此，那...願你們可以死於SB的手下，你們應該很開心吧,0
這些年謝謝CDPR的陪伴，最終還是走上政治正確的道路上。 只能說，該來的還是會來，只是時機而已,0
掰掰CDPR 2077最終也和SBI走到一起了 真失望,0
"盡量政治正確,如果外流屬實 你等著把自己搞下去。",0
和sbi扯上关系 也就只能这样 等到倒闭,0
"這間公司最近加入成為了政治正確的一份子,以後不會再買任何它們的商品!",0
詐騙玩家的遊戲公司,0
閃退 崩潰 玩不到15分鐘彈一次 是3小?,0
每次玩每次暈 真的是花錢找罪受,0
第一次玩根本不會知道特長能力值怎麼點，結果能力值重置只能一次，這是什麼爛更新？ 動不動門要17技術檢定、19力量檢定，然後改寫智能要16機智檢定，最後一個還能理解，但第一個⋯⋯，特馬開門要什麼技術？我不能蠻力開啟？整個就是很弔詭，強行要你多週目，要延長遊玩時間。 開發商啊！你這是單機買斷的遊戲，延長個屁遊戲時間啊！,0
開車手感一坨狗屎還塞一堆碰慈路人 + 碰碰車 + 不讓存檔，cdpr你覺得很幽默?,0
优化拉的一批,0
游戏半成品，还他妈乱改，插件不让拆是吧，你妈的,0
不説劇本質量，只說游戲製作：Cyberpunk2077是我目前玩過的最爛游戲！此游戲上市幾年，經數次更新，而我用的也是4090，但游戲體驗依然很差：（1）閃退極其頻繁。（2）自動保存時會卡頓。（3）玩久了也卡，但幀數未降，重載入也不卡。（4）游戲bug無數，此處無法細説。（5）技能和傷害的説明不確切。（6）畫質在同時代算一般，但優化能排倒數第一。（7）存檔增大到一定程度（約11M）會損毀，這不像技術問題。很可能在暗示抵制企業的行爲無法再堅持，夜城崩潰。【8】網上有吹蠢驢製作用心的。他只複製故事，複製得很爛。————————————“夜城”故事真實發生在一百多年前的美國，一群社會主義者“欲與天公試比高”，他們以暴力手段反對“自由市場”對資產的分配，並揚言要共產（結果是共慘），後來借一個城市讓他們圓夢，隨後原形畢露：他們的建築缺少采光，白天如黑夜。而且政治腐敗，不見天日。所以他們的城市稱為夜城。他們的車只有一個燈亮，電扇也轉得很慢，比如v公寓的吊扇，垃圾也亂丟一地......販毒、盜竊、搶劫、謀殺......各種犯罪事件也頻頻發生，有很多因暴力事件而殘疾的人裝著義肢，也就是游戲中的改造裝置。到最後他們也沒能離開資本市場。而且，在利益的誘惑下，很多革命者抓住機會，投奔向資本的懷抱，過著奢靡的生活。不過有人礙於面子，把這段歷史從書本上抹去了，然而民間留下了被修飾過的小説。這段歷史和中國的“中囯文革”極其相似！,0
更新 mod要重下載 操操操操操操操操操操操操操操,0
夜城等同於整個遊戲的縮影一虛有其表、華而不實! 表面看起來燈紅酒綠，但也就這樣了，除了販賣機和零星幾家商店外，剩下的就像壁紙，如同上市前的行銷宣傳，包裝過度精美，內容物粗製濫造，出三年了還有BUG(伊芙莉維持坐姿平移、路人太空漫步、擊暈NCPD放後車廂T字型站立穿模) 不是2077年嗎?滿天的飛車!滿街的電腦!!身為主角竟只能在地上跑、和一群狗蛋吃砸碎面!?所謂的未來感在哪裡，我只看到一群龐克打扮的半人半機器，能駕駛的飛行載具一輛都沒有。 最重要、最重要、最重要的是，竟然不能在大街上露我的懶覺 凸ˋAˊ凸!!! 3 <======8,0
一直閃退，肏,0
鍵鼠操作太奇怪了 按鍵多到不直觀 太少機會看到自己的角色 跑步滑鏟跟殘障一樣 劇情畫面還是一等一,0
更新後模組全掛開不了遊戲,0
夜之城，一个缺乏互动的城市，让人感受不到沉浸，像是一座死城。,0
背景世界觀是還蠻吸引人的 但是劇情的表現蠻差的 遊戲性也是幾乎沒有 天賦專精有一堆 可是戰鬥過程 就只是跑到敵人面前開槍就完事 完全不需要任何技巧 就連最後的BOSS都只能算是血比較多 站著硬剛就搞定 主線相當的短 支線也非常無趣 加上一堆作業感超重的小任務 和各種各樣的 完全沒有意義的技晶對話文本 當年就是看到基哥才買的 買回來玩幾天 各種bug 玩不下去 過了四年 才回頭把這遊戲玩完 可惜還是一部很無趣的作品,0
遊戲一直掛是要怎麼玩,0
好玩遊戲 買了DLC結果整天卡頌烏BUG就飽了 太好玩了,0
渲染距離過短，遠景貼圖差 開車常常會看到東西從近處冒出來 2024年更新完打不開,0
"畫面流暢 模組精緻 劇情演出扣人心弦 令人有沉浸式體驗, 但感覺城市內的人物是經刻意醜化後的產物 不美麗 也不多元",0
突然就完全不能玩了，每次按完繼續，讀取完就閃退...,0
有可能是硬盤加載慢，有時候場景人物跟不是加載速度，真的很好笑,0
大家很開心在兩年之後獲得很好的遊戲體驗 但我還真的必須說 這遊戲優化做的真爛 三不五時遊戲崩潰 同一個關卡要重複好幾次 真心覺得每次開啟優系 精神壓力都很緊繃 深怕遊戲崩潰又要從來 劇情做得好OK 配音員很賣力演出很感謝 但遊戲拜託不要給我一直崩潰好嗎 ? 真的快要被3A大作的遊戲崩潰搞到PDST了,0
一直崩潰這樣還可以賣給玩家喔,0
打不開是要玩個雞巴,0
"襙他媽的我一定瞎了狗眼又喝多才買這個遊戲 真他媽爽到上天 整個夜城我最雞巴, 少她媽跟我哈拉吃慶記拉幹",0
再見了CDPR 不會忘記巫師三帶來的感動 2077的改善讓我堅信你們是願意去理解玩家心聲的佛心公司 但是有sweet baby意識型態的介入就代表就此永別了,0
模組太難用不推薦,0
如果這款遊戲是純射擊遊戲的話，那只有第一人稱視角，那倒還好，但是這遊戲跟GTA一樣能到處跑到處跳的開放世界。畫面卻限定第一人稱，玩起來太痛苦了。有些人覺得這是為了沉浸感的設定。但是我自己的感受反而覺得是這遊戲代入感很差的原因。你在看電影時也是用第三者的旁觀視角去看，但是因為有分鏡有演出，所以不會讓你不能感受劇情的一切。但是這遊戲的視角，在劇情發生時，你是可以亂看得亂走的。所以發生過有NPC在講話，我還要依據聲音來源在那邊找，或是發生衝突了，其他NPC在跑在鬧，但是我那時視角剛好在看別的東西，內容就全錯過了。然後遊戲劇情有一堆選項，而且還限時選擇，如果會因為我的選擇改變劇情走向的話，能真的會很有參與感，畢竟劇情發展是因為我的選擇，但是這遊戲的選擇毫無意義，對劇情根本沒影響。只是會出現不同對話而已，完全不知道弄限時的意義，整款遊戲都有一整做到一半，發現做不出來直接放棄的半完成感。不過背景設定還蠻不錯的，劇情也不差，還有義手跟一堆新奇的東西能玩，路上的任務也蠻好笑的。還遇捯一個火燒下半部的NPC，特價能買來打發時間，原價就別浪費錢了。最後別人是遇到遊戲打不開的BUG，我是遇到關不掉,0
不能玩，已申請退款,0
趁冬季特賣買，結果到現在遊戲都還進不去 爛,0
劇情鋪陳的不夠完整而且沒什麼情感共鳴，雖然很多東西都有做但又做的很淺，BUG到現在還是有一些會影響遊戲體驗，設計師把行人和敵人放在一起，但開一槍路人就重複瘋狂叫很吵。,0
shabby游戏 我等中间人电话等了起码三个小时 真的浪费时间， 过个夜曲主线 还能jb被这低能保安挡住进不去餐厅 真的叼你母了 CDPR,0
根本進不去 爛,0
"玩了差不多5個小時, 頂唔順 好悶, 劇情長夾沈 人物造型不吸引, 非常Urban加Punk, 真正Cyber Punk 沒有GTA那種爽快 很浪費時間",0
好啊，玩了幾天後忽然連起動器都開不了，遊戲直接被竄網使燒了是吧?,0
沒想到我2023年年底還得面對遊戲打不開這種低能bug,0
DLC結局結束卡讀取重開 全部重看無法跳過,0
"劇情太乏味 我現在硬著頭皮在打，打了1年多了才推進30小時左右，最開始10小時還有動力，後面真的太難受。 對CDPR印象好，所以我捧場地又買了DLC。 這游戲的戰鬥系統讓我感覺摸不着太鬧，不倫不類，既不 第一人稱射擊，又沒動作游戲感，也沒鬼泣那種爽快感，也不想B社的輻射那種。 另外就是劇情，真的沒有煽動性！！！也沒感到深度性，反派勢力，是個沒深度，也沒有讓我感到有緊張感的，認爲必須要把它消滅掉的想法，即使我認爲那些反派推出把人變得不像人的技術，都已經加分地讓我感到不喜歡裏面的反派勢力了，但我依然對其中的反派感到乏味，難以重視。 衍生到難以重視自己投入時間精力打這游戲。 劇情就像是 在報 流水賬，還是餐館的流水賬，一斤捲心菜1刀，一斤西蘭花2刀，一斤肉3刀。。。。。。 簡單説吧，【【【【各種流派，我認爲需要有詳細教程指導玩家。】】】】 雖然我算是有很多時間可以自有安排，但我真的沒興致摸索。 這游戲我可能會再投入時間玩，先硬著頭皮看看自己是否能打通關。 我只能説，你們做的這個2077，比育碧的FAR CRY 3,4，那些個罐頭好。",0
2.1版本根本悲劇 變得非常容易閃退,0
我的整個遊玩過程是在 2.0 推出之後，透過 steamdeck 進行。 總體來說有些小瑕疵。 像是很難找到(拿捏)類比搖桿的 deadzone 跟輸出曲線的甜蜜點，精確度跟轉動速度只能取其一。 搞的我還要設定陀螺儀對應滑鼠操作才能通過打靶任務。 有些地方蹲著走會卡點，不多但大約遇到四五次。 非殺傷很不明確或說很難拿捏，好像是最後一下用非殺傷武器(鈍器或加裝模組以和為貴)擊倒就算是非殺傷狀態，但是如果再用非殺傷武器摸到對方一下，對方好像就死了。最常見的就是鈍器擊中後很難辨識出對方是緩緩倒下還是被擊中後身體傾斜，立刻補上一擊反而殺死對方。 搖桿按鍵功能重疊混淆，有時候想切換武器結果卻把倒地的敵人給扛起來。有時候確認鍵是 B 有時候是 X。 遊戲中的螢幕做得很逼真，會反光，然後看不到螢幕上顯示的字。 Launcher 會在進入遊戲前或退出遊戲後隨機卡住，如果卡住沒有透過 steam 關閉，過一會 steamdeck 就會死當。 優點方面。 可以在 steamdeck 執行，參考 protondb 的畫面設定後還算流暢，畫面表現也很不錯，讀取速度也在接受範圍。 為什麼負評。 開放世界，但是主線的劇情一直狂催你，快，要快，還要更快。然後還擺了幾個有明確時間限制的支線任務。 在開放世界中，時間是由你的行動來決定是否推進的概念就被否定了。 然後支線的 NPC 很喜歡推銷夜城的風景，不然就是突然跳出調情的選項，尬到不行。 要打比方的話，就像是拉麵吃到一半然後從碗裡發現油條的感覺，或是在速食店用餐到一半突然送上一份薯條說是經理請的。 這些事不是不能夠發生，只是 context 讓這些事看起來超怪。 怪到破玩後想著不如把 GITS 拿出來再看一次，然後 Sleeping dogs 再玩一次整理一下心情還比較爽。,0
一直閃退 根本無法好好玩,0
賽博龐克確實有它的特色，但不論如何跟當初宣傳有落差，所以購買前可以了解一下實際遊戲，沒有預告中的地鐵，也沒有當初宣NPC有獨立作息時間，即便DLC也沒有，雖然製作組投入很多錢製作及補救，也因為未達標準所以刪除地鐵和人物背景細致設定，BUG也修復不少，劇情內容還不錯，但宣傳騙人誇大就是不可取，包括當初說DLC不用錢。,0
汉斯的通话bug都不知道卡了多久还没有修复，真tm恶心。这游戏要不是有《边缘行者》和闲鱼的举动我都不会去玩第二遍，也不会去买dlc的。说的好听是一直在修bug，但是这么明显的错误至今还没有修复，所以整天都在干嘛？游戏还是和本体一样聊天聊天聊天的，战斗依旧是近战半分钟解决战斗！然后又开始话痨聊天聊天的，不是我欣赏不了这类型的游戏，是我压根体会不到《巫师3》里的那种角色代入感。真的是失望透顶！！！,0
我玩游戲沒有暈3D的問題，但這個游戲，無論靈敏度調多低，都很暈，四個角落的顔色跟中間畫面不一樣，比較暗，好像帶了VR眼鏡一樣，一點實體感都沒有，玩到想吐了。這游戲是如何把一個沒有暈3D的人變成嘔吐的？,0
囚鳥任務在動畫那邊車子一爆就閃退重開好幾次都是 所有能調低的都調低了,0
87狗咬狗任務死了幾二十幾次還是沒過暗的跟玩恐怖遊戲一樣也不給條亮度可惜無法退費,0
註冊驗證到底是哪個智障說要的,0
更新到2.02 遊戲畫面依舊卡住,0
DLC完全不給很久沒玩的人任何解說,0
就算不提bug，不到15小時的主線劇情可以算是一個成品嗎?,0
这游戏为啥还有无敌bug玩着一点也没意思,0
非常有趣的故事與事件+非常惡性的bug，完全破壞遊戲體驗的空中飛拳、隔牆打人、空氣牆擋玩家攻擊Npc卻能自由出入，請自行體會 更新：連重要支線任務的NPC都在2.02後還會憑空消失，莫名其妙也找不到修復方法，謝囉CDPR，完全毀掉遊戲體驗,0
作為一個有動作元素的射擊遊戲卻沒有第三人稱 我感覺不是在操作角色 而只是在操作鏡頭 還有第一人稱動畫演出各種變型導致人物陰影看起來有夠獵奇,0
"更新2.01後就開不了遊戲一直閃退,沒裝模組",0
自從2.01 版本上線後，就沒法正常進入遊戲。 每到一開始logo 畫面出現就會卡住然後閃退! 刪除重灌遊戲至少4次有了，也是一樣! 沒有安裝任何mod! 2.0版時還沒這問題! 不管你們更新了什麼東西! 趕快修復這問題吧!!,0
一直閃退，玩個毛,0
抱歉 這遊戲全部都很棒 但 DLC的北極星線踩到底線 恐怖遊戲玩法(躲貓貓) 秒殺機制(包括順移強制被抓回去) 地獄犬會從頭上爬出來 在附近會強制關門 還必須另外花時間暴力開門(它在附近會直接秒殺) 場地昏暗 有時間壓力 沒空研究地圖看路標更沒空看故事和對話,0
"更新2.01後就開不了遊戲,沒裝模組",0
"瘋狂閃退,只要跑主線就大機率閃退",0
一下可以玩 一下更新又不能玩 我跟這遊戲真的無緣,0
不如猴子射氣球,0
大改版後，開新檔 困難以上連一開始的走私追逐戰都會因為車輛鎖血 幾乎必定被打死 好喔,0
2.0是一個很傑出的更新 2.01是一個讓人失望透頂的修正 滿滿的BUG遊戲，不能正常啟動，開啟道具、地圖遊戲畫面直接卡死 更新內容很有誠意但是BUG的狀況實在是很糟糕，連遊戲都不能正常進行....,0
最近剛入坑，但更新完2.01版本後，直接閃退，連玩都沒辦法玩,0
更新完2.01打開直接閃退。,0
更新後更慘了,0
剛更新完就無法登入遊戲 修正後改回好評,0
"依然是個半成品遊戲 先說最大的缺點 都是BE。 單機遊戲不能連線就算了，給個結局不是半年後死亡就是變成弱雞，一代傳奇被小混混爆打 帕南失蹤 茱迪結婚以及好友死的死 拒絕見面的拒絕見面，你跟我說這是結局? 這是我最不能接受的地方 你要說是什麼遊戲背景就是如此，但林北是玩家 是來享受的 不是來被虐的。 再來自由度極低 改槍配件少的可憐，沒有改槍玩法 汽車還直接不給你改車，有修車廠但官方直接表明不會有改車 單機遊戲 不跟著走劇情，一大堆東西不給你解鎖，場地不能去、武器不能拿、車子不能開 對話看似有選項讓你選，但除了主要影響劇情的選項，平常亮出來的橘黃色選項你選哪個根本沒差 你選""否""，他也會打嘴砲變成""是""的選項，不信? 你讀檔在選一次就知道了 還有人腦補說是影響好感度，放心 你隨便選 可以推的NPC還是可以推，不能推的還是不能推 更新DLC後一樣還是BUG滿天飛，穿模、掉幀 例如 女NPC講電話時直接拿著手機插進去腦袋裡、被炸飛的鐵圍籬走過原處時還是會被消失的圍籬絆倒扣血 大量劇情BUG存檔毀損，在沙塵暴小屋蹲下後就無法站起來(後期進劇情也有相同情況) 在狗鎮人多的地方一定掉幀，從9xFPS掉到剩下30不到，更別說平常掏武器、叫出地圖 都會掉幀 車子物理引擎神奇葩，各種失去控制滑行不讓你好好開車，機車內建碰碰車，撞到牆會彈回來 雖說大部分問題都可以用MOD改回來，但這不就是垃圾遊戲? 本體不做好 要靠玩家自己修正 再來，今天你不裝MOD 不修改，那你就等著農一把武器要2~3小時的心理準備，更別說全身改造配件都要金色 搞清楚，這是單機遊戲 不是Online Game欸 我算是看清楚這間公司了 如果原本推出的就是這dlc2.0 那一樣也還是被罵定了 所以選擇推出一個更爛的版本，再加錢賣你dlc 你就會感覺這坨屎(形容)變香了 好評! 可以多賺一次錢，還可以把問題一堆的遊戲變成好評遊戲 果然壞人只需要做一件好事就可以變成浪子回頭的好人 只需要把千寺弧加入遊戲中做一個NPC模組，再請大量水軍推廣故事 瞬間變成神作 666 10/26 : 更新後還是垃圾 肉眼可見的bug 閃瞎人眼的曝光 還無法修改 車子撞到垃圾袋會飛天(狗鎮門口天橋下)",0
新 改版之後，沒有刷裝備打到裝備的喜悅 只剩下喔，又是素材。 劇情選錯就會死的抉擇，讓自由度又減少 技能點數的限制，重製只有一次 讓玩家只能選擇部分路線去玩 導致破完DLC就失去熱情了 題外話，DLC實際上大概 20小時 狗命陣BOSS設計得不錯 太依賴義體，導致配裝不夠自由 BUG還是一堆，沒修理 像是發病之後HUD 一直抖動只能依賴任務或修改器去把小地圖變正常 或是敵人卡在物體(垃圾箱/車子)裡面 ，或是 敵人變成T字 車輛雖然有新增部分技能跟車種，但是用途還是可笑 服裝的重量偏重，很多餘 不如全部都像GTA那樣直接去服裝購買更合適 如果 -50%以上歡迎入手 其餘情況保留態度。,0
幹你媽一天能遇到至少5次以上的載具bug要重開 修3年修一坨屎,0
"無法開車 按w s 不能前進後退 然後重""新""遊戲開始玩到第一次開車的地方才終於能順利開車",0
玩三個鐘頭就遇到一個不能開車的bug 想退款的時候還發現超過退款時間所以不能退 所以2020疫情後的遊戲品質都是這個逼樣嗎?,0
我就賤 看到大家一直閃退我不信， 買了結果換來是我一直閃退 垃圾遊戲,0
一堆bug,0
DLC 主線內閃退 讀檔+重載 重跑流程 也沒用,0
啲bug多到呀媽都唔應得,0
明明更新後一直都好好的... 怎麼突然就瘋狂閃退~~,0
畫面抖動的bug從1.0到現在2.0了還是沒修好，遊戲確實好玩，但是到現在還有這種很小的bug存在真的會讓人很無奈,0
2.0 以前玩得好好的沒啥影響遊戲體驗的問題 2.0以後動不動遊戲崩潰 閃退 是要怎麼玩 真有你的 cd projekt,0
更新2.0與DLC後會不斷崩潰,0
2.0遊玩度整體變很好，技能組跟人物配置都變很人性化。 就唯獨他媽的閃退真的是讓我很不爽，前面都玩好好的，今天一開%一聲直接閃退連讀檔都不給讀,0
閃退阿!!! 還好還沒買DLC,0
破幹遊戲想說剛更新回鍋玩看看操你媽的一直閃退我幹勒,0
更新2.0狂閃,0
已經試出閃退是因為同步雲端處存的問題 但到了某些節點還是偶爾閃退 劇情獎盃也bug沒跳 T Pose偶爾會出現 屍體也會 暗殺敵人 有機率發生 敵人已死亡但屍體還會持續動作或移動 還有非死傷擊倒 擊倒放下後 角色跟敵人都直接彈走,0
這遊戲剛當年一樣滿滿的BUG，跟著任務指示走，DLC狗命鎮前的人看到我直接開槍 努力殺完後任務NPC也沒有出現，後來上網爬文後才發現打一開始他們根本不該對我開槍的 才第一個任務[狗咬狗]就卡死了，買了DLC甚麼DLC內容都玩不到，氣死人,0
自由幻局BUG還是一堆，總統死不上車，敵人突然冒出來，狗命鎮巡邏隊仇恨值也太高了，到底有什麼毛病？ 男V不管嘗試什麼選項永遠無法成功攻略帕娜，垃圾遊戲,0
游戏还可以，但是有严重影响游戏过程的恶性bug，而且没想到时至今日这么明显的都还没修还隔着儿出dlc,0
惡性BUG依然多 直接中了一個新結局無法觸發,0
都過多久了 想說應該沒問題了 心血來潮下載購買已久的2077 結果遊戲進第2次瘋狂在開頭閃退 上網爬文都沒有用 甚麼垃圾遊戲 都重新下載兩次了,0
"互聯網沒有記憶。 沒人會記得CDPR鋪天蓋地的承諾，數數修修補補三年有多少新內容，錢花出去半年才收到貨，而且貨不對版。 遊戲史上最有名的詐騙案例和優秀的公關洗白教學。當初PV承諾的浮空車,立體建築,機動隊,各種勢力交互,多人模式完成了多少? 非要半價買我會說可以的，只是心疼預購玩家。兩年後修修補補算是「能吃了」、中途還和二次元聯動了一下引流了一堆新顧客、偶爾甚至還有幾小塊口味不錯， 就可收貨了。 👍 我的評價是畜牧業是真的做的好，能上好評真是太孝順了，太感動了。",0
真棒，重新下載不給玩 連進入遊戲都不行(沒有使用過任何mod,0
都幾年了，還是一個樣，首發時一堆人在噴，我不以為然的玩了數百個小時 個人整體感受下來其實沒那麼遭 但是這次可厲害了，更新直接進不了遊戲 那麼多人在反應遊戲資料損壞問題還是不熱修 這樣還想賺DLC錢，退給你啦,0
2.0修了啥?BUG比我1.6版本更新時還多!初始任務連續遇到2個BUG一個駭入按F失效，一個睡覺閃退!,0
載了60GB遊戲，花了20分鐘重點技能樹，然後花了10分鐘搞懂左輪的消音器去哪了 左輪跟潛行放在同一個技能樹，但是左輪的消音器被拔了，在單機遊戲被重砍一刀，因為我不喜歡子彈時間跟速駭 差點就被騙去買DLC了，謝謝開發者守住我的錢包,0
幻智之舞，垃圾系統，bug一堆,0
1.5版本~我開最低效能還能玩~1.6之後你們乾脆順便推出電腦配備算了~現在開最低效能都可以煎蛋了還會當掉,0
還是那麼卡 bug一大堆 動不動整個遊戲當掉要重啟電腦 一堆穿模 貼圖bug,0
"更新完平均五分鐘閃退一次,閃退你媽逼,回報也沒有用,到底要不要修拉",0
2.0版 畫面到退回初次發售的品質,0
2.0更新天賦大改就是他媽的笑話 最豐富的手雷系統改得非常單調，連槍的改裝也改的相當荒謬。 本來還算期待的更新變動後只剩失望。,0
2.0依舊有一些BUG,0
最近2.0更新很開心的又載回來玩，想說優化這麼多應該不錯吧 結果全被他媽逆天的警察系統搞臭了，原本警察只會隨機出現在一些犯罪現場，少量路上巡邏車，或是玩家犯罪被通報才會出現 結果現在每一座城，每一條街甚至每個轉角都他媽一堆警察，然後每個警察都跟瘋狗一樣死咬著不放，我跟幫派拿槍互開沒事，結果我開個車隨便碰到一兩下馬上被通緝，跑個任務A點到B點可以被追個他媽兩三次，還難甩，阿不是說這不是GTA那你學GTA弄這個衝三小，夜城警力不足的原因是因為都跑來巡邏都去追V了是不是?我還以為我在新北市ㄟ,0
更新了2.0呢，好棒捧哦，終於能在車內射擊呢。所以我的地鐵呢，多路線的劇情呢，cdpr你他媽在2018年火線夜之城吹的牛呢。三年的更新連個地鐵都做不出來。 Cdpr，呸，詐騙公司,0
開始新手的時期的技能點太少唔夠用,0
閃退朋克 2077,0
"2.0更新之後本期望的優化和遊戲品質完全不如預期 技能樹大改，看到義體數量大幅提申，可以想像的到喜歡玩打打殺殺的玩家會很happy，但對駭客流派卻很不友好 魔偶被改成了被動技能，感覺起來很棒但實則雞肋，更何況魔偶的種類還被大大降低，變得有跟沒有一樣 RAM消耗減免的技能數值被改少，而終極快速破解的RAM需求卻被拉高。 現在要玩就只能玩一種流派，一直疊加戰鬥類快速破解把敵人活活耗死，實際玩起來體驗很糟糕，減免的RAM消耗後還是沒辦法讓玩家一直疊加快速破解，會有空窗期就必須要用甚麼""腦機超頻""，我看是玩家要氣到腦袋燒壞，就算開了也沒有舊版本的一半強度，冷卻時間還超久，而且還有BUG連續使用快速破解會導致卡住沒辦法使用任何快速破解，我的天不能快速使用的快速破解... 還有以前本來修好的地圖問題到了2.0反而是復發了...到底是在優化還是在搞心態...",0
剛發行時就是這樣子，我才會給正評,0
一直閃退、一直閃退、一直閃退、一直閃退、一直閃退~,0
"開始時不大發覺,但玩了一會發現會有不斷有雜音出現...",0
仍然都是多bug 多bug,0
一啲都唔好玩,0
一直閃退 求助,0
遊戲無法從steam啟動 只能從exe檔開啟 無法觸發成就列表,0
"=======大小======= ☐KB小遊戲 ☐1-5GB ☐5-10GB ☐10-20GB ☐20-50GB ✓50-100GB ☐100-200GB ☐硬碟超載 =======圖像======= ☐像素黨秒天秒地！ ✓無法和現實區分 ☐滿足藝術 ☐賞心悅目 ☐普普通通 ☐毫無起伏 ☐別盯著看太久 ☐畫圖.exe ☐圖像不適 =======遊戲體驗======= ☐堪稱神作 ✓非常完美! ☐覺得不錯！ ☐普普通通 ☐毫無感覺 ☐盯著牆看都比玩這遊戲好玩 ☐鍛煉你的精神抗打擊能力 =======聲音效果======= ☐耳朵懷孕 ☐感到悅耳 ✓覺得不錯 ☐有點一般 ☐沒有波動 ☐耳朵流產 ☐音樂？什麼音樂？ =======受眾群體======= ☐兒童 ✓青少年 ✓成人 ☐僅限成人 =======配置要求======= ☐只能開踩地雷的電腦都能玩 ☐入門配置 ☐一般配置 ☐進階配置 ✓高端級配置 ☐超級電腦 =======難度======= ☐衝鋒開幹 ☐輕鬆愉快 ✓用點腦子 ☐上手容易精通困難 ☐腦細胞快速死亡 =======遊戲壽命======= ☐玩完進倉庫 ☐5-10小時 ✓10-30小時 ☐30-50小時 ☐50-100小時 ☐100小時+ ☐我覺得我能比他先去世 =======操作======= ☐你家的蟲子都會玩 ☐簡單 ✓中等 ☐困難 ☐反人類 ☐讓我直接投胎吧 =======肝度======= ☐養肝 ✓肝與不肝並不影響劇情 ☐稍微用肝 ☐肝痛 ☐肝帝 =======腎======= ✓養腎 ☐需要短暫的休息 ☐需要休息一段時間 ☐每關搭飛機 ☐腎痛 ☐一時飛機一時爽，一直飛機一直爽 =======故事情節======= ☐故事？什麼故事？ ☐文字或動畫音樂劇情 ☐普普通通 ☐感覺還行 ☐覺得精彩 ✓第二人生 =======平均一局遊戲時間======= ☐泡麵時間 ☐咖啡時間 ✓一場英雄吧 ☐半天沒了 ☐What！天亮了！ =======聯機======= ✓孤狼 ☐2-5人 ☐5-10人 ☐10-30人 ☐30-64人 ☐宇宙連線 =======語種======= ☐你信不信我會八國語言？ ☐基礎英文 ☐可以打漢化MOD或補丁 ✓自帶漢化！ =======價格======= ☐免費遊玩！ ☐發展業界良心！ ☐物超所值 ☐有閒錢的話可以一試 ✓不推薦原價 ☐信仰無價，不管甚麼都給我來一點 =======遊戲整體評分======= ☐？-？分（暫時無法評級分數） ☐0-10分（垃圾遊戲，差評） ☐10-30分（完完全全的不及格） ☐30-50分（總體不是很和諧，但是買來當笑話應該不是什麼大問題） ☐50-65分（勉強及格，算是個遊戲） ✓65-80分（算是個不錯的遊戲了） ☐80-95分（無論從哪個角度來看都非常不錯） ☐95-100分（神作！） ☐100-100 +分（完全超出預定水準，無論從哪方面看都是精品） ☐∞分（他可能是我這輩子看過最精彩的） =======BUG======= ☐幾乎沒有 ☐有一點點 ☐感到噁心 ✓我需要第二個鍵盤 ☐讓我死了吧 =======留言======= 自從更新後,我花了一個禮拜的技能全部重設",0
我以為隔了一段時間才開始玩 遊戲體驗會比較好，但是我發現並沒有，bug還是很多， 1）劇情走到一半，我發現每個人物舉起手在那邊跳轉圈圈，我還在想到底在幹嗎 2）故友死了，我開始自己的冒險，走在路邊發現一個5人幫，就想說打看看，打了一槍我就後悔了，5個人好像火影忍者，閃現來打我然後又飛走了，這是正常的嗎？ 3）最後就是【一般問題】 卡頓 閃退... 都出多久了... 15/08/2023留,0
他妈的不要买2077,0
2077它的內容跟巫師一樣，有夠拖的(巫師60小，還沒破完，甚至主線感覺還差很多那種)，真的是有點難愛上他們家的作品，對話一大堆，有很多還不能跳過，強制跑一些慢動作拖戲動畫。玩了4小時，戰鬥的部分少到靠北，難道巫師跟2077都不是戰鬥取向的3A? 大部分戰鬥根本就是我自己去找人幹架的，然後槍瞄準路人路人就會衝上來跟你一決生死的設定滿不喜歡的，我就是喜歡沒事拿槍亂瞄阿，怎麼了，每個ai都知道槍指著自己就是壞人，不能是瘋子喔? 就算這是為了合理化世界我也覺得這個設定很垃圾，給警告之類的還能接受，直接開幹到底是怎樣，看繼續玩後能不能改觀，目前60小的巫師觀感不怎麼好就是了....,0
惡性BUG修復了，但是實際內容並沒有像宣傳的那樣好，只是好一點的UBI遊戲。,0
2小時遊戲能崩潰3次白癡遊戲,0
身為預購玩家是被遊戲公司最不在乎的一群人嗎 說好的後續劇情DLC免費的承諾被狗吃了,0
我他媽電腦燒起來，這款遊戲害我多花了五千換電源供應器，3080ti也絕對不要跑最佳化模式。玩那麼久也沒辦法退款，只能把它隱藏起來，真的是越看越不爽。啥遊戲公司專門燒別人電腦。,0
一堆bug,0
好玩但是纯纯的半成品。 闪退这一块还得是你啊。 他甚至还敢开预购。 他甚至复刻了游戏根本都进不去了的传说。 能进的去了，讲究的就是一个蓝屏闪退。 21/7/2025 依然闪退,0
腳本檔案損毀無法啟動，按教程重新安裝依然無效！,0
最近打半價買來玩，想說玩起來不錯的話再買DLC 現在我不但不想買DLC甚至把遊戲卸載了。 聽說發售時bug很多，本以為過了3年bug應該修的差不多了沒想到bug還是一堆。以bug聞名的育碧遊戲玩下來也沒遇到幾個，這部感覺讓我把一輩子的遊戲生涯的bug一口氣碰了一遍。 開車手感非常糟糕，每台車都很難開，還給了一堆開車任務。 自動存檔功能也不行。我從A點到B點打任務，我在任務裡死了結果記錄只保存在還在A點的時候 -----後來又下回來打完--------- 先說卸載原因： 在做支線——罪不可赦（罪與罰）時，為了保NPC而選擇與警察打起來 結果被警察打死，而且死了讀檔回到接任務前，連開車追逐都還沒開始（開完車到與警察對峙的情節無法存檔） 後來查了攻略一是不與警察打架才能出現後面一大堆劇情，而且只要一開打想保的NPC肯定會死。也因此才下回來玩。 這遊戲可能真的不適合我。我要是在早以前知道這遊戲是武器傷害面板非固定，敵人血量隨等級加厚沒辦法幾槍打死的類型的話我肯定不會買。 審美沒對上 遊戲服裝種類不多而且大多都很丑，好在有幻化功能讓你盡量追求外觀的前提下不影響防御力（好像這功能是後來才加的，幸虧我當時電腦不好沒發售買來玩不然真的樣衰） 裝義肢需要點技能點，但技能點有限，就算是肝帝也不可能把五維加滿。第一個禮拜在興奮地研究每個部位裝什麼零件，第二個禮拜在發現點不滿這件事後用起了修改器開始把技能點加滿了（我覺得在這方面用上修改器沒什麼不好意思的，反倒覺得把遊戲設計成這樣的人就很好意思。當然可能只是我不適合這遊戲的另一個有力證明） 劇情的話，黃色的支線還不錯有點意思。但綠色的委託任務實在太多還沒什麼營養，可能有不錯的劇情寫在文字檔案裡但我其實沒看（不適合這遊戲的證明+1）。不過支線出來的實在問號，我把地圖所有支線清完還睡了一天看了一下沒有支線了才去打結局，結果結局回來又接到電話發現原來還有支線沒出來。 關於自己選的結局的最個人的感想： 做了很奉獻的選項，覺得自己也算是傳奇了真酷。結果結尾NPC都找不到我時才意識到自己的選擇真不負責任,0
不是不好玩，只是我不愛玩這遊戲 3A大作厭倦 個人意見， 如果你很想買就不要看這個評論下決定。 ---不作評分---,0
bug一堆,0
跳票無數年，發售一坨屎，更新三年還是一坨屎，出了DLC還是一坨屎。 終歸就是一坨屎。,0
閃退實在太多了,0
會卡關很多BUG...,0
更新後，連開場動畫、主選單都運行不到,0
爛 只會當機,0
兩年之後我想，這遊戲終於修好了吧？於是想把遊戲給破了。然後我看到的是慘不忍睹的FPS（RTX3080），畫面莫名其妙的閃爍和奇怪的光影，路上NPC的車子無緣無故的爆炸。我覺得我在浪費時間......這個遊戲竟然可以因為花了兩年時間修這些根本沒修好的東西拿了一個Steam的獎項，縱容他們的不就是玩家嗎？不會再買CDP的遊戲了......,0
"優化還是做得比較差,還有很多bug",0
時不時遊戲崩潰,0
我買了一個會瘋狂閃退的遊戲,0
謝謝你1.62、謝謝你垃圾光追 你毀了整個遊戲,0
BUG神遊 檔案大 雖然背景讚 但蛋疼體驗不是很推,0
兩年過去了，以為bug修得差不多 結果連遊戲都進不了，牛B。,0
媽了個擔擔麵更新後不管重裝幾次都開不起來，真有你得CDPRD,0
更新光追後就無法開啟,0
1~10分給1分 這一分給劇情文本的 其餘狗屎,0
不感覺羞恥嗎？,0
人物太醜，整個遊戲都在置入超夢影片，結果半個超夢影片都沒得看,0
遊戲更新完直接打不開 真是太棒了,0
遊戲不停的崩潰，任務做到一半又被強制踢出，回來進度又歸零，到底什麼時候遊戲公司才肯改進,0
閃退爛 ，按滑鼠左鍵螢幕右邊出現白色正方形框,0
nm天天闪退,0
這麼多年了總算修掉了不少bug,0
搭個電梯閃退三次，到底給不給看結局，糞G,0
"更新後,進入遊戲按鍵盤就彈出畫面......好幾天也沒修,沒錢買4070就不給玩嗎? 真頂!",0
更新後就不能玩了,0
真他媽爛 剛完10分鐘直接閃退跟我說遊戲掛了 錢直接丟水溝?,0
强迫我更新十个G一堆新BUG，就是为了让富哥们用RTX40系列显卡？,0
"更新了一個不知所以的光追之後遊戲怎麼樣都開不起來,原本以為是驅動的問題,但驅動都更新了,也打不開,官方也沒有要修 要解釋的意思",0
游戏本身确实当得上是跨里程碑式的游戏，在开放世界现代或近未来都市背景类型的3a游戏里，战斗系统的丰富度和可玩性完爆gta，深度和故事性又完爆了黑道圣徒，但我还是要给个否，因为它本来应该做得更好 姑且不说那些当初在发售前吹的地铁系统和多结局任务这些工程量超大的东西，也不说人称视角自由切换，发售到现在已经几年了，蠢驴依然连个玩家自定义枪皮和车皮的机制都不愿意出，也不多加些任务啥的，之前更新的一波差不多十g，居然是对于大部分玩家来说屁用没有的画质更新 但我又能说什么呢，2077太独特了，我相信它最后会像辐射4一样，被人骂半成品，骂到最后该拿的奖总会拿到的,0
"成事不足,敗事有餘就最可以形容依間不知所謂公司.無端白事幫N卡sell新光追現在game都進不了.自己份內事都做不好真係當玩家傻仔????",0
正事不搞弄這甚麼智障光追，現在連遊戲都開不了,0
不是欸 都1年了bug還這麼多,0
看大家吹這麼凶，就想說應該很穩，買來放著有空再玩 放了一年半才有空玩，結果是什麼呢? 操你媽一直閃退，玩你媽雞巴 還超過購買時間兩個禮拜的規則不給退，幹你娘老子當做給乞丐啦操,0
一直閃退~ 搞了快兩小時處裡閃退 電腦配備又不是差到哪裡! 玩二十分鐘有時候順有時候退~!真的是糟糕透頂,0
现在连游戏都不给打开了是吧。,0
特別為了redMod，太好用了,0
一直閃退一直爽,0
我是巫師3的粉絲 這款我等了一年多才敢入手 結果還是滿滿的BUG 有個BUG嚴重到不能繼續完成任務 真心不推 玩到一半剛進入樂趣 就被硬生生卡住 雖然不是主線 卻是重要的支線,0
发售这么久还这么多bug，你的妈是批发的？,0
蠻糟糕的 看完動畫再回來玩 真的覺得這遊戲缺點滿滿 遊戲性不足 UI設計差勁不貼心 主支線劇情松散 發售之今還是有影響遊戲進行之BUG 玩過之後在跟GTA或是B社旗下開放世界對比 這款真的不行 遊戲設計邏輯有問題 玩起來非常煩躁 真的喜歡不起來 什麼都想做畫一推大餅 結果什麼東西都做不出來,0
破幹遊戲 卡電話 怎麼用都不行 到底更新三小 你媽,0
因為巫師3才購買這款2077 撇開bug 遊戲內的操作手感蠻僵硬的 沒有像是決勝時刻那種操作回饋 不管主線還是支線劇情也沒巫師3那樣有感受 遊戲全破後整個感覺表現就是普通 沒有像巫師3那種讓我融入故事的感覺 很抱歉一直拿巫師3來比但是我就是因為巫師3才購入的 如果因為巫師3而玩這款的話 我個人是不推薦,0
馬的氣使我了 跑不動拉我好想玩,0
零星小bug先不提，比較嚴重的有： • 有確實擊中敵人，但沒有扣血 • 主線任務NPC消失，無法進行下一環節任務 尤其主線NPC不見我整個🥲直接哭粗乃 前面十多小時都白玩，全部要從頭…超後悔自己沒照每個主線分段就存一個檔orz 這種惡性bug拜託多注意啦QQ都已經過了發行日兩年才玩了... 如果後面順順跑完再改成推薦_(:3」∠ )_,0
請問這麼今天一直當掉呀 是怎麼了 快點處裡 還是有什麼方法可以不當機 還是是遊戲的關係 ?! 如果是請工作人員快點處理這個問題,0
"玩了5分鍾便會自動關機,連錢也不退,大家不要購買",0
沒問題了終於修好了,0
"因篇幅關係各位想看我寫的完整評析，煩請移駕巴哈姆特我的勇者小屋，謝謝。 https://home.gamer.com.tw/artwork.php?sn=5647109 這邊我就只寫總結。 總結： 似乎CD PROJEKT RED開發團隊以為他們不需要為難度平衡多花腦筋與時間，所以才會用缺點1、2的方式提高遊戲難度然後給玩家帶來的是純粹惡意滿滿的負面體驗。 這個開發小組是開發巫師3(The Witcher 3:Wild Hunt)的小組，所以難怪巫師3也有同樣的問題存在，顯然這開發團隊根本不知道什麼叫做自我反省，又或者是因為巫師3大受好評所以開始驕傲自滿？還是說是老闆不給他們自我檢討改進缺點的時間就叫他們直接開發新遊戲？但無論如何開發者都應該要親自遊玩自己開發的遊戲，才更容易找出遊戲的優缺點，好的保留下來壞的就改進修正，而這款遊戲很明顯可以讓玩家感受到開發者並沒有這麼做。 除此之外，雖然巫師3同樣也是開放式世界自由探索的遊戲，但這款遊戲卻多了讓玩家可自由買房子與車子，也能偷車搶車來開的設計明顯就是效法GTA，然而戰鬥方式卻不比照GTA那樣讓敵方NPC挨槍就硬直的設計，也沒讓警察會主動攻擊先對玩家發動攻擊的幫派份子的設計，明顯就是根本沒實際玩過GTA，才會把遊戲設計成現在這個樣子。 我不是說GTA就設計的很完美，各位在我這小屋同樣可以看到我對GTA4、5代的評論，它們同樣都有自己的缺點，只不過這款遊戲說真的問題比它們還要多，特別是除了難度平衡之外，程式寫太爛也是主要關鍵，若設計團隊野心不要這麼大，一開始就只想把遊戲3D畫面搞得太過細膩把玩家的硬體資源預設為未來10年後的標準，遊戲也不至於跑得這麼悲劇，而其實對玩家來說只要它有GTA5的畫面表現就會滿足了，否則GTA5早就被玩家淘汰不至於到現在還這麼多玩家，同理巫師3也是如此。至於最近他們把巫師3畫面優化其實對玩家的觀感影響並不會太多，畢竟遊戲性才是玩家真正最在意的部份，你遊戲設計不有趣，就算畫面跟現實世界一模一樣又如何？玩家依然不會想去玩，趣味度與遊戲性才是讓遊戲真正能發光發熱的本質，而聲光效果最多只能算是外面的裝飾。 最後說穿了這個科幻的未來世界架構的設定很早以前就有一堆類似的題材，比如漫畫銃夢的世界觀就是如此(銃夢裡面甚至更多這些金屬義肢改造的生化合成人，很多合成人都甚至只有腦是肉身)，比如PC game另一款FPS遊戲Deus Ex也是這樣的背景設定，同樣都探討肉體與金屬結合的改造對人類社會所造成的影響(如【Human Revolution】""人類進化""與【Mankind Divided】""人類分裂""兩套遊戲)，這樣的題材已經並不新鮮，我敢說如果不是動畫太過成功，這套遊戲絕對不會有這麼高的矚目度。雖然聽說現在已經比剛推出時改進了許多BUG與缺點，但在我看來它仍有許多需要改進的部份才能算是符合它現在得到的評價。 https://store.steampowered.com/app/238010/Deus_Ex_Human_Revolution__Directors_Cut/ 說真的，我反倒覺得Deus Ex對於人們大量使用機械義肢作為進化方向的思想有更加嚴僅的探討與反思(Mankind Divided人類分裂則是因此發生的)，而2077卻只有在一些技晶上面看得到少量反對植入物的信息而已。 最後，這款遊戲中有DEI的LGBTQ內容，若會對此感到不適的玩家千萬不要買。CDPR堅持要搞DEI路線已是眾所皆知的事實，我本人單純只是在Steam上的此遊戲討論板表示我不會購買有LGBTQ內容的遊戲，就馬上被該討論板板主直接永久封鎖。 CDPR自從2077動畫大受成功(眾所周知啊，動畫不是CDPR所做的)，就無所不用其極的拿動畫內容炒作遊戲的知名度，蹭熱度到不要臉的地步，此外再眾所周知啊，cyberpunk2077原作設定來自於同名小說，小說原作也不是CDPR寫的，他們只是花錢買IP移植為遊戲而已。",0
"拉基遊戲 AI蠢跟豬 4080跑2k效能全開 有時還有點類歌 優化也太爛, 畫質也沒很好, 敵人跟SB依樣",0
"遊戲質素低, 玩家質素更低, 一隻未完成的遊戲居然有極度好評? 留言全是因影集入坑, 遊戲本身跟影集有何關係? 一堆垃圾留言",0
CDPR你該不會真覺得2022能拿獎是自己功勞吧? 你不給扳機社磕幾個響頭就算了，得獎感言隻字不提EdgeRunner我是真沒想到,0
sweet baby inc 我操你媽，能請支持這坨狗屎的人當編劇的cdpr也是個神人了,0
玩的不舒服，感觉没有大表哥2那么爽。打人不能直接爆头死亡。第一人称体感一般,0
《不爱别付出》 这个游戏，怎么讲，从开发到发售 的过程就像一本廉价流行小说那么标准和典型。《赛博朋克2077》的公开时间大概是2012年（当然那时候它还只有一些概念），然后它一点一点变得时髦，一点一点变得流行，在大家的期待中一步一步走上台阶，准备接受加冕——然后，砰地一声，它被骂爆了。 让边缘行者出个第二季就能付出了。,0
寄予厚望而預購的我是sb,0
不明白爲什麽一個發售兩年還未修完BUG的游戲能拿愛的付出獎項...，,0
2022 甜蜜的負擔? 糞成這個樣子還可以得獎? lol 這是鼓勵廠商把沒有完成的遊戲拿來出售? 喜歡動畫的應該去支持 Trigger,0
游戏是2019年6月10日预购的 第一个成就是你游发行的第一天2020年12月10日跳的 当时电脑配置确实不行，加上游戏本身问题只玩了10小时。并报以高评价及期望等待游戏修复 2022年，边缘行者让你再次玩家大增，并且宣布出DLC的时候， 我电脑配置换好了，终于能顺畅玩你游的时候，却发现你游真的是一拖四 2年了，bug还是一堆。不影响体验的bug就不提，无法保存的bug可以让开罐头一小时的我全部白费，不知道这年2到底是在修复什么东西，每次修复都要搞个大新闻，结果2年修修补补。NPC说话嘴不动，隐藏内容涉及剧透[spoiler] 我的杰克在车内临死前都是用腹语跟我对话，全程僵硬不动。可能这就是CDPR的赛博朋克理念 [/spoiler] 听闻今天还获得爱的付出奖，不知道这2年到底是在付出什么，是给玩家承诺的第三人称开发取消又可能再开发？还是之前说取消的DLC又死而复生？还是天国的多人模式确定在开发？我没兴趣，我只觉得等了2年你游还是一拖四，剧情一般且草率，bug修不完就算了，怎样也不至于几十个小时都是沉浸在bug世界中，还是说赛博朋克世界的人都是用腹语。枪械都会悬空？ 这是忍了2年才给的差评，20年底的时候差点给了好评。最后一个本体成就可能今天或者明天解锁，解锁后游戏就再也跟我无缘，可能DLC又会让你评价上升一波，但是都与我无关 爱的付出？宣传的付出差不多了,0
幹 等紅路燈 三個長一樣的肥婆 看到瞬間不想玩了,0
騙人的公司閹割的遊戲內容、各式bug、趕鴨上架收割利潤 半成品,0
我不懂作為可以攻略的四人物之一，為什麼電話大河沒聲音這種非常影響遊戲體驗的Bug會一直到現在都沒有修復。這很難嗎？,0
都過這麼久了還是有BUG,0
無法讀取遊戲進度，畫面只有一片黑，難到每次只能從開新遊戲，不能死掉不能中斷，否則一切都要重新開始嗎?這是非常嚴重的問題，回報也沒有解決，非常令人感到失望,0
一進去就沒畫面怎麼玩,0
瘋狂閃退 爛死,0
體溫偏高支線BUG 後車廂啥時要修?,0
bug修了幾年還是這種鳥樣，優化真的爛到像沒修一樣、故事就沒什麼期待了，整組給R星至少還能期待總結___以半成品遊戲來看算可圈可點，等哪天75%在考慮再次入手，因為只值這個價值，這種半成品還能拿甜蜜的負擔獎，是鼓勵廠商都拿這種樣子的遊戲出來刷存在感嗎?,0
"做少點虛假宣傳,遊戲剛發售是現行版本至少能玩",0
遇到2077才知道ubisoft的遊戲優化已經算不錯的了，沒見過如此糞的優化， 人物的模型也是多半設計的很粗糙，玩起來像在玩10多年前老遊戲的感覺， 物理引擎還有一堆BUG，聽說1.6版已經改善很多了，很難想像上市就買的心情。,0
我是想給好評的，但你能不能先讓我能打開這游戲,0
無聊，我還首發就買,0
"對於無法觀看幻智之舞感到深深的遺憾 當初畫的大餅, 只做了三分之一",0
等了那麼久 跟你說DLC要收費 笑死,0
動畫很好看 但是遊戲內BUG還是太多 影響遊戲體驗,0
"經過兩年時間bug還修不好……我還想著這樣久了應該行了吧 特價就買了,這樣快遇到bug，但已剛剛好遊玩兩小時不知能不能退款，但又想收藏 世界觀明明好正 ，但卻被毀了",0
更新了这么久，性能优化还是很差，cd project 你很弱耶,0
還是有BUG，劇情還行，但是其他支線啥的，玩法重複性太高，解完其他小任務後超膩 真的讓人感覺像是半成品。,0
讀個存檔一直當機 都出多久了bug也修不好,0
"必須先給負評了,1.5以前遊玩基本沒什麼問題, 自從更新1.6到現在的1.61,只要一開遊戲就是2077掛了, 根本進不去遊戲,重灌遊戲或更新顯卡之類的方法該做也做了,回報也是回辛酸的",0
惡性bug還是超多 一堆任務打完卡住 只能重頭在跑一遍,0
一堆故障和瘋狂閃退，更新顯卡驅動後還是一樣，有時候切個選單就直接閃退，開車到一半路上突然爆出一堆npc,0
彈GAME彈到想死,0
隔了2年劇情的Bug還是在，爾且完不到多久拿貨哪劇情就卡了真是無語,0
遊戲亮度有夠亮 很傷眼睛 遊戲內又不能調亮度 很難一次久玩 再來是最大問題 劇情表達超爛 根本不知道在演什麼 劇情沒前後 也沒邏輯 這點跟巫師差很多 巫師的目標都很明確 總之劇情就是缺乏目的性 很痛苦,0
運氣不好你會電腦死當，頻率高到你媽都不認得你,0
BUG太多，現階段真的毫無遊玩品質可言。,0
一小時內閃退5次 長這大第一次遇到,0
存檔系統做得有夠爛，不虧是cdpr,0
垃圾游戏建新档闪退的,0
"2024年又回來玩了..要說BUG吧..其實也還真不少,有的甚至還是會影響正常遊玩,但再重載一下都能解決,確實比第一版的時候好了很多很多 如果說發售之初只有20分的話,現在也就剛剛合格而已,離自己心目中的夜之城還是有不少的差距 玩這種開放世界的都市類的遊戲,我很喜歡開著開,在都市間穿梭,遵守交規,安全通行,但這方面做得太糟糕了,先不談車子好不好開 開車經常會堵車,前面的車就是不走,繞過之後看到有一台車莫名其妙的就是不開,堵住整條路.沉靜感瞬間被打破,還是經驗不足阿,交通一團糟. 不禁會讓我在想如果這個IP給到R星這種公司手中,會是一個怎樣的呈現? 遊玩了300多個小時,感覺cdpr還是經驗不足,對於這種城市類型的開放世界遊戲設計的經驗,R星還專門為了車輛的駕駛品質專門開發過一款賽車遊戲,槍械手感也是一樣,GTA是集大成之作,從很多的細節都能看出,運用了很多設計賽車遊戲,槍戰遊戲的經驗. 個人還是很喜歡這一個IP,人無完人,希望下一版的遊戲能給我們帶來真正的夜之城! 沒有這次的失敗,沒有經驗的積累,就不會有下一版的輝煌.加油!",0
"這會成為遊戲公司過度宣傳的經典範例,儘管經過一年時間,這遊戲依舊沒有給出它當初宣傳的7成,簡直令人失望",0
更新一堆 還是不推薦,0
都1.6了還沒把通關後無法繼續遊玩的BUG修掉，真的是cyberbug。,0
"一直閃退想玩都不行玩,非常影響遊戲體驗",0
BUG太多了吧,0
因為動畫而買的，我相信這會是一款可玩性很高的開放世界遊戲，但我後來發現，進入戰鬥•卡、開啟背包•卡、開啟地圖•卡、開啟選單•卡、回遊戲畫面•卡、開車門•卡、開車箱•卡。流暢度低下讓這遊戲的可玩性大打折扣。我也試過調低畫質，完全沒用，每次轉畫面都要卡個半分鐘以上。有時候卡著卡著就遊戲崩潰了。 一個遊戲這麼多卡，莫非我其實在玩「卡牌」遊戲？但這些卡我可以不要嗎 (⁠⁠^⁠ω⁠^；⁠）,0
怎麼老是彈出..都登不入遊戲,0
沙坦突然沒辦法以任何方式啟動，1.6版了BUG還是一堆 爛死了,0
2022都快結束了，連個第三人稱都沒有 說好的跨平台只有P4跨P5，PC跟P5無法互跨,0
動畫做得比遊戲還好,0
玩起來很無聊,0
首發就買了，當時bug過多沒有玩，一放就放一年多，看了動畫之後來玩的，沒想到還是遇到惡性bug。在主線劇情與強尼進入網路世界遇到強尼的女朋友艾特，與她對話到一個固定節點時，只要選項按下去一定會閃退，這段屬於主線不能跳過，讀前面的檔回去玩，到這裡一樣會閃退。驗證檔案，或是移除後資料夾刪光重載都一樣，無解。難得動畫把遊戲流量拉上來，可不可以請CDPR好好把BUG修好，連想正常遊戲都沒辦法，實在很令人失望！,0
放了一段時間 變神作了,0
垃圾般的操作手感,0
沒有周目[ng+]系統，有些部分錯過了還忘記存檔就只能在打一遍。舉個例子指哥的劇情部分，那根本在搞玩家，說他賣的東西都是垃圾，指哥本人還講話還很g8，讓人以為認為打了他應該沒事，結果之後發現他賣的義體是好貨，而且打過他就不跟我們交易了。,0
巫毒幫大腳怪有BUG打到殘血直接被他秒殺,0
快兩年了，問題還是一堆。動畫組有做好他們的工作，那你們什麼時候要把BUG修好。,0
任务道具都可以卡没是吧 ( ✘_✘ ),0
除了畫面稍微精緻了一點，沒有任何優點的遊戲。,0
一直跳game玩個毛,0
連基本的系統語言用了兩年都搞不定的遊戲,0
熬了八年，優化很爛 又過了兩年，優化還是很爛,0
BUG還是很多,0
剛出的時候破關過，看了動畫打算重玩結果進不了遊戲，等我能進遊戲再說。,0
一到創角色畫面就閃退? Cpu-i7-12700H RTX3080 32G記憶體 看來我設備還是太差了 玩不起 2020年遊戲 2022年電腦跑不動? 我等2077年再回來玩,0
BUG修兩年還修不完 可攻略角色太少，藍月戲份太少,0
遊戲性不錯 但是優化爛 2060剛好跑60幀 BUG過了一年還是真的很多 遊戲細節奇差無比 與NPC的互動量極度不足 只能看給他再一年有沒有機會跟上GTA5的優化,0
比起兩年前那坨屎好多了，但還是先負評一下,0
一更新完一直閃退,0
買BUG送游戲 車子原地卡死 腳色Tpose飄移 任務目標在電梯 然後電梯直接升天卡死 5分鐘一個BUG 快樂至極,0
一直閃退 更新顯卡也沒有用.爛死了,0
還是有蠻嚴重的BUG蠻嚴重的,0
引響遊戲的BUG依舊一大堆‧莫名出現的T-pose、車輛莫名園地爆炸起飛、NPC自己出車禍 警察攻擊玩家、完成主線任務無法回報任務、NPC以一堆奇怪的姿勢在地上滑行、主線重要NPC莫名消失 如果是看完動畫想入坑，『千萬不要花錢糟蹋自己』,0
操 操 操 操 操 操 操 老子就是要在遊戲裡吐動畫 遊戲跟動畫都他媽玩跟看到快中風 幹你的只會做bd 不過大衛很賺就是 17歲就能跟露西瘋狂做愛 撇除前面說的 動畫的衝擊比遊戲還大 更深地體會到2077裡關於財團的權力掌控 人與人之間的信任如同紙一樣脆弱 能相信的只有自己 從一個弱小幼稚的原裝 硬是逼自己成長 肢體升級 扳機社真的牛B I Really Want to Stay at Your House插入的時機也剛剛好 劇情也是典型的叛客結局 成為night city的傳奇,0
持續破圖 3060ti 有時還無法載入遊戲 卡在那個點進不了下一環節,0
"更新完了仍然有不少BUG, 半價再半價才吸引人購買....... ============================ 顯卡都換上來4070T了 仍然在飊車兜風時閃退，要不就騎重機時莫名奇妙地撞車整個人都撞飛去奇怪的地方去 出了這麼多更新也是這樣子，叫我如何改回正評????",0
為什麼以前有繁體中文，現在卻只有簡體中文???難道賽博朋克也被中國武漢肺炎發起國給統治了嗎??????????,0
nmd我要打亞當重槌!,0
補負評，我覺得半價入手剛剛好 剛發行跟1.52更新後分別玩過一輪 當時宣傳得很厲害所以才預購，結果被塞了一坨大便 第二次遊玩體驗比較舒服，我覺得遊戲精華都在支線跟委託上。主線故事真的一般 有部份原因會買是因為當時宣傳後續更新有多人遊戲，結果遊戲做太爛，不知道什麼時候才有多人,0
上市後因為bug太多負評滿滿所以一直不敢買，等了這麼久以後，更新到1.6版的今天，終於決定玩了，結果創完人物就閃退了...，完全無法進行遊戲，這種品質不給負評怎麼對得起鄉親父老。,0
剛剛看過trigger的動畫之後 我覺得我不給你一個負評真的是對不起我自己的良心 CDPR 你都做惹些什麼?,0
故事结局下毒，快两年了更新了个jb，9月6号终于不是修bug了，但玩家需要的一个没加。建议爬。,0
不愧是CDPR更新到現在BUG還是一堆 劇情好但BUG多到非常沒帶入感 學學人家R星 八年磨一劍RDR2真的好多了 不會在預購CDPR的遊戲了,0
都隔多久了，重開局不久還一堆火星文，被罵剛好而已,0
2022/07: 劇情就是一坨屎 又短又臭 靠著對巫師的愛勉強玩下去 但越到後面糞味越臭 棄坑,0
CD玩脱了啊,0
一直閃退很煩,0
玩nmb，創角都創不完一直閃退,0
聽說以前很多BUG 但是我覺得現在也不少 雖說不影響遊戲進行 但是動不動就遇到 神煩,0
這遊戲太差了 玩30min就遇到bug，穩定了以後才有可能玩了。,0
半成品不到的遊戲 承諾的都沒給 倒是給出了很多bug 如果以看笑話來玩的話 10/10 如果以次世代遊戲的話0/10,0
買了浪費錢,0
这十分糟糕,0
這坨嘔吐物不僅灼傷了我的食道，還留下難以抹滅的心靈創傷；這部慘絕人寰的不明物，就算再再再更新數百萬次依舊能狠狠痛擊你的大腦，令你生不如死。,0
BUG多到不行 很影響遊戲體驗 遊戲本身也沒多好玩,0
(1)都1.6版本了，還是不少bug，實在不優 (2)劇情豐富度、嚴謹度、合理性、戲劇性都不如巫師3，非常可惜 (3)技能點不能重製，也不給二周目，完全不懂再想甚麼 (4)邊緣行者優秀，好看,0
這麼久了，又想起來Cyberpunk 2077了，本以為一年左右季票可以更新，後續內容也可以完善，到頭來都是一場空。 發行一年半1.5版本祗修復了BUG和優化問題，沒有更新更多內容，到現在還是一個半成品。 披著一身Cyberpunk文化外包裝的動作射擊遊戲，沒有更深刻的劇情和符合Cyberpunk這個文化中反抗數字極權、壓迫、資本帝國主義的意識形態，五彩斑斕的色彩搭配+經典電影的膠片顆粒濾鏡+墨綠色的色調風格這些並不是Cyberpunk的精髓。,0
為什麼不像巫師3做第三人稱視角呢?第一人稱玩得我頭暈......,0
食之無味，棄之可惜。 我居然還是預購的。♥♥♥♥。,0
买了你会发现你买了游戏送bug，你会发现你浪费了一百多块钱，腊鸡游戏，表里不一,0
到底甚麼時候要完成你應做的承諾?,0
懒得过程。,0
屌你老母彈撚夠game味,0
没第三人称越玩越没兴趣，明明有那么多好看的服装。有第三人称才真有代入感！玩了60小时我完全感觉是扛着个摄像机在跑，真接受不了第一人称。说真的个人感觉你们自家的巫师3都比赛博朋克强太多太多了！真希望官方能加入第三人称而不是用MOD代替！,0
主角的建模到底是出了什麼事，光線照出影子後模型奇怪的走路姿勢表露無遺，虧製作團隊還把城市建得這麼好，看到影子直接出戲，2022/05/04現在這遊戲還是半成品，真的要加油，期待完成的那一天,0
很难玩bug,0
"還是很多BUG ,和缺少遊戲內容只是大世界的線性腳本 玩越多越多的刪減內容痕跡, 且SDR和假HDR照明表現表現很差光線追蹤的反射解析度也很低",0
這遊戲半價都不值得推薦，有興趣的，至少等到75%再考慮購買吧。,0
垃圾game，口水多過茶,0
老子的存檔直接壞了bug還一堆,0
bug死多糙 老是有東西撿不起來 幹勒 機掰bug不修出三小新遊戲 垃圾公司 倒一倒拉 糙,0
半成品游戏，望尽快成为完全体,0
好多BUG 唉...但係比左錢.,0
每次開地圖看一下路後關地圖都會出現一道白色強光 不管是白天黑夜山洞戶外都會出現把我眼睛閃瞎 快被氣死= = (1.5版本的評價),0
都更新到1.5了還有閃退問題,0
哎，千言万语汇成一句话，CDPR，拜拜~~~,0
買了之後玩了三個小時之後 從此打不開遊戲了....一定是我草率把遊戲關掉的問題 跟遊戲本身沒任何關係 大家可以放心買喔~,0
千萬不要買,0
金玉其外 敗絮其中,0
竊案任務打無人機不是只能拿手槍打就是開不了槍 根本打不過,0
1.5版本沒有把電話BUG修好.....接了電話變成一直在通話狀態，沒辦法做其他任何事情，任務進行對話不下去，搞屁阿.....,0
1.5更新完根本就進不去。愈改愈不穩，真糟,0
哭喔 剛下載回來 一打開直接跳出一個視窗說2077掛了 不知道是在爛幾點欸,0
跟著網上打不開的解決方法 還是開不了遊戲,0
退款一次后又忍不住买来在试一次,0
遊戲開不起來.... 退費就不退了 沒意義 希望盡快修好,0
直接掛掉不能開欸 玩個寂寞,0
更新1.5版本之後遊戲直接打不開 負評 真的當玩家盤子,0
劇情 畫面 覺得很讚但是不喜歡武器有傷害數值敵人有等級之類等等的設計玩起來很全境封鎖 我才在找神醫的任務剛下車就突然被頭上戴有骷髏敵人打成白癡了我還打他不痛OK 這很全境封鎖 過了很久又回來玩 但是手感依然還是很差,0
連遊戲都不能開,0
特價199時買了來玩，很正常，更新了自動放大了畫面，連選項也差點找不到，免強只能用1980x1080玩，又一次失望，這低解像怎麼玩,0
最新重大更新後 評論整個反轉 原本想說入正回來正式玩劇情 結果剛開始30分鐘 神父跟傑克的嘴就像在說腹語似的閉緊緊 請問是從哪裡發出聲音的??? 還有 開車開太快 地圖還沒跑好 會看到NPC像充氣娃娃一樣 外表粗糙簡單 我看還是等再來個10幾次重大更新我再考慮遊玩吧,0
之前玩了一会不玩了，现在1.5大更新想再玩玩，tm直接打不开,0
政治正確就是毒瘤，好好的公司加入毒瘤只好再見了 (PS:基哥還是最帥的QAQ,0
更新完比之前還要卡,0
剛買完，想說終於載好了 可以玩，根本進不了遊戲 到底是= = 退費~,0
隔天遊戲就打不開 BUG77不意外,0
不能玩是怎樣,0
遊戲掛了開不到浪費金錢，和時間,0
越更新越爛，現在直接進不去遊戲,0
1.5掛了 有夠爛,0
NMSL根本打不開,0
更新後完全無法開啟 看前幾周也有人留言過 是問題沒很大就不打算解決了嗎 = =,0
"玩到一半一直斷線，可憐，斷線就算了，很多地方都有漏洞(bug)，不能接任務，人物穿模，好不容易挑戰成功又遇到漏洞(bug)無法儲存。進度落空，根本是一款外包裝華麗但內容物糟糕的遊戲。如同精緻包裝的糖果，吃了卻只會傷身... 遊戲因為是龐克科技風格，閃光特效一堆，加上漏洞百出(Bug)，很不舒服，還好我是趁半價買的。我不是粉絲，就只是剛好在半價買的，這個遊戲的""大多好評""很多都是忠誠老粉給予的評價，真正評價我認為沒那麼高，若是尚未入手想玩的朋友建議不要考慮了，不然就是趁優惠再買即可!! 這款遊戲真心不推薦你花原價購買!!!~",0
之前常常遇到遊戲玩到一半就突然崩潰，現在更好.....1.5更新後要進去就直接崩潰，連玩都不給你玩，果然這遊戲還是要等到2077年才能修復完畢,0
"1.5版之後就開不了遊戲, 要重新啟動電腦才可以, 結果第二天又是這樣 修了一大堆BUG然後又冒出另外一堆BUG, 果然是cyberbug 2077",0
買BUG送遊戲，特價買也虧，BUG屌到沒辦法有遊戲進展一直 REPLAY同一個畫面，然後人臉卡在衣服裡，NPC 飄在空中滑行走路腳都不用動的.........過了1年多BUG還是一樣多 ( btw我只玩不到1小時就遇到這些問題了，能玩這遊戲幾十小時的玩家我真的很欽佩...,0
不能玩是怎樣,0
一啟動就報錯 爛,0
CDPR你们对得起预购的玩家吗？,0
乾你老師 到底要崩潰幾次 這是崩潰模擬器？,0
首發時購入，有大量bugs時已經通關，聽說大型更新1.5便回鍋看有甚麼新元素，結果之前能用高畫質通關的電腦現在連game都不能開，到底CD PROJEKT RED這年多以來究竟在搞甚麼鬼?? 更新:關掉nahimicservice和相關的程式後才可以開啟，只能自行在網路上找答案，還是那句CD PROJEKT RED到底在搞甚麼鬼??,0
哇偶~更新了呀，開始遊戲……噢嗚~，原來是把屎重新熱了一下，真够味儿呐哈：）,0
更新了个寂寞，真有你的。,0
劇情普普，支線還比主線有趣 動作有股莫名的不流暢感，跑完第一輪後就覺得無聊,0
21世纪最令人失望的游戏之一。,0
更新完直接不能玩是三小 也不給退費 爛成這樣,0
按個w 就跳到桌面 切換輸入法 還是一樣 根本沒法玩,0
CDPR的劇本沒話說，非常好玩，也幾乎沒有撞見惡性BUG 但是小BUG多到驚人 時不時車子就要抽一下，劇情互動的時候NPC手上的物品突然半空蹦迪簡直是家常便飯 即使修了一年，論BUG量仍然是把UBI按在地上摩擦的程度 剛發售時的慘烈如今仍可見一斑 這影響遊玩嗎?其實不會 但基本把以劇情為核心的遊戲最重視的代入感摧毀了90% 畫面每鬼畜一次我就會被CDPR硬生生的從V身上拉回現實一次 如果你是很在乎沉浸式體驗的玩家，那我真心建議您再等等,0
1.5版後有些機制更動， 朝向著一種詭異的方向在前進， 令人感覺這團隊的製作邏輯是不是出了一些問題， 玩起來感覺有些滯礙， 因此將推薦改成不推薦。 --- 以RPG的角度來談扮演Ｖ於夜之城主線部分的心得， 個人是給予極高的評價， 至少短期內最優的RPG體驗是給了這一款遊戲， 畢竟這些圍繞著主線的NPC之各層面細節都有掌握到， 很適合主動真實地扮演著Ｖ感受其中的細膩， 一層一層地去推演完整的劇情。 至於遊戲的其他方面來說， 主要是對於2077有所期待， 自然會以業界其他可參考的最高標準來看待， 舉凡開放世界的真實度、細膩度、 或者載具的多樣性與駕駛體感、 或者與其他NPC、環境的互動體驗， 這些在有業界高標的對比參照下， 目前的2077自然是較弱的， 但仍瑕不掩瑜。,0
進遊戲後畫質很黑 角色的皮膚都偏黑 玩不下去,0
我都不知道原来已经玩了13个小时那········么久。时隔大半年再次进入游戏，希望能够激起一点点的兴趣，抱歉，发表玩这个评论，我就要删除了。,0
BUG一堆有夠爛,0
真服了以为1.6能好一点重新下回来玩结果10分钟不到我看到了5个bug 真有你的,0
BUG是真的多，数不过来的那种,0
2.3改版很糟糕，為了這次改版直接重玩 結果一直遇到遊戲崩潰的問題 開選單或換裝有機率崩潰，關遊戲必定跳崩潰視窗。重裝之後直接開始像是cpu過載出現破音之後會有無預警畫面凍結 重裝2次換硬碟裝都一樣 這款也不是動不動就能重新安裝的 一來一往浪費一堆時間一堆流量,0
預告片騙很大 遊戲內容也單薄 RPG要素跟同類型比起來也庸俗不少 既沒有可重複刷的副本，任務解越多敵人就變越弱也越少，到最後只剩下路邊小怪跟警察可以打 除了故事劇情好之外就沒有任何值得提的優點 最大的問題不是遊戲好不好玩 而是當初講的東西跟實際推出的比少很多很多 這遊戲原價不值1599，實際玩下來連799都算貴。,0
"主線真的是短到爆炸一天內就可以解完,非特價不建議購買",0
感謝所有給2077投票的玩家。你們以後一定會玩到比這更爛的遊戲。,0
"當年很期待的遊戲, 但最後給我的實在是失望, 特別是我的好哥兒才剛開始就沒了...還我jackie!!!",0
操作汽車沒有到很順暢 npc出現同樣的頻率高到一個不可思議,0
看了一堆留言說好玩，這麼說好了GTA算100分，這款2077大概才50分左右 遊戲內開車開槍沒好的流暢度 都2077年了彈夾子彈卻捨不得給，開車高速撞擊人還死不了 這款如果有續作這些不改善 老玩家不會買單的,0
爛更新 根本只是為40系列的顯卡 低於40的根本跑不動了 比不更新還慘 這蠢驢也太勢利了!!,0
原價購買的，過了一年依然只有如此，BUG依然還在，令人失望。,0
Cyber Bug 2077 不要原價購入哪怕動畫再好看 雖然1.6版本以後確實添加和修復不少東西 但是無預警崩潰閃退和車輛亂飛的情況仍有不少,0
想說出這麼久 BUG應該差不多沒了 結果看 還是一堆 T pose、劇情NPC原地月球漫步、國防部黑畫面、閃退樣樣來 想清楚再買，沒有BUG玩起來是還行，帶入感滿深的,0
有点。。 有点失望 太多bug了,0
真的 不好玩。。。,0
知道为什么吗？失去中国市场对于你们这种大公司来讲无所谓。,0
bug該改的不改，改那些好用的垃圾,0
劇情爛得要死,0
所以已經過了整整一年 當初承諾的多人模式勒???詐騙公司,0
不多說買bug送game,0
"与 期待严重不符， 大概1/5左右吧，crush game ,crush CDPR , 这么说吧，如果用价格来衡量的话， 顶多值 19元，隔壁的大表哥2，明显 超出了很多档次。 不建议购买 体验很不好，最近几年 那么多大作 比起来，确实 有点烂",0
拉機遊戲，捏完角色直接崩潰！,0
惡性bug一堆，完沒多久雜音又煩得要死，優化也爛得要命，車子操控感也極差，但一碼歸一碼，拋開這些垃圾點，還是很好玩的，前提是你能忍受那些bug和雜音,0
第一次玩到會一直當機 的遊戲,0
CDPR脑残公司，站在种族歧视前线上的公司说着平等,0
（轉載） 很多国人不清楚为什么突然CDPR的游戏突然有这么多差评，这里我给大家简单说下： 看我的游戏时间就知道以前的我是多么的支持CDPR，2077预购后从来没玩过，当时就是为了支持所谓的”良心公司“蠢驴。 但是今天CDPR旗下的昆特牌运营，以近乎莫须有的罪名【又】把中国选手踢出比赛名额后，我对CDPR彻底失望了： 1、2077BUG一堆，基本就是一个割韭菜的半成品。昆特牌永远修不完的+狗屎平衡，不在游戏上下功夫，却在针对中国人的事情上依旧充满动力。 2、短时间内，连续3次搞中国选手，为了就是不让中国选手参加比赛。 3、一个德国选手（之前很有可能没有资格参加比赛），自己作弊+窥屏直播依旧打不过中国选手的情况下，气急败坏贼喊抓贼举报中国选手。CDPR不公正公平的调查事件、与当事人沟通、了解真实情况，只听外国人的说辞。却以疑罪从有的态度，加上“解释权归自己所有”的霸道扣分依据，巧妙的让中国选手以2分的差距排除在参赛资格外。 4、在中国选手申诉后，CDPR明确表示“我知道你没有作弊，但我就是扣了，你也不用知道我为什么这么扣”的客服式回答搪塞过去。 我本不想把这个事情上升到歧视中国人的层面上来，直到CDPR回复选手的申诉之前，我都在群里力挺CDPR，认为他会更改不合理的处罚。 事实证明，还是我太天真了。 我在这想呼吁大家，抵制CDPR的游戏，让外国看看我们的团结，有的人会说，怎么又是歧视中国人，是不是骨子里的卑微。。。。 不是！反倒有这些想法的朋友，潜意识里是认为外国不会用下三滥的手段去恶心中国，但这种事情还少吗，我也想说，都什么时代了，还搞种族歧视的民族才是可悲的，我们为什么一边被人歧视一边还在送钱给他们？,0
"DLC實驗室的躲貓貓,低能到有點煩人了,專心躲那是沒啥絕對可以過 對蒐集癖看訊息癖就很痛苦.現在是甚麼東西很潮就要塞甚麼元素嗎?內部測試這樣很好玩很有趣? 首發一堆大便BUG 我都可以給好評.然而DLC這我真的無法,我就是來看看故事玩玩支線,爽快戰鬥,設計一個無敵鬼抓人不能還手,就像一坨屎塞臉上又不能拒絕(有心的話就設計可選支線有別的方式解決好嗎,妳其他支線選項不是很多).浪費我一整晚時間,死掉走同一路線上一次會死,讀完黨就不會死,這是甚麼Boss行動邏輯",0
電影院找不不到門? 甚麼垃圾指引系統,0
2023年了终于憋出来这个“大型资料片”呵呵，但是我还是继续给差评，发售前宣传的玩法呢？bug都没修几个，纯纯的垃圾游戏，再也不会购买cdpr任何一款游戏。滚。 =========================分割线========================================== 快一年了，我的大型dlc呢？波兰骗子公司还有脸给这个垃圾0分游戏洗地，我可去你妈的。,0
我是手淫強尼,0
免費DLC勒,0
新的剧情dlc呢?给我赶快出.,0
做不出來就不該畫大餅,0
原價買了個只有bug的虛假宣傳爛作 我真的白痴,0
遊戲早早就預購了，發布了幾次更新，但直到現在遊戲還是不夠完善，希望說好的免費DLC不要跳票。,0
原價入手我是傻逼,0
不知道猴年马月才能出新内容了,0
給玩家這麼大的期望成品卻是一般般,0
與預期不符,0
快一年了還在修BUG... 相當失望,0
BUG一堆，武器傷害顯示錯誤，製作系統比三流遊戲還不如，刀劍砍一砍沒負重耐力也在，就是不能跑步??? 可拾取物件不能撿，這款等到2077看能不能修好再說吧,0
這款遊戲已差不多1年沒更新啦 首席工程師又已經離務了 這公司怎樣對我們解釋,0
消费玩家信任的诈骗犯,0
剧情没有新意，可玩市场太短，和GTA相差太远了,0
超级多bug，还有很多问题，就是打折可以买。,0
等了一年了。更新呢？？？,0
bug一堆 最佳化爛死了 為了巫師3從原本的660換成970 現在又為了這款從970換成3060 畫面也差不多,0
誰買誰傻逼 我就是那傻逼 我還是原價買的傻逼,0
2026年1月更新 dualsense控制器的震動完全是壞掉的，這點可以在2024年reddit論壇上就看到各種討論，還不修？基本的功能都做不好，遊戲還是不要做了 【不推薦之處】：車不好開，物理引擎誰做的？ 【推薦之處】： 一、第一人稱使帶入感非常強 二、劇情 三、音樂 總體而言很推薦，可以感受到CDPR的用心，期待DLC,0
到現在還是一大堆BUG 在最新一次的遊戲更新後 不斷的發生問題令遊戲被彈出,0
"前陣子重開新局一直到打完自由幻局DLC了, 自由幻局...算是多一些可遊玩的任務罷了, 從頭到尾也沒驚豔感, 整體優缺點依舊沒啥變化. 結論是這款遊戲拿來打發時間還可以, 但實在稱不上是多棒的作品.",0
快更新可玩性太低了，該玩都玩完了，任務也都全解了， 快更新你的開放式世界。如果有更新再給推薦,0
若不是CDPR腦粉我也不會等到現在才給你們負評 當初說今年二月會有大型免費DLC 結果現在都十月了 還在更新遊戲BUG?????? 劇本被自己出的巫師三屌打 2077有些對話選項根本選心酸的 不管選哪個NPC都是回你同樣的內容 我也是傻眼 互動可玩性輸2013年的GTA5 物理系統輸2004年的戰慄時空2（Half-Life 2 ) 都到2077年了創完角色後連要更改髮型髮色甚至戴隱形眼鏡換瞳孔顏色都不行 2077年了車子還沒有自動駕駛系統 甚至連烤漆都不能改 未來世界的高科技跑車被UBI刺客教條的自動導航馬按在地上磨擦 無趣的戰鬥天賦系統 戲份完全跑龍套的巫毒幫跟六街遊俠 真的爛到流湯此生不會再預購任何此公司的產品 唯一值得讚許的是貴公司的廣告行銷人員 真的應該給他升職加薪,0
剛破關巫師3過來玩2077 開場到垃圾場前的劇情太無聊 人物對話都夠無聊了還來個更加無聊的幻舞調查，真的會想睡覺 開場給的沖鋒槍一排子彈貼臉射敵人，30發才死一個 不久後檢了科技型狙擊槍後又能1槍1個，神奇的槍械平衡 1.31版本依舊一堆影響遊戲沉浸感又出戲的BUG ========================================== 上面的評論寫於2021年 3年後的今天 2024.5.16更新 於最新版本將5個結局全破 整體來說由一個不能玩的糞game變成一款合格的遊戲 但這個差評我還是想保留 DLC開場能打贏巨型機械人 其中一個結局碰到個小型機械人卻不能攻擊變成強制潛行線性遊戲 還有一堆依舊破壞遊戲沉浸感BUG,0
搞笑遊戲，有些bug是真的蠻好笑的,0
並沒有很驚豔，想學FO不像，想學GTA不像，想學看門狗也不像 各方面中規中矩，能自訂的東西不多。 互動性也沒很好。。 唯一能玩得我覺得只剩下看劇情了,0
呢隻GAME吹到太大 公司成日走數...,0
到底她媽還要崩潰幾次?垃圾,0
要的是你們增加新內容 而不是永無止境的只會修BUG 都等多久了還在修BUG 當浪費錢了,0
說真的，這遊戲還需要再一、兩年的打磨，現在的遊戲只能說還好、還可以而已。雖說沒什麼太大的BUG，但是一些人物的崩壞、穿模...等還是很常看到。路上一些跟任務無關的NPC是無法互動的，甚至走在路上跟他相撞還會直接穿過去，再加上在第一人稱下看見自己的影子，我只能說CDPR不能因為這是第一人稱的遊戲，就能不去處理操作的人物模型。再來就是一些遊戲細節的部分，像是NPC的動作與智能完全無法跟GTA V相比，當然一些物理引擎的表現也不如GTA V。總結: 建議等一、兩年的打磨後，特價時再考慮入手。幸好我是等特價時才入手，沒去跟首發。,0
"卡在遊戲關卡他鄉故知, 無法推進往後的劇情, 只是一直在等武村 打電話 來電的通知, 玩遊戲的我不是來debug, 其他bug等問題沒有意見, 但是牽涉遊戲劇情無法進行, 作為遊戲玩家深感受騙, 存在欺詐, 而本人蒙受損失.",0
PC也是會有bug但沒ps那麼多/*我是PC玩家*希望遊戲整體流暢度可以再提高一點 I.開車時有跟隨視角會比較好 II.任務提示會有延遲III.腳色的移動跟打擊時也有些延遲的感覺 IV.如果把延遲優化和把一些突然消失的問題改掉我就覺得還算(GOOD) V.如果可以把延遲與所有bug都處理好就是(perfact) VI.現在這價格對現在的品質來說感覺起來真的是滿貴的*但如果都處理好.優化好.我相信這是一款CP值相當高的遊戲.甚至可以超越gtaV的趣味程度<<<但願如此>>>/總結:CP值玩家建議以半價或以下的價錢入手*{The End},0
"優點:畫面精美 缺點:bug多,劇情不怎麼樣,一千多塊的價錢有更好的選擇",0
錢都花在宣傳上的遊戲 還在嘴10/10的朋友們 可以試試這款 這款很純 會讓你爽到飛上天 真心不騙,0
垃圾遊戲，花1800預購一個1/4成品的拉基,0
藉這次1.3更新後 二週目大概跑了八成 BUG數量確實大幅減少沒錯 已經是可以玩的程度 但FPS仍舊不穩定 光追效果真夠爛 不知從何而來的光源 差點把自己閃瞎,0
超級轟動的2077不管是發售前還是發售後~ 玩了一陣子就只得到兩個字!! 空虛!! 又是一個空泛虛假的開放世界!! 遇到各NPC只能砍殺對話一點點......毫無互動可言! 一堆虛假商店連對話都沒有!!更不用說我看到他賣的食物我想吃想要買這回事了! 在我認知的開放性世界都已經2077年了 應該如此!! 我經過一條街突然來個路人問我兄弟來一根菸? 我就跟他對話 劇情或是任務開始 我經過一條街.... 有個NPC突然警告我喂!年輕人!別再往前了!再過進去有虎豹幫!他們都是殺人不渣眼!販非法毒製品的! 我就跟他說沒關係!我專制這種人!!! 我經過一條街....... 看到前方有位美女 就走過去跟對話!! 這時出現三個選項 要LINE嗎? 一夜情嗎? 你胸部不夠大我是專門整的!有需要嗎??? 接著依選項劇情開始~ 那商店!買了東西!連椅子都不能做就算了!就連吃的動畫也沒有!!!空虛到極點!!!! 到各種地區就只有圖形不同基本都是路過!完全沒有讓人感受地方文化的不同! 例如我走到靠近莉茲酒店附近! 就有個拿著宣傳物的NPC靠近我! 兄弟!有需要嗎?我們這邊最有名的是莉茲酒店!進去保證不後悔!!! 這才叫真正的開放性遊戲世界啊!!!! 是讓你融入!!! 而不是給玩家當個測底隱形的路人!!!! 走到哪除了劇情等NPC就沒人鳥你!!! 我覺得唯一讓我印象深刻只有可憐的阿傑!!! 總之此作品除了光追和畫面迷人! 其他就只有空虛!!! 好吧我承認空虛我還是會繼續玩!~希望以上建議能有製作小組看到更加進化此世界!!! 2023年12月5日更新後有BUG一直跳出遊戲啊!,0
更新之後遊戲玩到一半還會閃退小BUG就算了但更新後要解任務還會卡住不能繼續下去的 = = 遊戲體驗不怎麼好,0
不管以後改得多好玩 永遠是負評^^,0
"第一, 說更新到現在我只感覺愈更新愈BUG 樹不停穿透模組, 一公里外的樹穿透牆壁, 穿透人物, 穿透一切萬物....... 好了, 我受夠了",0
期望越大，失望越大。 等了一年没更新出几个几把东西。,0
請等DLC出了才考慮買不買,0
發售了這麼久 當初承諾過的東西完全沒有實現 經過幾次更新黨也依舊沒有修好任何問題 單純就只是靠基努李維的名聲來抽遊戲 媽的 如果沒有殺神我保證被騙來買的人絕對不會那麼多,0
bug真的太多，讓遊戲體驗一般。雖然有在修但bug問題依舊存在。 還有很多並不自然的遊戲特效，像是對水扔手榴彈的特效和在地上一樣。 主線劇情雖短但支線劇情瑕不掩瑜，算是這遊戲少數可以推薦的內容。 總之真的沒有辦法給這遊戲一個很好的評價，看之後有沒有新的內容再改推薦吧。,0
從垃圾場爬出來的畫面，哪時候才會修好阿，畫面黑紅色閃的眼睛有夠痛，看久了頭會暈想吐呢,0
等NG+出來再回來推薦,0
1.5版本更新后又回來重新練了一個儅，目前來説的話感覺是個將將及格的游戲，還是有一定的可玩性的。但是個人認爲仍然沒有原價購買的必要。但是要我說的話在打折期間購買還是可以考慮的，畢竟蠢驢如果有持續的進賬的話大概率還是會繼續開發這款游戲的,0
"真心唔推薦, 整體完成度太低, 故事內容薄弱, 主線劇情選項少, 自由度低, 可以係隻game入面做既野好少, 升晒LV之後幾乎就係冇野可以做, 支線任務又少, 重複性高, 賺錢升LV方法單調, 趣味既成份完全唔夠, D成就又唔夠多, 服飾又客制化唔到, 主角性別又會限制左劇情, bug又多, 多到影響到後面有D故事過唔到, 想係公路飛車chill下, 路面D車都會自己消失, 成隻game就係一隻虛有其表既垃圾, 就算冇BUG都唔會覺得好玩, 玩完亦唔會想再玩一次... 火箭升空又冇整支線, 飛越左大峽谷但對面又乜9都冇, 飛行載具又上唔到, 地鐵列車又冇, 商店種類又少 D元素好似樣樣都有D, 但其實樣樣都唔好玩, 咁既情況隻game似乎要由頭重做先會變到玩得下... 新DLC就出, 不過都唔洗期望會有乜野改變 唯一值得睇下既就只係D街景, 場景, 人物角色, 想買黎體驗下玩建議等特價 或者等隻game用心改善晒D問題先",0
不值得 東西都撿不起 某些支線任務又會卡頓,0
一堆BUG 劇情還可 但BUG會讓人玩到生氣,0
"修了快1年,連創角色都還是能有bug,讓我角色不管怎麼選都頂著爆炸頭跟紋身",0
這故事告訴我們 寧可相信R星 不可相信CDPR,0
首發就買的我來給個不推薦,0
個人體驗，大bug沒有，小bug不斷。預購就買了，也沒退款，希望蠢驢會來修，但是發售那麽久了，我沒有看見優化有更好，npc任務中不能對話需要回檔才能解決也沒有修，因爲趕工，劇情也被大幅度砍了，承諾的綫上模式也遲遲沒有訊息。但是近期看見了已經在宣傳製作下一部游戲了，這讓我對蠢驢失去了最後的信心。在蠢驢達成發售前的承諾前都會保持差評,0
先給負評等DLC 劇情稍短 更新到現在優化變好但BUG依舊多 技能和槍械不平衡 完全沒有二刷動力，目前也沒有二周目 而且似乎只有某些選項會影響結局 致敬傳奇黑夢bug 11/24/2024 更 2.13版本 最近開始回鍋 打了一堆mod 重開新檔玩 遊戲玩法系統從底層大修 目前體驗還算不錯 除了騎車t-pose,0
慘到不知道說啥 把錢丟水溝 還在水溝裡面爬了86個小時,0
期望太高，非常失望 優化不好，BUG不少 自由度沒宣傳片裡那麼高 如果你想要像GTA5或是碧血狂殺2那樣沉浸在遊戲世界裡 那這款我覺得沒有辦法，太多出戲的地方了,0
别买，不好玩,0
這遊戲跟期望有蠻大的落差 一堆BUG,0
賣一個半成品的遊戲 好意思賣?,0
bug一堆,0
BUG體驗遊戲,0
大便遊戲 害張博堯電腦燒掉,0
BUG超多的,0
"I'm so disappointed, can I just keep advertising for money before it is fully developed? 私は非常に失望しています。開発が完了する前に広告でお金を稼ぎたいですか？ 太失望啦，可以不要還沒開發完全就一直打廣告撈錢嗎? 各種bug影響遊戲體驗，各種掉禎數，以為大家都用RTX3090?，遊戲內的自由化程度根本不像廣告說的這麼自由，支線任務還有那種無法破關的是怎樣，原本滿心期待，浪費了這麼多小時在這遊戲上，可以玩多少其他遊戲。",0
存檔沒了，玩你媽逼,0
期望越高，失望越大，劇情好短和一堆可笑的bug,0
预购买的，为什么现在还有BUG？那个树就总是在屏幕中央，好出戏,0
原價買的，原本以為有機會成為超越skyrim或GTA的次世代遊戲 結果只有BUG量超越而已,0
今天2021/6/7 我已經給你多少時間啦... 到底BUG啥時才會修復阿~~~,0
狂閃退，根本不能玩,0
"沒有很差，但真的也不夠好 整個城市沒有靈魂，毫無帶入感 遊玩過程只是在解""任務""與推動劇情 完全沒有生活在這遊戲想要給我的2077世界中 枉費了這麼有魅力的世界觀",0
這應該是我玩過最無聊的開放世界遊戲了，玩起來太過僵硬，當初原價購買，認真玩了2小，黑頻佔了大約30分鐘，其餘遊玩8小時都在想辦法找出它的優點及樂趣....不得不說他唯一的優點就是廣告打得很好，謝謝 這款遊戲是我唯一買過最後悔的遊戲了，買了半年了到現在還會想到這件事就讓我心情不好，浪費1700多塊.還不如去萬華茶室,0
我希望你們可以學學NO MAN SKY，你承諾的東西都沒做到，學學人家慢慢補吧,0
連遊戲都不能開???,0
我是預購的87， 現在看這遊戲就算半價都不值得買， 更新無實質內容就是在修BUG還修不完， 內容空洞到不想多講， 整個遊戲就是趕鴨子上架的半成品。 這輩子預購過第二後悔的遊戲， 第一是屎克威爾的Avengers。,0
吹多高摔多慘,0
除了主線劇情外其他皆令人失望，BUG多、優化差、物理引擎爛，甚至還有BUG能讓支線任務無法完成，不敢相信他是耗時7-8年的時間規劃並且製作出來的遊戲，雖然知道沒辦法跟ROCKSTAR這種大公司做出的遊戲比，但將近63GB的空間並且還是一款沙盒類型的遊戲卻只能讓我遊玩30個小時左右，只能說遊戲體驗很差。,0
[h1]BUG問題大家都知道了，來談點BUG以外的問題[/h1] 雖然是一名預購玩家，不過到1.22版之後才有空閒開始遊玩。在1.22版那些影響遊戲體驗的小BUG仍然多到爆炸，然而這遊戲更大的問題是出在設計層面上。作為一款多次延期的遊戲，一款大作該有的要素都有，但許多項目卻都給人感覺只做到60分的程度，遊戲中出現許多像是「強調身體改造的世界，進去遊戲後外觀卻不能更動，而大部分時間也看不到捏好的腳色」，這樣前後不連續，或者該說過於粗糙的設計，以下條列幾個特別明顯的內容： [list] [*]首先，最令我感到不滿意的大概就是潛行的部分。遊戲中的戰鬥大致可以分成潛行跟正面衝突兩種路線，就拿同樣有這兩種戰鬥要素的遊戲相比，不管是小島大神的《潛龍諜影》系列，或是次一點Ubisoft的《刺客教條》系列，對於敵人的安排、潛行路線的布置……等，都有設計上的巧思，然而2077的Level Design簡直雜亂無章，不僅一堆意義不明的空間，敵人、路線的安排也都相當隨便，再加上那弱智般的敵人AI跟三不五時來個錯位，潛行的玩法玩起來真的令人惱火。 [*]除了潛行的內容，許多任務的關卡中有分歧的小支線，然而環境中給予玩家的提示卻相當的少，這仍然算在Level Design的鍋上；另一方面，遊戲中有許多不同的系統，簡訊、戰鬥……等等，給予玩家的引導卻非常簡陋，就拿《GTA V》來舉例，有人還記得GTA V的新手教學是什麼嗎？不記得也沒關係，因為GTA V的教學是跟劇情融合在一起，這也是近年來強調沉浸式體驗的遊戲常見的做法，然而2077的新手教學卻是很粗暴地由阿傑硬塞給你一個木樁關卡。 [*]劇情普通還能接受，但呈現方式真的爛到掉渣，八成時間就是對話、對話、無止盡的對話，再配合那一直卡住的畫面特效、人物演出、對話，都不知道是中BUG，還是劇情內容，整體體驗大概只比《冒險聖歌》好一點而已。 [*]糟糕到不行的UI/UX設計，除了前面提到的引導外，像是分解武器，列表就會亂跳一次，也沒有鎖定裝備的功能；地圖跟圖例列表會同時接收滾輪捲動；預設鍵位一堆「同一情境下會同時做的動作，放在同一個鍵位」的情形，像「跳過對話」跟「蹲下」都在C鍵、「選擇對話選項」跟「拾取物品」都在F鍵、「標記敵人」跟「道具使用」都在滑鼠中鍵。像是丟給大學生設計一般，不知道怎麼通過QA測試的。 [/list] [h1]結論[/h1] 有人說這遊戲能把BUG修好就能稱得上佳作，然而2077最大的問題卻是出在遊戲內容上，上市之後有關BUG的新聞，不管是修復，還是新增了哪些BUG，專注在BUG這個點上反而有意無意間，掩蓋掉了這個現實。 宣傳中所說的生動的路人、豐富的對話……等等，卻變成弱智的AI、沒意義的對話，內容明顯跳票過多東西（其他評論已經條列一堆就不多說了）。[b]BUG或許可以預期會修復，但遊戲設計上的瑕疵大概不用抱什麼期待[/b]，而CDPR已表明上市隔日就賺回本，一家上市公司不太可能對遊戲設計再有什麼大幅度的改動，[b] [u]2077就是定調為一個內容空洞、作業感繁重的遊戲[/u][/b]，更別說現在版本還一堆影響遊戲體驗的BUG。,0
我花錢買垃圾,0
神作~可惜在我心中無法給好評~爆出壓榨事件又砍了很多,0
媽的這甚麼優化,0
蠢驢BUG修了一年了還是一堆 這什麼破爛遊戲,0
雖然已經有好幾版 PATCH，但很多小地方仍然讓人覺得很不愉快，撥電話的對象視訊中夾雜其他人物的情形仍然存在，警察仍然是瞬間移動怪，離開戰鬥場景結果背景音樂還在重複等等。在這些問題沒改掉之前我大概是不會修改評價的。,0
bug77 垃圾遊戲,0
瘋狂閃退，爛,0
原本就一堆BUG，聽說有修復，回鍋後瘋狂閃退 不分時段,0
經常閃退 無法游玩,0
有Bug解不了成就,0
能解決閃退就好 一直閃退 主線進入跑一半就閃退 不走主線 走在路上過一下也閃退 遊戲紀錄全殺重玩也閃退 選擇別的主角 進遊戲 還是閃退,0
连半成品都算不上,0
畫 面：★★★☆☆ 遊戲性：★★☆☆☆ 操作性：★★★☆☆ 畫面大概第一次玩覺得酷炫，多完一兩個小時就覺得還好了 我也不曉得這遊戲到底在幹嘛，從預購就開始注意到這款遊戲，剛開始BUG出現是難免的什麼語言設定、劇情讀取各種問題我們都遇過，也都因為喜歡所以繼續玩下去，最近有了不少的更新，想說應該是穩定了不少，結果換來的只是玩家間用MOD修復的語言問題，而且又有更新的問題因為我喜歡專心地探索好好的搜括，現在有個70幾小時的紀錄直接報廢，我也不知道到底在幹什麼，忍了沒在退貨期退費，真的是難得做了這麼錯誤的決定，沒入手的就別入手了，不是每次都有巫師3的。,0
"不能說它一文不值, 有開放世界可玩之處 但以剛出時候以至目前更新進度真不值這個價錢 假如本身價格砍一半, 往後再推賣DLC補完 我覺得才比較合理",0
宣傳和實際遊戲差很多,0
2021年3月29日，自从1.2补丁之后，我就再也没有打开过这款游戏。非常糟糕的体验。 PS 1.22更新后，稍好一点，可以进到red engine界面，之后仍旧稳定崩溃； 1.2补丁之前已经玩了200+小时，两个号通关，然而现在再也进不去了，这更新的什么东西。,0
經過兩次大更新，大部份BUG依然存在...，到底有多垃圾,0
雞肋遊戲，食之無味,0
閃退 閃退 死不改,0
垃圾遊戲 3090+5950x還時不時給我閃退而且又破圖,0
"本遊戲尚未完全成形,BUG多內容少,不太推薦現在入手遊玩.",0
產品到現在都4月了還bug一大堆 還用打折吸引人然後編一個不給退的條款 如果有人想在這波打折潮入手的話我一率建議別花錢在這東西上了 光前兩章螢幕黑頻出不了武器敵人甚至場景就佈下3、4次了 蠢驢這次是真的蠢了,0
優化真的爛==,0
詐欺界中的佼佼者，遊戲界的恥辱，跟最後猩還者2同一個模子，宣傳詐騙，為了令所有玩家失望而不遺餘力，好一點的是2077沒有像Neil Druckmann那樣死要面子。 優點: -出色的世界觀設計，人物和環境美術，個人尤其喜歡2077霰彈槍的煙火特效和音效。 -完美配合其世界觀的音樂。 -與主線相比出色許多的支線任務，帕娜萬歲。 缺點: -空蕩蕩的城市，空有外觀沒有靈魂，沒有丁點有趣的互動，滿街路人，玩家還是獨自一人。 -當初官方說NPC都有自己24小時生活路線，結局當然是大話。不用期待可以享受到像Fallout 系列，RDR2和天國救贖等遊戲裹的NPC體驗。 -多線選擇式的任務，不同選擇會出現不同的結果，結果這宣傳只有最初的漩渦幫任務有充分做 到出來，這遊戲有九成任務都是很一本道的，有所謂分別的其實結局變化也不大，不然就是無 關輕重，對玩家根本沒有影響體現出來。 -失敗的警察追捕系統，全部警察都是超時空戰警，而且還免疫駭客攻擊，硬生生廢了一個流 派。 -垃圾AI。 -2020年的遊戲連水花也做不到，然後還有腦粉會護航說:「我不會因為有水花而覺得好玩」。 -垃圾物理，舉如像車輛爆炸，汽車進水，火焰都強差人意，有令人會心微笑的效果。 -育碧式的地圖，擠滿了密麻麻的垃圾任務，還不如隱藏起來讓玩家自己無意中碰上更好，反正 都是些大同小異只有文本讓玩家自己意淫的事件。 -主線劇情和開放世界本身有著不協調和切離感，無時無刻提示玩家快要死了還有什麼心情 好探索… -不知為何，每次基哥出來都頗令我出戲的。 這遊戲就算沒有bug也不見得是個好遊戲，更別提CDPR一路精心佈署的宣傳騙局，傷害性堪比10/10，玩家們實在不應忘記，在情在理我也給不出好評。,0
2020世紀大謊言，我是SB我預購，遊戲玩法跟宣傳不一樣，任務無多解法,0
有夠爛 一直跳票 要出之前跳票 說更新也跳票 拜託退錢好嗎 我真的完全不想看到這個遊戲了,0
大家都看我看我，我宣布个事嗷。,0
8年時間做了個令人滿意的PV,0
起初換職業不小心完超過2個小時，來不及退款，現在看到再打折，把當時預購的玩家當白痴嗎?,0
现在的好评只是证明你只值这个价，在我多花的150补上以前这差评保持不变,0
半成品 mod完成2個禮拜的東西 拿來當補丁,0
"Nothing to say, only disappointed. 劇情九分，地圖場景設計八分，剩下的東西都低於5分。 連汽車外觀的客製化都沒有，有時候路人車子的顏色都比較漂亮，駕駛手感比 watch dogs 初代還糟糕。 市中心最高級品牌的服飾店，賣的東西跟荒郊野外的二手服飾店一樣。而且你有可能會為了更好的數值而去捨棄好看的衣服，沒有外觀自選其實很不人性化。 本來以為有CDPR有RPG製作的經驗，成品應該不用太擔心，結果武器系統爛的可以，所謂的武器改裝也不過就是有沒有裝消音器和兩種不同的瞄具在切換，我就直接講了，我當時玩到後期錢都是用BUG刷出來的，正常的強化方式根本玩不起，高級素材取得困難，缺乏有效賺取金錢的方式，除非你從頭到尾都不怎麼買東西就是了。 遊戲UI設計也有問題，小地圖不會隨著移動速度縮放，導致車子速度太快看到彎道根本來不及，明明賽車支線就有擴增實境類型的指標直接標示在馬路上，不知道為甚麼不套用在平常的遊戲中。 劇情雖然很棒，但當時承諾的大量故事線和選擇會影響你的遊戲體驗，其中影響到的東西基本上都不痛不癢，出生的差別也就序章不一樣和對話稍微不同，比較核心的選擇點就只有結局和幾個支線罷了。 NPC智障程度堪比UBI自家遊戲的NPC，甚至更糟，進而導致很多時候很出戲。 明明就是個8分作，而且還是半成品，CDPR卻不斷的吊玩家胃口，然後承諾一些根本做不到的事，等出來整個燒起來後才在那邊我們很抱歉。請把你們的遊戲改善，把當時承諾的東西加個七成回來就好 (不期待可以全加回來)，不然這遊戲在我心中就是個汙點。",0
"腦粉轉黑,用PC玩總體來說是可玩,但看不慣發售前一直畫大餅,事後補救還搞得一團亂,不斷延期推出的補救更新,內容沒多少,只會寫一堆屁話,真的閉嘴趕快做事",0
一堆BUG,0
一個字，暈,0
"結局超爛, 遊戲內容空洞 玩過最爛的遊戲",0
先說，這遊戲絕對是目前賽博龐克遊戲世界的高點，畫面與地圖值得這個價格 可惜真的把餅畫太大，宣傳與實際內容出現很多當初說好會給而實際沒加入的， 讓玩家高高舉起重重落下的失落感非常大的。 尤其目前該遊戲遊玩時出現太多惡性BUG，非常影響遊戲體驗。 不過看蠢驢應該之後會修正，目前故意放下主線不做 等待修復好這些影響體驗的問題後，在決定要不要把差評收回,0
很多人噴過遊戲性了不多贅述，我來噴你的UI設計。 1.子彈的需求那麼大，製作卻只能一個個做？不管是長按連續製作還是旁邊加個一次製作的量不都會方便很多嗎？ 2.拆東西也要一個個拆，甚至連標記為可拆解然後一次拆的功能都沒有。 3.玩家平常遊玩時只會有左手在鍵盤上，可是所有選擇數量的UI綁定都是鍵盤的方向鍵而不是玩家移動的WASD，難道我邊開背包還需要邊移動嗎? 4.背包跟裝備的UI超級不直觀。 5.雖然不是UI但讓我遊玩上體驗很差的部分——換子彈換到一半只要不小心按到或放開瞄準就要重新換，這真她媽蠢爆了。 嚴重懷疑設計這些的遊戲人員到底有沒有自己先體驗過就拿來噁心玩家...... 等有改善了再看看要不要修改這邊的評論,0
一开始全价买!♥♥♥♥!,0
我没看过宣传片，没有玩过试玩版，没有听过他们的虚假宣传，初期体验还算不错，但我也很希望他们能做得更好…… 暂且好评吧 已经很久了，非常久了，我们等来的更新就是这些？BUG修复？ 耐心已经耗尽了,0
做半套的遊戲,0
誰買誰後悔,0
還好！ 但浪費那麼好的玩法和畫質～ 始終沒線上的遊戲都會有終點！,0
优化渣 各种莫名其妙的bug 第三章玩不到就不想玩了 强烈不推荐,0
我玩了9個小時 最多的時間是在看開始的動畫 意味一直MFK閃退阿!!!!!!!!!!!!!!!!!!!!!!! ，3，,0
遊戲劇情和畫面很優 但bug體驗差 內容刪減很多 遊戲並不完善 即便未來DLC也很難改觀,0
一個字:騙,0
呵呵，我还不如玩GTA5,0
"新版本依然有問題,當機造成系統資料毀損,害我要重灌所有東西,垃圾遊戲",0
一千六買BUG，原本很期待能在玩到一款真正代入的大作，玩了一陣子之後卻發現只剩劇情能玩，我不是生活在夜城的V，我只是個在夜城過任務的V。雖然最近新增了很多更新檔BUG應該會比較少了，但僅僅是修BUG的話還是不值一千六。 還是有很多人很喜歡2077，但對我來說代入感對這種開放式遊戲很重要，所以這是我買過最後悔的遊戲。,0
跳票一堆功能,0
想買的一年後再考慮...除了強尼以外 這作的吸引點真的很少很少....,0
賣1599真的是騙錢，都２月多了遊戲還是一堆ＢＵＧ,0
闪退太恶心了,0
C/P值差太多，發售前宣傳那麼多，害一堆遊戲怕衝到上市日期而紛紛延期，結果實際出來表現不怎麼樣，還害我要等更後面才有其他好遊戲可以玩。 儘管官方後來發了篇聲明表示表現不如預期會提供免費內容，但實際更新的時程進度什麼都沒有詳細提供，現在也只修了一些小拉基BUG(我都沒遇到或讀取可以解決)，會不會根本會走到步也是官方擬好的劇本吧，讓大家覺得好佛好佛。 最後一點大家都評論過了，遊戲看似很自由，但不論是劇情或者是遊戲內容都很死，就像遊戲本身一樣，包裝精美，僅此而已。,0
BUG多到你會懷疑遊戲公司到底有沒有試玩過，要買的人建議等個一兩年再來玩，BUG修完再改評論，真的是砸了巫師3這塊招牌。,0
哀玩了3輪266小時 這真是一款毫無自由度的糞作 真的超糞,0
bug 多到我沒通關就刪了,0
不建议购买,0
未完成作品,0
原因就不贅述了，這就是詐騙，在CDPR翻轉我這個認知之前我不會給好評,0
唉，一言難盡。 真的想玩特價在入手,0
射擊沒手感，玩法也很單調， 目前擱著等待更新檔陸續把遊戲修正的更完整才會繼續玩...,0
開不起來完三小 肏,0
0遊戲體驗,0
創作這作品是有故事 但是 許多紛紛 遊玩一定會遇到問題 性半成品度 當中出現許多故障與漏洞 bug導致無法遊玩,0
閃退到崩潰，真的傻眼,0
"不差,但能更好,可以原諒 但習慣不誠實的孩子,是令人討厭",0
雖然經過幾次修正之後，會影響遊戲體驗的BUG修得差不多了 但整體玩下來還是覺得是個半成品遊戲... 雖然很多支線很豐富 但主線明明說主角剩沒多久可以活 走在路上也時不時吐血來表示主角真的快掛了 請問你到底是要玩家解支線還是解主線= =.... 期待DLC能把遊戲內容再豐富一點 武器升級很尷尬 人物等級升很快 升級武器我還不如重新製作一把還比較划算,0
讲个笑话，驴转型宣发公司然后做游戏。,0
别再闪退了，孩子已经玩不下去了,0
还我血汗钱,0
預購時發布的消息，我所期待的東西，全部都沒有出現... 海量的Bug引響遊戲體驗，極低的可玩性，內容嚴重不足... 劇情好，是因為原作寫得好! 音樂部分做得不錯! 目前極度不推薦遊玩!,0
低情商：半成品游戏 虽然总体玩的挺开心 但是没有多周目的动力啊 高情商：未来可期 期待后续dlc更新吧,0
啥时候我和竹村无限对话的bug修好，啥时候给你好评。 无限对话有毒，潜入和捡垃圾在无限对话bug下根本没法好好进行。 好游戏，但是搜集玩家最讨厌这种长时间且没法通过sl摧毁的bug。,0
Bug多到玩不下去 千萬別買這垃圾遊戲!!,0
CyberBug Bug實在太多 尤其重要劇情有Bug 過好久了也都還沒修好 差評,0
遊戲問題一直更新修不好，不是很推薦來玩，重點更不要花錢去買它,0
能稱讚的地方大概就剩繁體中文翻譯吧，不是把簡中翻譯字碼轉繁體就完事，用詞非常在地化，相當貼近台灣日常生活用語 Bug那些就不談了，輕則npc消失影響任務進行，重則觸發過載保護導致電腦重啟，非常影響遊戲體驗，隨便google都能找到一堆災情 等到CDPR跟Hello Games一樣把承諾兌現，再來考慮要不要給好評吧,0
因为太好玩了，所以不好玩,0
誰買誰傻逼，1/10。,0
靠著劇情總歸是玩得下去。夜城的故事，很多寫得讓人深刻，除此之外遊戲並不引人入勝。感覺基本的遊戲系統和運算體制盡不完善，就算修好了BUG，暫時依然難見遊戲的吸引之處。 我總不可能再期待六七八年，所以以一款遊戲來說我不推薦。但如果你喜歡體驗故事，裡面的故事還是值得你購買這款遊戲。 最後想點名稱讚台灣翻譯組，你們的翻譯比遊戲本體更值得這四百港元。,0
1.1版更新 簡直智障........ 一些傳奇裝備都是單一位置產出 現在改成不能讀檔洗隨機素質跟空格 沒開到4空格的裝備等於這紀錄也拿不到更好的了,0
整體3A水平，但各方面都很普通。畢竟疫情期間，PC上殺時間玩著還行。但推薦不出手。,0
BUG越修越多 還不給洗傳奇裝備的洞 拿到唯一傳奇是0洞根本幹得要死,0
玩了80多小時 直接馬上怒給負評，原本想玩到結局後給好評順便說說可以更能改善的心得...但還是免了... 我主線都跑中後期了，這次1.1修正-主線劇情-修正「他鄉故知」未接獲武村來電的問題。 武村打電話來之後直接沒有反應也沒有對話，直接卡在接電話的介面，結果導致任何支線和主線完全不能跑也不能存檔(連系統的自動存檔也沒有)，變成任何事情都不能做，總不能叫我從最早的進度開始遊戲吧....?任務多到已經都忘了跑到哪了 回到問題這BUG也太嚴重了吧!? 這叫做有修正BUG?? (遊戲體驗極度很差) 等最後是否有再修正我再考慮重新寫評價,0
沒甚麼好解釋的,0
我對這遊戲內一些BUG 並不在乎 可是1.1更新後 點執行都不能進遊戲 這BUG我不能接受,0
除了失望没啥了 对你的期待信任耐心全都被你一次又一次的骚操作消磨殆尽,0
BUG太多 購買者請三思,0
通關兩次，BUG不計其數，先給負評，BUG修正再改,0
我想都不用多說了吧～BUG一堆就一定的，甚至有些bug是直接會讓你不能玩一些支線的。我就只分享兩點比較好笑而且我受不了的。 第一個問題是~一堆白癡AI才樣我最受不了的。很多舊遊戲的AI都比這遊戲聰明。沒錯，你會看到很多市民在街上走來走去但他們其實都只是在同一條街上繞圈走。如果你犯罪了，那些警察不會騎車或者跑過來拘捕你的，他們就永遠！永遠！只會也生成在你的＂背後＂之後射死你。。。。 第二個問題是~大部份建築物進不去也是一定的，但你還是會繼續找有沒有一些門是可以打開然後進去走走。恭喜你～你找了很久終於找到可以打開的門但可惜的是門後面還是牆。。。。。。。。。我真的會氣死。。。。。,0
眾所期待卻令人惋惜的遊戲，誇大宣傳的典範，但相比金玉其外敗絮其中的冒險聖歌，好像又沒這麼難以下嚥?只是正式內容比種種華麗的預告片還來的空洞罷了,0
暫時不推薦，bug太多 與當初宣傳的內容差很遠,0
"目前遊玩時間約130小時 整體來說 以劇情來說可以玩 最直接以價格來說 是高了點 以下是目前遊玩的心得 第一.主線劇情&支線 以主線來說 其實劇情量很短 但它以大量支線作為支撐 一開始打支線蠻新奇的 不過打到最後除了破成就外 就沒有什麼動力讓人繼續下去 第二.遊戲沉浸感 第一人稱視角遊玩時 帶入感很足 很棒 但是在綁架荒坂華子結束時後 跑出大樓的轉變 真的爛到可以 從一個被追殺的情境 瞬間轉變為普通路人 情境轉變上真的爛到可以 想不到有什麼遊戲可以比這個還要慘 第三 玩法 其實一開始遊玩時 玩法有趣 有類似魔法攻擊的速駭 常見的近戰與槍戰 不同的天賦系統 對應不同的玩法 不過有趣的只有一開始而已 當開始在玩NCPD與委託任務時 以大量的速駭/近戰/槍戰遊玩以及為數不少的BUG出現 最直接的就是煩躁與無趣 打完NCPD已經撿起的任務目標 卻無法完成任務 一個NCPD就卡在那邊 無法繼續 二段跳還有機率在平地跳死 就不說外圍的地圖未完成 連""市區內""的建築都有部分未完成的地方 還是以正常走路就走到的 完全就是一個完成度不足的遊戲 第四 警察系統 爛 隨機殺掉路人會出現警察 這可能是很多遊戲都有的元素 但應該沒有遊戲跟2077相同 警察憑空出現 憑空出現就算了 警察這麼強 應該要會開車追人吧? 也沒有 只要開車跑一小段路 警星就消失了 以跑警星來說 這個世界觀的設定 不會太詭異了嗎? 第五 平衡性極差 目前遊玩難度為困難 但遊戲內的敵人強度除了前期約20等以前 會覺得難度不低 20等之後難度就直線下降 而且 某些委託的敵人是有boss血條的 一個速駭關機就能解決? 這不會太奇怪嗎? 再說槍枝系統能掛的buff也太多了吧 平衡性整個悲劇 隨身帶一把科技狙擊+智慧狙擊+智慧步槍+武士刀 基本上就秒殺絕大部分的敵人 秒殺阿 一槍暴頭10萬傷害 速駭傷害就還能接受 但我覺得還是很高 一次的短路傷害10000初 不覺得高了一點嗎?",0
好家伙第一次看见bug比育碧还多的,0
也太多bug了吧！,0
"超多bug , 道具, 車浮在空中 , 亂跳會卡點(像是人卡在牆縫出不來 部分場景卡關,無法進行",0
"粵語： 做咗7-8年嘅遊戲做出嚟一涿屎咁樣，主線劇情又快速收尾喇。隻game又多問題，畀部行路仲要慢嘅車有時就算係滿血都一撞就死、高嘅地方跌落嚟就減半血喺幾釐米高度跌落嚟就死？劇情早早就將Jackie寫死，cg裏面展示嘅嗰啲任務都未做出嚟定唔知閹割咗。明明Jackie就攞芯片，你都可以做到大部分有都會出現喺個頭度攞隻槍出嚟。第一次進入Johnny經歷時幾乎必定黑屏加閃屏。V屋企樓下定唔知邊度啲車開過會擦過個石墩到。你噉樣都可以賣呢個價？你既然係半成品你不如半折賣喇，不過我覺得你一半都未做到。唔係我刻薄啊，你唔得就唔好畀咁多美好幻想畀人嘞。講就一套做就一套，畀人屌梗㗎喇。仲話遊戲應該2022年先發，內部問題好大，噉樣你哋班仆街就全面退貨喇，一唔係就好似我講噉樣回返幾成水畀我哋。學EA搵人笨𨳍，畀人預購做測試員，做一半跟住慢慢更新完整啊？啫係你買電影飛，入場話我哋電影做咗前一個鐘，後一個鐘就會喺下星期開始每個星期更新10分鐘畀你哋睇,記得屆時嚟電影院睇。噉樣啊？ 國語： 做了7-8年遊戲做得沒有達到預期，主線劇情快速收尾，遊戲很多bug。被慢車撞都可以一撞就死、高處掉落就正常減血，但是通常幾釐米的高度掉落就死了？劇情早早就將Jackie寫死，cg裏面展示的任務都未能做出來不知道是不是閹割了，Jackie拿芯片大部分人都會出現拿槍出來，第一次進Johnny回憶時幾乎百分百黑屏加閃屏。V家樓下（好像是）車開過會擦着石墩過去。你現在根本不值得這個價，建議你半成品就打半折賣，幾成品就幾折賣。希望公司完善好遊戲，加油哦。",0
劇情普普，遊戲介面雜亂且老舊，BUG更不用說了,0
这说有2077个bug我都信,0
你知道我想说什么 是我穷 不配玩这游戏 唯二留下差评的游戏 上一个是mafia3 有多期待 现在有多失望,0
開放世界結果結局都那麼悲傷,0
這跟原本說好的不一樣...,0
主線玩到一半必閃退 修好之前就是差評,0
你沒做完你要先講啊 等最終版在改評論,0
已增加至2077个bug,0
这款游戏应该改个名字，破烂王之BUG王国，剧情一般，BUG是真的多，总之自己买的游戏含着泪也要玩下去。,0
我玩過最多bug的遊戲,0
更新好再返黎正評,0
"全地圖任務全破, 除了握森區卡bug解不掉. 結論是: 2077只要玩完主線就好了 支線任務跟城市探索根本失敗",0
"從來沒見過這麼垃圾的遊戲 宣傳又是個騙局 ai又蠢 警察是突然從你背後出現 這廢物遊戲 2011的上古卷軸5 ai都做得你好 還他媽遊戲大廠 連以前遊戲都比不上 自家廠的witcher3 的ai都沒那麼弱智吧？ 明明可以做到的東西但不做 劇情又他媽的突兀 強尼這角色根本強塞進來 最完整劇情看來只有帕娜線 塞又多又臭又長內容沒用的 難得播Vg 你媽hi甲面都收不起來 完成了主線把你彈出遊戲 的確這樣做沒錯 反正這遊戲又多bug又黑屏又閃退 還有一大堆人幫他說話？ 垃圾的遊戲就是這樣寵回來的 會不會退錢？ 我不會 因為這世界上太多更垃圾的遊戲啦 我不退是希望這家還有能力出好作品的廠一次機會.IF you all want to play a high quality game ,please change your comment from good to bad or writing the bad comment on steam. Cyberpunk 2077 doesn't deserve the good comment.",0
鉴于这种半成品 我决定晾他半年再说 玩法要优化，画面要优化，性能要优化，手感要优化，平衡要优化，地图要优化，寻路要优化，战斗要优化 再等等吧,0
自從更新到1.06版之後，每一個小時閃退一次，PC版裡WIN 10的災情似乎比其他作業系統嚴重(不包含遊戲中的大量BUG)，這款真的是買BUG送遊戲呢,0
不完整開放世界，主線劇情極短，支線到後面像寫作業，更不用說各種BUG。,0
半成品遊戲 欺騙消費者 BUG之城 當之無愧,0
骂这游戏的证明你不够宽容，吹这游戏的只能证明你是真的没玩过好游戏，笑死，真的有傻逼能在了解了之前的事还能替预购玩家原谅cdpr吗，，，你有资格代表我们预购玩家原谅cdpr吗，哦对了，新剧情dlc售价你妈死了，终极版还要再掏一遍是吧，cdpr我操死你的妈,0
Cyberbug 遊戲如其名，無數的BUG，甚至出現在主線劇情上面，當你正融入劇情總是因為BUG又把你給抽離，很明顯這款遊戲是款未完成的遊戲。 打從釋出遊戲畫面跟無數的行銷，讓我在好幾年前就在期待這款遊戲，沒想到實際遊玩卻是這副德行，CD PROJEKT RED可以說為了銷量跟營收而墮落了，吃像非常之難看，相比主打開放世界的GTAV跟碧血狂殺，這款2077無疑就像坨屎。 在BUG尚未修好，路人AI還是像智障跟超扯的物理引擎還未改進跟更新前，我不會再打開這款遊戲，之後再看CD PROJEKT RED是否良心發現，把這款遊戲做到完整，我再改為好評。,0
這是一個充滿Bug的半製成品遊戲，而官方由遊戲推出至今仍未修復所有的Bug，遊戲畫面是很好，但並不能彌補Bug造成的破壞，玩了68小時，受夠這遊戲，只能留下差評。,0
瑕疵品...等那麼久 來這拉基 還想學GTA 開線上? 還真應了 強尼 的話 公司沒一個好東西,0
儲存的東西都沒了 玩浪費時間的,0
bug太多 電腦要求太高,0
如果杰洛特能活到2077 我真的希望他能一拳把V给打死,0
遊戲玩到一半時，閃退的狀況非常嚴重，遲遲沒有更新，主線完全解不下去，遊戲無法進行。 非常嚴重並且影響遊戲正常遊戲的大問題。,0
由於修正後主線故事精彩但關於dlc還是會崩潰問題，有些支線任務像報警處理有無法完成任務的bug類似之前把箱子取走後就使無法完成任務，車輛呼叫錯誤及無法快速傳送bug及在新dlc崩潰太平凡雖然很精彩。 已故事來講很成功但以穩定度還是完全沒有整理到非常順暢，還是會崩潰，所以我還是體驗上兩極。,0
金玉其外，敗絮其中。 什麼時候波蘭人能把曾經誇下的海口填上了、把遊戲內容完善了、毛病解決了，再改好評。,0
極致差評 這款是我玩得第一款最幹的一款 各種顯示BUG 各種任務BUG 我現在卡了一個完成過的任務BUG 地圖一樣顯示圖標 根本不知道有沒有完成 而且那個在我前期時候破的 根本不能讀檔,0
"瘋狂閃退 車開太快也閃退,跑太快也閃退 好歹我配置也是 R9-5900X+RX6800XT 這樣都會閃退了,我不知道其他配置較低的怎麼玩==",0
不好玩，與廣告差很多,0
"將精采的火線夜之城內容做出來,等到你更新好的那天,我的評論會為了你們修正. 現階段PC能玩,但是各種出戲的東西,就算遊戲性現在不豐富,也不應該會有這麼多的BUG.",0
雖然bug很多，但可以看出開發者在遊戲上的創新與想法，所以遊戲性我是給予支持的， 但是!!!有一點我無法接受，玩遊戲時非常享受解鎖成就的感覺， 現在不知道為何?? 我遊戲都破關好幾次了，成就沒動靜??? 這讓我非常的失望。,0
期望愈大 失望愈大,0
"先說優點： 1. 有John Wick, 讚!； 2. 支線豐富，尤其與主線有關人物都額外有支任務發展，算是CDRP一貫出色地方。其他支線不算太重復，有各自特色 3. 畫面出色, 雖則沒有開光追, 但畫質已經很好, 但優化應該可以做得更好, FPS相對很不穏定 到缺點： 1. Bugs太多, 雖則沒有出現save bug, 彈game這些較嚴重的bugs, 但每次進遊戲都要重選做中文這個問題已讓人煩厭, 更不要說不少遊戲中的小Bugs..... 2. 主線短得可憐, 不衝支線, 基本上2天破關 3. 序章與Jacky感情在之後主線發展感覺沒有任何意義, 好歹也是一同出生入死好兄弟, 一個任務懷緬就沒有然後了... 4. 地圖的確好開放好大, 基本上一開始就可以穿梭全城, 但實際沒有甚麼可做, 除了召妓之外... 而妓女質素得啖笑... 對比巫師3, 好歹你也可以剪個頭髮, 打打昆特牌.... 5. 物理系統....... 不長說, Youtube大把對比片.... 總括而言, 等半年後先好入手!",0
世界觀很棒，遊戲整體上跟垃圾差不多，堅持了七個小時再也不想碰這遊戲了，這根本就未完成，糟糕的物理、糟糕的系統，我真不知道是誰給他們的勇氣讓這款遊戲這麼早就上市，這根本沒完成,0
不推薦。遊戲只有主線劇情做的好，目前bug仍然很多，而且更新已經停滯了。,0
Cyberbug2077，支線雖然很有趣，但玩到後面Bug越來越多，甚至影響到遊戲進程，一言難盡,0
BUG太多 游戏体验极差 玩着玩着就不知道遇见什么样的bug 优化不好 剧情说实在的一般 pr还是对于第一人称射击类游戏不行啊 这样下去会砸了金字招牌,0
不给个差评有点对不起自己,0
依照目前的遊戲品質 我只覺得原價購買真的虧,0
任務無法完成的BUG很煩...... 再創一個腳色玩一次，又出現另一個任務無法完成......,0
一直閃退破圖,0
CDPR你们以后别做游戏了，我看做方便面更适合你们，也别叫蠢驴了，叫波兰康师傅吧,0
跟預告的內容相差極大，真的是詐騙,0
遊戲BUG很多 有些蠻搞笑的但大部分都會讓你覺得很煩燥且必須重新讀檔才能解決 還有我玩了10個小時後才發現把光線追蹤關掉設定開Ultra幀數直接從45升到80 配備 Geforce Now + 垃圾筆電 建議等以後BUG跟優化改善在入手,0
其實就是sleeping dog 的電子戰鬥版 除了可以進行改造自己 其他都是很一般~~~~有一直玩這類遊戲的人應該很明白當中缺少了什麼因素~~ AI問答冇腦 街上AI沒有小插曲和互動 行動有如行屍走肉 通緝時警察突然出現 幫派打架警察沒有反應而只會是殺你一個 沒有幫派系統 沒有警察系統 沒有改車系統 沒有改槍系統 沒有交通工具系統 沒有幻舞系統 食物模組超差和NPC進食動作極差~~ 主線劇情的重要角色跟次角沒有分別他們出場幾次什至一次就跟你永別~~~ 就是純粹玩主線任務和支線任務~~~然後支線任務都只是那些拜託解決任務~~沒有機遇 沒有陰謀 也沒有特別影響~~純粹接工作 然後就是解決整個地圖 完~~~~,0
"幻夢支線中了bug, 史提夫不在,消失了",0
BUG模擬器,0
真心建議這款遊戲不論出什麼DLC跟修正都是過一年再說。,0
就算沒有bug 也不行，不能違心。 沒有什麼參與感，我改變了night city 什麼東西? 很不想玩下去了，大哥。你們做遊戲不是告訴別人說很努力就成品越好的。 相比幾個大佬，R*，valve，你個red engine這麼多無理效果都沒有，這都不是bug，是沒有function。 R*跟valve有個共通點就是不會事前大吹特吹多神，一出來玩家直接跪了。,0
鸽了一年的更新,0
遊戲在多方面都尚未完整，也許等待後續更新後待完善後再入手才是正確的時機!,0
"3090 4k只有50多帧数,主要饼画太多了,支线故事那些都还没讲完.越玩越感到可惜",0
只能說 遊戲BUG很多 但是內容和可玩性挺高的 開車很難操控,0
"連基本繁中都搞不定, 每進一次遊戲就要調設定, 很爛 遊戲遊玩不定時閃退, 體驗極差, 玩一玩遊戲就崩潰...",0
跟宣傳影片幾乎完全不同的遊戲 感覺就像被詐騙一樣,0
對這家 發行商 死心,0
"別人的槍都是真槍 我的槍都是水槍 (還金色等級自己剛製作的新槍) 然後我感覺沒幾把""能用""的槍 別人穿普通白色衣服像穿著防彈背心 我穿著剛做的金裝像裸體一樣 (也是剛做好的衣服) 對面敵人打我像打CSGO 我打敵人像打..........[spoiler] 根本就是單方面被虐 !!![/spoiler] 除非你拿狙擊槍等某些槍可以穿牆 灌障礙物打人 不然在你還沒""肝""之前 你就是隻弱雞 常常也覺得對話選項 也是很怪異 你選擇回答A 但感覺就像回答B 不知道是不是果文不好 也常常有各式各樣的BUG 為了射擊我都能忍 ，[spoiler] 但是真槍對水槍我真心不能忍!!![/spoiler] 建議目前真心你如果能撐 打折時再買",0
實際遊玩體驗覺得物理互動有些鬼畜，樓梯高低差的距離有些時候會讓角色直接重傷死亡諸如此類詭異的BUG(但應該之後會修復)。 劇情方面做得不錯 引人入勝 雖然我只是因為Cyberpunk這種世界觀以及強尼銀手的預告才入坑哈哈。 以現階段來看個人覺得2077還沒做好有值這個價錢的內容以及遊玩體驗 建議觀望看看 也許-30%off可以考慮,0
好几次遇到武器无法切出的恶性BUG，而且BUG发生后的所有手动和自动存档都会受到影响而无法正常游戏，只能读取更加往前的存档。就目前完全不推荐购买和玩,0
一直閃退 怎麼沒GTA好玩? 浪費我金錢時間,0
Bug太多不談 遊戲一直崩潰 乍看之下我只玩了7小時 是因為如果我用steam打開遊戲每15分鐘崩潰一次 只能直接打開遊戲內的驅動器來玩 現在極度不推薦入手 如果未來bug跟崩潰問提修正後再來更改評論,0
非常多的bug，人物臉常常無法正常顯示，一堆雜物直接飄在空中 最扯的是重要的過場動畫直接變全黑一片還無法重新來過，只能自己上Youtube看別人玩 申請退款還被駁回，bug如此多還不給退?!,0
過譽叛客 狗屎BUG修好再說,0
請問有人玩了60小時才登入閃退嗎 我顯卡3080的,0
未完成品上架?差評走起,0
太多BUG,0
bug多到嚴重引響遊戲體驗! 建議一年後再買...不然動不動全黑沒畫面!..任務死當! 卡點....真的會氣死....,0
非常容易閃退。,0
"第一次評論, 第一次投訢要求退錢, 巫師3全過關, 筆記本都玩得好順, 以家9900K + 2080Ti, GAME一開始開車出車庫, 地圖部份畫面螢幕就閃過唔停, 好啦, 等PATCH, 幾個PATCH都一樣, 你玩GAME係要享受, 唔係受折騰, 所以永遠的教訓, 最大的期望永遠是最多的失望, 千萬不要先入為主, 不要湊熱鬧, 感覺比以前MS-DOS改RAM設定還折騰.. 放棄了...",0
BUG 實在太多,0
"好玩歸好玩,可是那個出身背景非常雞肋,沒有當初第一次發佈的時候說的那麼神,可以影響到後面的劇情就跟傳說中那款質量效應三部曲那樣..估計是基哥的加入使得整部劇情大改到現在這樣,真搞不動上層在想甚麼,真想賺錢就弄個基哥dlc當作支線不就好了也不用去更改之前的劇本.",0
"垃圾游戲, 本身都多BUG, 而加更新了1.06, 有時都會彈GAME..",0
換電腦存檔掰掰,0
半成品遊戲 建議有大折扣價錢或有更完整更新檔在入手 才不會破壞遊戲體驗,0
一個極度需要沉浸感的遊戲卻偏偏有無限的隨機 BUG 把你拉出戲，這對劇情黨玩家來說真的完全接受不了。 現在暫時把這遊戲封存起來，希望他日修好了，再打開來玩的時候能夠還我該有的體驗。,0
2.0 之後這遊戲終於可以玩了 似乎是個像樣的作品 除了跟我們證明CDPR 的遊戲不要買首發之外 這遊戲的技術能力依舊跟不上他的野心 很多人推薦了，我就不推薦了 -- 以下是首發傻子的心得 -- 塞一堆東西不表示是開放世界，一堆半成品的設計看得到野心、但看不到誠意 就是一個沒做完的【可能】是好遊戲的遊戲，不推薦購買，等特價或等DLC吧,0
各種崩潰閃退 還伴隨著遊戲開不起來的種種問題 又回來想沉靜在這遊戲內 但 這遊戲的閃退 跟 畫面無故閃爍勸退了我,0
BUG太影響沉浸感，遊戲宣傳吹太大，很多功能根本沒有,0
搶先體驗遊戲 立即開始遊玩，並參與遊戲開發過程。 備註：這款搶先體驗遊戲尚未開發完成，且內容可能會有所變動。如果目前的開發進度未使您產生興趣，建議您等待本遊戲開發至下一階段再決定是否購買。,0
发售前的劣迹就不说了，辣鸡优化不支持win7不支持旧显卡不支持旧驱动，10分钟崩溃一次玩个屁 2077？狗都不玩！,0
簡單來說就是和想像中的差太多，從蔫臉到劇情長度都不到預期，我覺得並沒有這個價錢的價值。,0
玩到 會頭暈想吐 = =,0
老是更新下载 一搞就是3 4个小时,0
玩一陣就崩潰強制彈出 遊戲內更改唔到部份按鍵 要去修改xml檔才可以 已退款,0
物理引擎差，搭配不夠長的主線體驗不到家。BUG層出不窮，唯一的優點要把這個遊戲看成GALGAME來玩才能體會，戰鬥枯燥，整天接電話也很煩,0
雖然劇情帶入感非常棒，配樂也很優秀，但是唯獨大量bug影響到遊玩體驗，等待後期遊戲更新修復完成後再給好評。,0
bug那麼多就算了 還不讓我殺我想殺的人 對我就是在說你剃刀 幹你娘勒 當我wake up in the morning 幹你娘勒 更新:我還是很氣,0
卡顿，我忍了，我显卡不好，蓝屏，我忍了，我rp不好，今天游戏直接没了？提示我安装？明明占用硬盘空间还在。删了，告辞。,0
劇情是遊戲的唯一優點 一堆複製貼上的NCPD跟合事老委託任務玩法根本就是刺客教條 遊戲美術畫面與RDR2 刺客 看門狗同一水平並無超越 BUG多世界互動少肉體改造內容少 技能你完全想的到會有什麼功能並無讓人驚艷的地方 我玩第二輪前期就膩了現在封片中 1年內非常不建議買,0
"不停彈出, 入不了遊戲!!!",0
雖然我沒要求退款，但我也不會推薦這款遊戲給我的朋友。宣傳與實際落差很大，會不會補齊也不知道。,0
BUG事小 細節事大 一堆沒屁用的細節表現得很好 1.下雨表現的很好 結果手榴彈丟水里不會起水 2.光追下 各種鏡面材質(例如金屬 光滑木頭等)直接表現出了NPC走到玩家背後就瞬間移動(消失)的問題不然就是突然出現 然後光追下 玩家的影子是禿頭 差點能一拳滅了夜城 先不提一開始照鏡子的惡性BUG 玩家在光追下也不會顯示樣子 那你的鏡子也不是真正的光追 是虛假的 是沒屁用的 也不建議開 3.本作品最大的核心 動作射擊遊戲 然而考驗腦力的時候到了 請問彈夾有3發 我上膛後打了1發 重新裝彈 請問我槍現在可以打幾發 這遊戲給我的答案是3 我不知道怎麼回他 他好像說的對 4.遊戲前面講了這麼多近戰技巧 序章後基本沒用途 不是重擊砍歪對方後當白痴連斬就下來 就是對方根本沒幾個近戰的 然後強迫近戰的任務 敵人各個不講武德 玩家研究出了拿刀打 也被改掉 破壞遊戲體驗的BUG你們不修 專修掉玩家遊戲體驗(沒關係 我現在都直接開車進去撞) 5.通緝系統你們大概這輩子都改不好了 這輩子!! 我只是不小心擦撞到路人 他也沒死 NCPD把我當殺父仇人 直接出現在我背後就直接開一整個彈夾 序章講什麼機動部隊NCPD好像很帥 做懸浮車登場 後面就是一群不講武德直接在你背後出現的人 好像他們跟蹤我很久了 就差我開槍而已 6.製作系統 這也是你遊戲不打掉也不可能再改好了 這輩子!! 飲料可以拆出1白1綠 然後1白1綠可以做一顆手榴彈 手榴彈可以拆2藍2紫 真的很無語 我不知道你們怎麼不乾脆讓玩家把飲料丟出去就好了 反正是一樣的素材嘛 狙擊槍 衝鋒槍 各種槍枝衣服都能現場搓 算什麼製作 你乾脆說V的眼睛其實是3D列印機好了 7.結局過場動話居然沒隱藏HUD是三小 玩到結局了還能讓我心情不爽 你們也是很厲害 再來的全部都是各種惡性BUG我也不提了 玩過的人都知道 也不要說我電腦非主流跑才出這麼多BUG 我RTX 2080S 驅動460.89 Ryzen 7 3700x ddr4 32gb 3200 1080p跑光追中還能卡出屎 我覺得也是絕了 你們怎麼有自信在xbox one跟ps4上也出阿,0
浪漫 優質 很好來個浪漫168的ㄩ會 但唐bug一直來當電燈泡,0
[h1] 食之無味又去之可惜的遊戲 [/h1] 等打折再買吧，普作一枚。除非你是CDPR狂粉,0
bug 讓床戲的皮膚都會變色,0
完全就是半成品的大便==,0
"更新完 1.05 之後 連入載入遊戲都彈...玩到玩不到 之後 1.06 並沒有修改這個問題,還是一點也玩不到",0
雖然很好玩，但是優化差，中低配置的噩夢； 雖然細節豐富，但是影響游戲體驗的bug是真的多； 雖然内容很多，但是和宣傳還是有一定差距。 雖然甜蜜，但終究是個騙局。所以暫時不推薦。 不過畢竟開放世界的框架不錯，未來可期。,0
現階段不推薦購買，這款目前是還沒做完的遊戲 一個充滿錯誤高層決策者的產物 有很多想法很有趣，沒有做完相當可惜 有很多被刪掉的想法很可惜，公眾交通、跑牆，希望未來能做出來 總之有興趣的人，建議先看看GAME PLAY 其他就等明年一月二月的大更新再說吧 -------------------------- 21/1/16 今日破完了星星結局，希望今年可以讓遊戲達到當初希望上市時的狀態，我會願意將所有結局都推完,0
更新完後 無法再進行游戲 我受夠BUG 破圖了 我忍夠你們了,0
闪退 然后穿模 希望大优化快点来到,0
"懶人包:這不是個開放世界 這是個開放""公式""世界+真的坑 不要買 我很少給遊戲差評 但2077就是款一款畫面更好的全境封鎖 明明是不同公司卻繼承了他所有東西 一樣好的畫面 一樣雞肋的槍 一樣滿滿的詞條 一樣滿地圖的小衝突小任務 一樣隨機遇到的幾個小混混 一樣滿滿人沒有生活感空洞的大城市 一樣沒有互動的路人 一 樣 的 無 聊 若是劇情有趣點也就算了 但這劇情是真的難吃到爆 除了開頭大樓那章+杰克 角色幾乎都極其平面 銀手的穿插劇情更是讓遊戲產生強大的撕裂感 劇情為推進而推進 毫無感情與沉浸 很難想像是做出巫師三這款遊戲的同家公司做出來的 要不請編劇重新去跑一圈腥紅男爵篇一下 檢討一下自己到底丟失了什麼? 糟糕的劇情與角色搭配上 清一色都是屁的支線任務 浪費你遊戲時間的超夢系統 各式宣傳片中介於存在與不存在之間的特色選擇與攻略方式 也許只有昆特牌能拯救這款遊戲吧 更別提三不五時走在路上突然死亡或下個樓梯膝蓋就軟掉BUG 走沒幾步就得記個錄 深怕又得重走 V 別再想當什麼傳說或小人物了 先去找個義體醫生救救你的腿吧 就你這膝蓋 怕是得先搬去天際省了 最後最後 我得說這遊戲最嚴重的問題 都2077年了 ""幹砲還在看幻燈片"" 要看片我還不如去P網看 至少還多了幾個""選擇"" 就扭扭街這素質 這屌我看也不用分什麼大小了 裝不裝也沒什麼差 反正也用不到 不如讓槍多個地方塞還比較實在 有一說一 還是得稱讚一點 這配音 有點意思 真是小母牛過體檢 好牛B",0
更新有夠慢，幾mb而已解壓縮解老半天，哭阿,0
bug太多了 我50多个小时 至少有5个分支任务认为bug做不下去了,0
於焰大樓直接被保鑣擋在門口BUG一堆完三小連結局都不給破,0
除了遊戲劇情&畫面是頂級以外 其他系統沒有宣傳片說得那麼好 BUG嚴重影響遊戲體驗 作為消費者感受到強烈的宣傳欺詐,0
就现在的各种bug 负优化而言 实在不是劝朋友入手这个游戏的好时机,0
沒更新沒事 更新後 一直崩潰,0
开汽车系统简直太垃圾了，10多年现实生活中的老司机认为，如果汽车要是这样的话，全都得撞死，转一点没啥用，稍微按多一点就转圈，就像在冰上开车一样，啥玩意气死个人，做游戏的时候不试着开开车吗？开车就跟开宇宙飞船一样乱晃啥JB玩意,0
bug爆炸多,0
"這東西從發售至今 三年了 SO! 車輛駕駛手感一樣稀爛 還一堆任務跟車子相關 武器牆這種明明不會有什麼問題的東西 卻還是搞的武器要""最低階""放進去才會在牆上出現!! 進狗鎮 楨數感人啊! 加上奪車任務 我都可以上台報告了! ""我使用的不是PPT 是2077! "" 再也不買什麼3A大作了 蹲坑算了",0
bug太多....讓人不忍直視...就是爛!!,0
挂羊头卖狗肉说的就是你。因为我是CDPR的粉丝，所以我第一时间就预购了游戏，也因为我是CDPR的粉丝，我没办法容忍你们拿这种半成品游戏招摇撞骗。具体什么情况你们心里清楚的很，通过数据提取与游戏修改的方法我调取了你们删除的装备（光学迷彩已经做完而且可用你们为什么要删除任务线），看到了被弃用的字段（序章我本可以选择劫车，为何任务提示还在你们强行把我塞进德拉曼），进入了一个个封闭的房间（超级摩天楼的一个个房间都做完了，屋子内却缺少贴图光照），林林总总游戏内删除了接近75%的内容只为了回收成本吗？这和你们曾经宣传的根本不是一个游戏，不让试玩媒体公布实际画面只能使用宣传片镜头作为素材这就是赤裸裸的欺诈——宣传片中公布的游戏系统、游玩机制，你们有一个实现了吗——一个都没有。我不申请退款是对你们的信任，这游戏我就当你们发行的是EA版。我卸载了，一年后再回来看，如果还是这样子，我也再不可能原谅你们。,0
目前在玩1.05版，但遊玩體驗指出應該改成0.5版...,0
遊玩難度困難 主線已經全破 支線剩下神機跟沽名釣譽 最讓人討厭就是這兩個任務 神機沒有指引 整個大地圖根本找不完 沽名釣譽則是路由器有BUG 都顯示斷電狀態 爛死!!! 為了這兩個無法把支線都破關 很生氣...,0
我有一半的時間是直接啟動遊戲跳過STEAM的，所以時間不準 這遊戲當初看在是CDPR就直接訂了，反正就是會玩的那種所以也沒有特別去看預告，預告詐欺的部分我就略過了 說點遊戲裡的問題吧，實在太多了想到哪就說到哪吧 毫無生氣的敵人 奇怪的物理引擎 滿滿的BUG，最好笑的是我解完德拉曼支線要領車的時候車在我面前四腳朝天爆炸了。 難用至極又搞不清楚在幹麻的介面，我一開始玩還有一些選單不知道怎麼叫出來去GOOGLE快速鍵 物品系統雜亂無章，垃圾食物滿身然後你得一個一個拆或賣… 裝備昇級極不合理，你要嘛昇滿50級再去一個一個收集傳說裝備要不然你就準備農到死農材料昇級 然後制作太多還會弄壞存檔，但是有些裝備沒辦法拆掉，呵呵呵… 說到裝備製作就好笑，一個佣兵為什麼需要什麼都自已製造阿？城裡那麼多店放幾個工匠不好嗎？巫師3也沒有自已做裝備阿？ 然後裝備製作還卡科技等級，有科技等級還不夠還得用BUG把技能等級昇上去不然也不能點技能，然後洗點數的東西貴就算了竟然還不能徹底重置…你們不會覺得有很多人願意再重來一遍這種狗屎體驗吧？ 不用BUG昇技能我看大概得製造幾千件才能昇滿吧…然後你還要一個一個點製造… 然後你整個夜城到處都是性廣告跟假屌，能嫖的NPC竟然才兩個？？還一個男的？？我以為2077應該是個比中古世紀更性開放的時代？不然我特地選了個大屌是幹什麼用的？ 說到這個也很好笑，跟PANAM車震完事件結束回到營地低頭一看身上只有一條內褲，裝備選單一開我的大屌正在風中搖晃呢~打砲被中斷衣服也沒穿回去，真不知道是太寫實還是幹麻…欸你下車前好歹穿一下阿…挺著個大屌跟整個部族說話不覺得涼涼的嗎 劇情雖然還可以不過也就這樣了，沒有什麼太深刻的感覺，打完一個結局去查了一下其他結局就不太想動了， 大概也沒有什麼其他END GAME的事可以做了，反正洗點也只能洗一半，想弄個別的BUILD都弄不出來。 然後遊戲的3D模型有些物件極偷懶，像是食物模型跟酒杯的粗製濫造簡直是PS2時代來的，用餐場景看上去一整個奇怪，非常出戲，這遊戲用餐場面也就那幾個，好好做食物模組不行嗎？萌夯世界用餐雖然也就一套不過人家有用心做看起來就完全不一樣阿。 什麼？沉浸感？你在夜城除了殺人越貨還能幹麻？ 總而言之 還可以的劇情+爛透的遊戲系統 雖然我整體不討厭但是完全不推荐 要知道BUG總有一天可以解決，但是系統糞是幾乎沒救的… 就算因為基哥加入劇情幾乎重做，但是遊戲系統應該是早在規畫階段就準備好的東西才對。 讓CDPR感受痛苦吧，這樣他們下次可能會吸取教訓。 3/10,0
實在是太多bug，當時宣傳的內容幾乎一樣都沒有實現，如果不是基努·李維出色的演出及別具一格的地圖。我個人感覺就只是一款連10%都不知有否完成的RPG 遊戲，一元港幣都不值。,0
對於 CD Project 的死忠玩家，這次2077只有滿滿的失望，上市前的大篇幅宣傳給了玩家很大的期待，遊玩時發現很大的失望感，滿滿的臭蟲與趕工上架的痕跡，希望往後的更新能夠完善遊戲。,0
等一年挺失望der,0
詐欺公司，BUG多到數不完，不斷閃退，竟然只開放家機板無條件退貨，好像PC版沒問題一樣。 整個遊戲只剩下美術可以說嘴，至於沉浸感，沒事就出現的BUG導致有夠出戲，更別說閃退了。,0
BUG一大堆 想入手的等修改好在買，玩得很不是滋味,0
[h1] 宣傳100、成品0 [/h1] 失望，閹割掉太多東西了 一堆bug不說，在[b] 物理引擎 [/b]也輸給七年前的GTAV 甚至是極地戰壕系列 子彈打到水不會濺起、近戰武器打不破車窗、水看起來有夠假等等 巫師做得到的事情，怎麼2077就不行了？ 再來就是[b] 互動系統 [/b] 小吃攤或酒吧只是售賣機而已，沒有進食動畫 有裸體建模但洗澡時根本不會脫，誰會穿防彈背心洗澡... 槍械基本上只能裝準鏡和芯片，不能客製塗裝 而且，你是生化傭兵，但遊戲沒有手電筒或夜視功能？ 會有一堆人傳訊息要賣你車，很煩，但又不能改車，改顏色也不行 連聖安地列斯都能改車了 不同出身有不同[b] 劇情推展 [/b]，結果只是對話偶爾出現額外選項而已 不能掛NPC電話，一定要聽他囉嗦完 不能刺青、剪染頭髮、化妝，連傑洛特都有髮型師了 路人像披了人皮的機器人，整座城市像死城一樣 問題過多，不鉅細靡遺描述了 [b] 劇情方面 [/b]，雖然步調稍快 有些地方基哥的介入會有點突兀 但整體來講是能接受的 像在看影集的感覺 [h1] 整體來說，我給5/10 [/h1] 只能說，遊戲還沒做好就發售 雖然第一天就回本 但股價在三個禮拜內掉了40% 原本還訂定確切的日期，延期了三次 給大眾達成不了的承諾 欺騙玩家的信用，更踐踏巫師自身的招牌 值得嗎？,0
選繁體中文，遊戲介面顯示不是 電馭叛客/賽博龐克，而依然是陸譯的 賽博朋克，加上一堆BUG，是要玩家當測試員？,0
太多BUG、AI遲鈍反應瞎、優化差，根本是個半成品，這種作品不值得1599,0
BUG是真多,0
吃下負評罪有應得 CDPR 似乎把玩家群當作免費遊戲測試員 這遊戲根本未開發完成，與當初承諾的遊戲內容完全不相符 當中的bugs多得令你必須要save/load 多次才能避免 一場戰鬥後因bug 死亡令玩家浪費不少時間重玩 這遊戲不斷用bug 消磨玩家意志直到你撐不下去，然後選擇退款... 然而已經太遲，steam 會告訴你遊玩時數已超過 2 小時不能退款 這遊戲序章也不只 2 小時遊玩時數吧？！什麼鬼操作？ 連退到steam 錢包也不肯，這是告訴黑心發行商只須做好頭數小時遊戲體驗的 QA 便能上架騙財嗎？ 另外最近GOG 禁赤燭上架事件亦令我對這公司極為反感 希望未購買玩家三思,0
波蘭聰明驢欺騙巫師粉絲感情，請個基哥就敢拿半成品出來賣。,0
2020年12月10日早七点，万众瞩目的《赛博朋克2077》如期解锁。我也是众多期待它降临的玩家之一，我没怎么看过火线夜之城，也没怎么看过实机演示，我明白那会让我的时间过得更慢，我只想自己拿到游戏，进入夜之城成为那无数的逐梦之人之一。这是我第一次预购游戏，没有别的原因，他是cdpr花费七年时间打造的，就凭这一条它就配得上我去花时间游玩，但结果显然不近人意。 那么《赛博朋克2077》是一款佳作吗，毫无疑问，它可能是近几年最有趣的rpg游戏，无论是游戏加点方式决定了完全不同的玩法，你可以成为一个神不知鬼不觉的黑客，完美的暗杀掉所有人，也可以用技术武器穿过掩体杀穿一切阻挡在你面前的敌人，就算你是一个用惯了冷兵器的猛男，你也可以在游戏中大杀四方，还是地图中大大小小的随机事件，有时你会在街上看到撞死的路人，也可以看到街上的帮派火拼，还有脾气暴躁的小摊老板对你亲切的问候，游戏中不少地方都能够显现出cdpr独特的设计及野心，就凭借这些《赛博朋克2077》毫无疑问是一款佳作，但即便如此《赛博朋克2077》一经发售后不久还是成为无数玩家媒体口诛笔伐的对象。原因显而易见：在我和朱迪谈话时，旁边的艾芙琳做着坐着的姿势进行位移:杰克把手枪(芯片)从脑袋中给我递出来；我走在垃圾上莫名其妙的死掉；被建筑向后传送个几百米；很多时候你甚至不知道自己到底是游戏设计出了问题还是游戏的bug，这些bug已经严重影响到了游戏的正常游玩。游戏本身的质量也没有达到我的预期，糟糕的驾驶手感，你被帮派攻击如果还手被警察看见警察会攻击你，警察的通缉走不了几步就会取消通缉，NPC和汽车会凭空刷新出来，很多设计也都和巫师3如出一辙。我清楚的记着《赛博朋克2077》在周三解锁，我在周二就解决了一周的其他事情，为周三做准备，因为没有关注官网，我以为游戏会在12点解锁，但看着时间到达12点，游戏仍然没有解锁，那感觉比失恋还要难受。它经历了三次跳票在无数玩家满怀期待的打开游戏的时候，面对的是这样的答卷，我相信没有几个人会是开心的。我无法理解游戏本身优化的问题反倒倒打一耙说玩家配置不行的部分玩家，即便你的电脑装载了3090可是运行《赛博朋克2077》仍然无法达到最高画质1080p 60帧，如果抛开这些问题不谈，ps4pro的优化难道也能说是玩家配置的问题吗？更无法理解那些自诩为cdpr的老玩家的人，我虽然没怎么玩过《巫师3》前面两代我甚至都没有玩过几次，更没有补过它的原著小说《猎魔人》，但我也曾被这个魔法世界深深吸引，也因它引人入胜的剧情忘却时间的流逝，也曾领略过荒凉冷寂的威纶，见证过浩瀚磅礴的史凯利杰群岛，见过以法国北部为原型色彩艳丽的陶森特，也曾为了寻找一个名叫希里雅的女孩被人利用做了无数次工具人，也曾被普西拉的歌声感动的潸然泪下，也曾在叶奈法和特莉丝之间难于选择，也曾看着男爵上吊而无能为力，也曾走遍整个世界只是为了去找几张昆特牌，我和你们一样也是那个看着希里雅独自去面对白霜而无能为力的狩魔猎人，如果有人说《巫师3》是一个垃圾我也会生气，我清楚的明白很多玩家都不是为了剧情而去玩《赛博朋克2077》的很多玩家心中都想要一个赛博朋克版的gta。当然我也不是例外，游戏早在发售前就有不少人吹嘘这款游戏拳打gta脚踹塞尔达，但《GTA5》中不只有和警察的玩家的五星好市民日常，也有着从一开始就站到了男女平等这条道路上的崔佛，也有着不惜背叛自己的兄弟也要给自己家人一个幸福生活却被戴了帽子的麦克；《塞尔达传说》中不仅只有滑翔伞和收集不完的克洛洛果实，也有无论多少周目都再也见不到的四英杰。它们之所以被无数人称为神作可能各有千秋，但毫无疑问它们的故事都有着深刻的内核。《赛博朋克2077》的确也有很多有趣的故事，在有些方面甚至比前者做的更好，无论是孤独到和乌龟交流的退伍警察，还是在2077年远离喧嚣放荡不羁追求自由的帕南无一不吸引着我，像这样的有趣的故事，在游戏更是有着无数个。但这一个又一个有趣的故事在cdpr一次又一次的欺骗了玩家，做出了一个又一个无法兑现的承诺，全都付诸东流。我衷心的希望cdpr能够拿出诚意，花时间不断打磨，打造出一座能让所有人满意的夜之城，更诚切的希望cdpr能够让所有玩家折服，让所有玩家发自内心的喊出那句“赛博朋克天下第一！”,0
技能組設計問題過多 丟飛刀的技能是智障設計的? 丟出去就再也回不來了 不會摔倒的技能 點了之後 被車擦到一下直接死亡 各種選項選了 也不影響整個遊戲的走向 優化爛的一逼,0
閃退閃退閃退閃退閃退閃退閃退閃退閃退閃退閃退閃退閃退閃退閃退閃退閃退閃退閃退閃退閃退閃退 幹你娘閃退,0
半成品 寧願再等一年,0
1065想玩的舒服一点果然还是个🤡一样似的，还是等优化完成差不多再给你改回👍评吧。 2021/2/5 想法改变了，还是你游戏最无聊的😁,0
遇到2次卡主線必定閃退 驗證檔案個別下載了29.7GB和24.6GB,0
目前很多bugs 性能優化不足等問題 還有閹割一些特色 暫時不推薦,0
遊戲不穩定,0
等更新 bug太多了,0
BUG真的多到會吐,0
我寧願把一半畫質兌換更少的bug,0
"建議等到2077年再來玩這款遊戲,2020遊玩4小時當機不下10次. 等優化改善後再來給正評. ------------------------------------------------------------------------------------------- 1.06版更新後不在一直閃退,看來最大問題是出在紀錄檔不能大於8M.不過並不表示沒有bug,目前還有任務NPC的bug,對話bug,跳箱死bug,總之還有一堆,因此建議還是不推薦各位買這遊戲,花1599當bug測試員誰會開心阿.",0
蠢驢 我去你媽的垃圾公司 看完動畫才想到這個傻逼遊戲還沒把閹割的內容補上 整整兩年還沒把當初宣傳的東西補上 就想靠動畫洗白阿 還不趕快向扳機設爸爸磕三個響頭 承認你們就是個宣傳不實的傻逼公司,0
真就TM很棒，我现在在一个商店的终端那遇到BUG了无法行动,0
bug多，優化沒弄好，整體像半成品，看別人玩知道劇情就好， 目前不值得花錢買。,0
或許該等到2077在買它就完整了,0
BUG太多 優化太爛 GG,0
"不推薦,要跟R星好好學習什麼叫開放世界.NPC的體驗對話明顯不用心.整個遊戲給我的感覺就是半成品",0
我不否认这是个好游戏，至于大家为什么说它的不好无非是因为这是个半成品，本来不想给差评的毕竟值得打磨，但是更新补丁又给我来一个发生错误提示缺少已下载文件，掀桌 CNM,0
垃圾遊戲 一堆BUG 宣傳片與遊戲內容不符 誰會還買 媽的,0
"現在一開遊戲過沒五分鐘就當機接著不能重開,送修電腦設備也都沒問題只有開遊戲才會這樣",0
同2018年個trailer都同既啲野,0
無什麼特別突出 主線短 自由度又不比其他作品多 跳票幾次 感覺沒什麼作用 可能經時間洗禮會得到改善 前提後續要夠吸引和多選擇,0
不值得花這個時間、錢、心思在這遊戲,0
第一次购买小驴的游戏，感觉就像刷了好几百万的网红女主播，私下见面我想回家的感觉。 总觉得2077的饼画的太大，一吃，卧槽，这不是大饼而是旺仔小馒头。,0
"遊戲跟預期相差很多, 故事是很不錯. 但世界死氣沉沉, 千篇一律. 玩家可以做的互動少之又少. BUG就不說, 上網想看什麼要什麼. 建議等個一年半載再回來最好",0
一个小时crash 5-6 次叫人怎样玩！,0
"救命,誰來幫我壓住牛頓的棺材www 劇情呈現簡直趕鴨子上架 精隨已不再 車子抄襲兩牌超跑的車體(bugatti)跟90度側旋門(koenigsegg) 等了那麼久 跳票了幾次 換來這樣的結果 更新也沒有修復到什麼 遊戲重開設定也會重置 PS4 PS5 PC都有買了 但都沒有好體驗 甚至最早的版本還讓我的桌機燒壞了3張1T的samsung971",0
遊戲發售前的廣告與宣傳過度誇大 也許遊戲不是這麼無聊 也十分有特色 但給玩家太大的期望導致與現實發售後落差過大 另外遊戲目前有許多bug十分影響遊戲體驗 阿傑受傷拔晶片給的那一段直接把手槍拔出來真的十分出戲,0
老實說我很難說服自己這遊戲的實際遊戲感受跟2018年E3展的Gameplay展示影片差不多 ＝＝＝＝＝ 剛申請退費就發現退費跳票，然後原本已宣布還願上架ＧＯＧ平台，結果被中國人隨便講講就直接立馬說不給上架了？ 哇，真是，這個膝蓋軟掉跪下來的速度真是令人歎為觀止哪！這遊戲bug會這麼多的原因還真的是不言而喻耶？令人佩服、令人佩服。 原來ＣＤＰＲ這間公司已經從原本花費多年製作遊戲的公司變成單純製作一款詐欺遊戲的廠商了啊？號稱花費八年時間開發製作的遊戲bug多的跟人家EA一兩個月的遊戲差不多，我真的蠻好奇這間公司到底把從前製作遊戲的心力放到哪去了。是放在練習如何跪給中國人看的跪姿怎麼樣比較好看正確嗎？ 事實證明還蠻成功的就是了，嘿這點我真的會想給予好評呢。 沒關係，如果不給退我這個負評就一直擺在這，你2077後來改到全世界都喜歡，沒問題。 但只要未來哪怕有可能會有一個人點開繁體中文負評，我就一定會擺到世界末日為止。,0
抛开bug 内容也不行,0
"真心覺的2077 做的不是很好,劇情太短 也不夠自由 感覺就是草草做出來的成品🙂🙂",0
花了50小時終於把錢刷夠還把所有支線清完 回去做主線發現中了主線Bug 安全為上裡武村完全不打電話給我 網上的解法完全沒效 前天清完塵+補膏 遊戲終於不再閃退了還想說變回10/10神作 TM現在給我搞個這東西 你遊戲都出了快2星期這麼重要的bug還是沒修 CDPR你也是可以啊 0分糞作啦 笑死,0
推荐配置真敢写1060啊？,0
只能算是个合格的RPG游戏，其他的，不想多说什么。,0
太多BUG，影响体验，结局莫名其妙,0
神奇的優化 卡頓人生,0
不值得购买 营销骗局,0
"未完成的半成品。 預告詐欺，被閹割了一堆東西，BUG一堆，期待越大失望越大。 目前不建議購買，想購買的等遊戲""真正""完成後再買。 CDPR靠著巫師的光環成功的欺騙了全世界。",0
BUG一堆還不給退款,0
BUG 大部分已經修正 唯一可惜的是劇情內容依然略顯空洞 主線太短了 支線任務有些尚可 但仍然有很大的空虛感 在經過一定時間遊玩中 依然會觸發不少BUG 但不至於影響遊玩 認真說 有進步 但依然不到當初承諾的遊玩內容,0
遊戲過程中多次當機 導致遊戲崩潰 剛才我一度以為我顯卡壞了 我燒機燒1小時都沒出問題 只有玩2077時會掛掉 顯卡1070 比建議配置1060高 硬體殺手真的不是說假的 要玩得請慎重考慮硬體隨時可能被掛掉 而且遊戲Bug很多 機本是把玩家們當測試原 但說實在的 遊戲不錯玩就是了 但考量其他點真的不建議入手,0
bug 多到想支持都沒辦法了,0
浮空車，跟T字人，撿不起的物品，路上重複NPC多道以為開影分身之術，還遇過車上看到兩個一模一樣的NPC 之前火線夜之城說好的生動令人沉浸的夜城呢?,0
多bug都算了，最大問題是跟宣傳有太大落差，玩過之後只感到失望。 本來說會有的車輛改裝、地鐵系統、幻智之舞(主線外)、黑警、特殊天氣等等全都沒了，感覺就是在玩半成品。雖然整體來說稱不上爛，但如果不能做到宣傳中的內容，一開始就不應作出如此誇張和虛假的宣傳。難道為了推高銷量就可以背棄對玩家的承諾嗎?,0
缩水朋克2077,0
優化很爛 畫面崩潰 一直閃退,0
因為伊芙琳給你負評 嗚嗚嗚嗚,0
感覺上我只是玩了BUG超級多的看門狗跟Fallout，先說故事性真的不錯，但是格局實在小，小到可憐，只想問官方你搞了8年，畫了一堆大餅最後只能這樣呈現？ 以上是兩年前的評論，讓我多加一點吧 BUG修正很多，但是還是依然很多其他的BUG，像是有一段跟阿傑講話的時候他全程拿著他的槍，然後走進大飯店裡面.....超級詭異 2.0更新之後回來再修改一點點.... 我打開地圖就死當，好樣的....,0
现在是游戏荒嘛？为何要追捧这样的东西？硬件设施就不完善，何谈沉浸，何谈剧情，我已经被闪退折磨疯了，延时音效和穿模闪现NPC已经让我头疼欲裂，在刚开始我就审请了退款，但是系统显示我已经游玩4小时，这四小时完全是在来回调试和反复闪退中度过的，忍受了那么多之后，通过自我努力解决了问题，在12月20日之前，新补丁之前顺畅得完了一段时间，没想到打完补丁后又开始闪退出bug，已经疯掉，本来就没有多少时间在游戏上，这次服了。另外，被各大网络up主推宠的剧情方面也并没有引人入胜，废话很多，为了装酷而多费口舌的台词太过频繁，最终每个剧情的始末的波澜也就是一般般，真的只能说一般般，NPC得反应并没有感觉是这个时代该有得演出，仍然木讷，呆滞，出戏，波兰蠢驴并没有让人感受到他们严谨和细致得匠心精神，然而波兰蠢驴这个称号洽洽是因为他们做巫师系列的态度而挣来的。,0
"故事,BUG,online還沒完整 就先派人製造巫師4, 不是人手不足嗎? PC版可以退款了嗎? PS+XB都可以了啦 干說好的長期更新呢? 下一個DLC最後?????????",0
BUG非常多，遊戲內容也不夠豐富 目前不推薦,0
讓人很抓狂的破圖...,0
BUG太多,0
太多BUG,0
半成品也敢拿出來賣阿,0
BUG很多,0
2020/12/20 更新完就不能進遊戲.真的垃圾遊戲.,0
遊戲不能玩啊...簡直是場噩夢...,0
不建議買 多BUG 沒突破,0
先把BUG 跟 優化修一修吧,0
只有劇情和人物細節不錯其餘差評,0
雖然尚未破台但目前遊玩狀態覺得：負評 以下是遊玩發生的狀況： 1. 主線劇情偶爾會遇到主要人物卡點不動，需要重新載入才有可能正常。 2. 支線任務及據點變化性過低，較沒有太多及豐富的支線劇情。 3. 官方宣稱會對%%系統專研，但遊玩至今只有日本城的娼妓一男一女可選擇。 4. 和娼妓歡愉時的動畫並未特別的刺激或真的很歡愉。 5. 若創女角時有加入生殖器，在歡愉時候仍無法顯示，有降低遊玩的歡愉情境。 6. 物品裝備升級，材料需求量過高，即便有點專精仍然過高(不使用BUG或偷機方式) 7. 路上行人完全沒有任何對話意義，可說完全無互動功能( N.P.C 只說幾句話就沒了這不能算是種互動) 8. 若在空曠無人之下殺死路人N.P.C 直接觸發警力1星，觸發狀態太敏感，無法自由度高的到處製造混亂。 9. 電話中左上角的N.P.C 角色圖時常破圖或重疊其他N.P.C，做圖壞掉。,0
買了幻舞不能看 上了浮雲不能進 酒吧只能買飲料,0
更新之後就不能玩了爛死,0
主線比巫師3差 太短 大多數玩家決定行為對劇情影響不大 人物刻畫除了銀手都很薄弱 支線比上古卷軸5差 有劇情的支線占少數 地圖有很多所謂的點及支線給玩家攻略但跟UBI一樣重複感很強烈 駭客方面略差 看門狗 解迷遊戲成分很雞肋 跟劇情或攻略任務有關的大多看屬性點 無需要任何解迷 戰鬥方面略差 巫師3 刺客 技能點大多只提供屬性上的變化 只有2個有攻擊方式上的變化但用處不大 處決動作單調只有一個動作 綜合水平略差Fallout 4 (個人認為Fallout 4沒有很好玩) 除了世界觀 主線劇情外 沒有一個地方讓我感到驚豔 遊戲玩法別說創新時代也沒跟上 沒有一項突出的地方 戰鬥系統嚴重縮水 https://www.youtube.com/watch?v=vjF9GgrY9c0 我預期遊戲 主線應該更長 像巫師3那種玩家的選擇會導致主線中期出現一些無法挽回的局面 支線應該要更多劇情 不是只靠文件來充撐場面 玩家的行為NPC會有進一步的即時反應 例如對話上選擇放過某敵人 套出情報後再殺掉 NPC應該要有台詞表達對玩家的不滿或讚賞等等 更改性別 更改樣貌 2077整容改性別應該很常見才對 連換髮型也沒有 車輛改裝 改裝 改顏色 應該要有第三人稱 可以像巫師3 那樣觀賞戰鬥的動作 戰鬥攻略應該會有更多方法 像無人機 潛行擊殺應該要有更多動作 例如可以使用近戰武器 進行擊殺動作 玩家能力應該要更多 更加有cyberpunk的感覺像Deus Ex 跳躍可以緩慢下降 隱形 對話選擇應該可以使用駭客能力獲得情報或折磨對方套出情報 迷惑對方可以通過某些地方 多增加點解迷成分 解迷小遊戲應該要有更多類型 無法想像這款遊戲是CDPR所製作完全不能稱得上是成品 希望未來DLC能挽救這遊戲,0
这水平不去搞传销可惜了。,0
CDPR一直以來都在欺騙消費者，不斷承諾，不斷跳票，在12/10正式上市後，卻出現非常多不該出現的低端BUG，更不要說PS4和XBOX連玩都不能玩，這根本是個未完成品，還沒發售之前就已經鋪天蓋地的宣傳，塑造一種非玩不可的感覺，一大推周邊聯名、設定集，甚至還有COSPLAY比賽，導致玩家期待過高，卻端出這種不合格的產品，如果沒有那個實力，就不要那麼愛給承諾，這款遊戲真的讓人非常失望,0
bug真的太多了zzz,0
很可惜的作品，我很喜歡但是我不想其他人玩到這個品質極差的作品。,0
下载加更新4个多小时，根本无法运行,0
記錄玩超久一直不見,0
打鬥時候非常容易有BUG 一下敵人發呆 一下卡牆壁 不太理解怎麼PC還能有70幾%好評,0
CPU:i9 9900K GPU:RTX2070 16G WIN10 這遊戲畫面全調低也卡的我快摔滑鼠了除了畫面60禎上下之外又非卡頓...4~5秒畫卡一下 射擊手感屎的不像玩射擊遊戲之外走路時常卡障礙物尤其是戰鬥時,0
"更新了2.01但成就系統, 一樣卡bug, 荒原 委託完成了都一樣唔出. 各位steam友, 如果你深受auto save閃退影響, 請在遊戲設定裹關閉跨平台存檔, 就解決了問題.",0
完全不如預期 半成品都不如,0
这是一款我提早了一年半预购的游戏，但是玩到现在。我发觉有点失落，极高的自定义内容被砍，地铁被砍，改装车辆被砍，有明显的赶工痕迹，优化也有问题，AMD RX5700xt 体验不好。一直报错弹出游戏。让我有一种当年科乐美逼走小岛，强行发布合金装备V一样。半成品，或者说只是一个60%完成度的作品。它可以更好，可以封神，可以重现武士3的辉煌，只看波兰人怎么操作了。我期待更新，我更期待大型DLC，补完欠缺的剧情，改装和地图，游戏内容等,0
如果沒有延期這麼多次的話 這個水準我是能接受的 但是延了三次還做不好 我不能接受,0
等等後續更新跟特價吧 現在完全不是購買的好時機,0
沒做完的爛遊戲 還敢拿出來賣,0
一堆BUG,0
海量的BUG、雜訊音、穿模錯位破圖、糟糕的UI設計還有各種閃瞎眼的特效 不...短時間內不會再開起來玩了 前面3次延期都忍了，就當明年初的2次大型更新後才是正確的發售日期吧,0
Good Morning BUG City BUG比隔籬UBISOFT仲多 閹割內容，宣傳欺詐，半成品 條Trailer都有地鐵，但事實上你遊戲裡面係見唔到嘅，好明顯為咗發售直接閹割咗 好多建築有內容但並無使用 成隻GAME就真係靠支線來撐，主線實際好短 優化差，官方配置圖再高2個level 現階段來講，並不推薦購買,0
bug一大堆，主線任務還連續閃退4次,0
垃圾優化，推薦配備顯卡1060，我1070特效全開最低廉穩60都做不到,0
有點粗糙，他需要更多時間完成,0
瘋狂閃退 真的非常失望,0
PC版的BUG不比家用遊戲機來的少。,0
都2077了，比GTA5還不自由,0
"BUG多到爆炸,每次開始都要調語言,一個耗時好幾年以上的遊戲連這種基本的都不會驗,真得可憐,隨便一個便宜的糞作BUG都沒那麼多,真的很懷疑你們自己有沒有玩過,隨便玩隨便中,沒準備好就不要硬要放上來賣,強迫玩家在那邊幫你們解BUG傻眼,真的可憐",0
一進去 遊戲就掛了 還沒有解決的方法 STEAM版的 官方處理速度很慢 著樣的公司遊戲一定爛 還不能退費,0
假開放世界!,0
完全就是一團糟,0
rpg射击的战斗 漫天飞舞的bug 不知道是文艺还是装逼的剧本 乱七八糟的装备和消耗品系统 这游戏中段还算可以 后期真的乱七八糟 玩这个 我为什么不多玩两次地铁离去？,0
BUG一堆,0
BUG太多，卡任务，模型跳出，太多了,0
期待太高，並沒有想像中好玩，主線也非常短，bug多到懷疑人生，建議等特價,0
BUG太多的未完成品，極度影響體驗，玩不下去，感覺是連完整的QA都沒做的全額體驗版,0
好玩但玩的不开心，说好的东西都没有，每天玩还会玩到不同样的BUG。,0
禁上還願的垃圾公司，今次仲一早預購係我失策，下隻CDPR作品玩老翻算,0
各種BUG,0
還是有BUG 武器牆一堆都無法顯示,0
bug太多,0
虧我那麼相信CDPR，劇情不錯是真的，但是承諾過的東西就跟坨屎一樣 跟我說這半成品開發八年 而且如此這般的屎 我也玩了百來小時 氣,0
吃我負評啦，廢話也不用多說，懂的都懂。 在PC上確實還算Playable，但就不爽發售前那些騙人的玩意，還有一意孤行的藉口。 最不爽的還是說移除第三人稱是為了給玩家最佳沉浸式體驗，真的蠻好笑的後。,0
基於對基努的愛，我幾乎一整個禮拜的時間都耗費在這遊戲上，而劇情與世界觀、美術設定確實令人驚艷；但作為一款遊戲實際上是個精美包裝的劣質品，跟中共一樣敗絮其中，當然兩者最大的差別就是我給負評不用擔心人身安全也不需要假裝這是個好遊戲。,0
食屎啦垃圾GAME 欺騙8年感情,0
除了画面和主线剧情，其他方面完全不值得打分！狗屎一样的优化，智障一般的人物互动，塑料似的打击手感以及完全无法掌控的驾驶操作。受不了了！,0
唉，引以为戒吧,0
[h1] 这不是我想要的赛博朋克 [/h1] 当我第一次看到2077的宣传片时，就直接在steam上预购买了这游戏 现在打通了几个结局，却没有继续玩下去的动力 总而言之，挺失望的 不是说游戏挺差劲，而是完全没达到预期的估值。像宣传里所说的地铁之类的内容我在游玩过程中是一点都没见到，但游戏中还是有地铁轨道，估计是蠢驴赶工期没做出来吧，这点很多评测视频已经提到过了。 游戏基本没什么大bug，但游玩的时候时不时闪现出远方的树木、在街道上开车突然天空掉下来的车辆以及其它多多少少的小bug看得出这游戏目前还处于一种半成品的状态。 我并不是想要喷这游戏有多么的垃圾，但现在这种完成程度真的令我[b]倍感失望 [/b] 只希望蠢驴能把bug修复完毕吧，宣传里的内容我是没报什么希望会以dlc的形式加进游戏便是了,0
遊戲會跳回桌面、需自行切換輸入法或改shift鍵,0
爛死~瘋狂閃退~甚麼時候才優化,0
垃圾游戲，和今年的CODBOCW MP一樣都是垃圾，年度垃圾！,0
卡通看看就好，沒有必要花錢噁心自己，從一開始就說得多人到現在還是沒個著落，估計是因為骨架問題修不好乾脆不開，眼不見為淨，捏角系統也極差，比GTA5還不如，也不更新，一開始說的有DLC都當屁，不如去玩GTA。 半成品，如果可以退的話我一定退，賠款給投資者，遊戲超過時間也不給退了，玩家都被當屁，垃圾中的垃圾，根本是詐騙。,0
我对bug无所谓，也相信2077未来品质，但欺诈行为极其司马。如果这游戏没那么多刻意误导的行为，1.04这样子我也够满意了，铁定好评。 ps4 15帧提前说没问题，pc硬件杀手提前说没问题，bug初期多提前说没问题。你看巫师还不是初期9.0mc？ 但你一个都没说，睁眼只说瞎话。 差评，是对态度的失望。 骗子行为不能惯着，期待改邪归正。,0
什麼BUG都還能忍 但是無論如何狂閃退不給玩真的是讓人很火大,0
買了玩不到一小時 閃退!閃退!閃退! 重灌一樣 退款完成,0
垃圾半成品,0
捏完臉就不給登入了 一開遊戲就只有閃退 連公司的LOGO都跑不完 什麼程式都關了也沒用 電腦是兩年內買的標配以上 至今為止也沒碰過什麼問題 防火牆防毒軟體也都確認過了 有夠爛真的傻眼 還一堆人吹 是官方買的葉配嗎,0
"72.5小時,目前不能玩~~一進遊戲就閃退~~趕快修好阿~~ 大推這款遊戲,還好全破了",0
BUG一大堆！除了开始剧情外，换个义肢连手术床都不躺，就是未完工的半成品！,0
一堆BUG跟我說你開發了八年???,0
垃圾支線很多，但夜城真的很漂亮,0
基本上是不缺正面評價，所以先給負評了 隨著越玩越後期很多BUG會影響遊戲體驗甚至需要到重新開啟遊戲的地步。 短期內應該是修不好了；看看長時間吧。 AI跟原本預告講的也不一樣，比Fallout 4 的AI還爛 說不同地區會有不同警察也沒有 當初說玩家做的任何決策都會影響；但實際上支線怎麼選都不會影響到主線。(任務與任務之間也互不影響) 車子連改都沒辦法，也沒有無人機的設備(這些都是上市前說會有的),0
"不好意思, 112小时最高难度太阳结局刚刚通关 其中差不多有接近4/5的时间都在做支线清地图，刚刚开始还能感受到这游戏制作者脑子里想讲什么，但是等过了一遍支线就知道这cdpr根本就没做完游戏，甚至只是个半成品。 太阳结局下个楼梯转两个弯打完重锤你就基本结束了，剩下只有对话和一些选项，这是结局不是过场动画。游戏披着赛博朋克的皮讲一堆老套蹩脚的黑帮故事，流程走的巫师的委托和支线套路，可是巫师跟着剧情才能解锁一部分故事，你这永远的不见华子是不是就告诉支线就完事了？ 赛博朋克的部分有见你好好讲二元论、记忆矛盾这些稍微沾点边的东西吗？搬出个基努再搞点matrix的特效真以为自己就是救世主了？ 强尼银手这种事逼 kb分子 还一天到晚坑骗主角的人也得亏是基努里维斯来演，不然又是一个新的吐槽点。一路塑造下来角色没有空间升华，一天到晚的DELTA，还不如主线路人竹村和艾芙妮塑造得让人印象更深刻。 一堆人搁那说什么隐藏文本加强故事背景，就为了到处捡一堆小书然后去清理地图上各种骷髅 球棒？这比育碧还育碧，谢谢你cdpr帮育碧找到了新的借口:D 我知道我们的那点游戏票钱抵不过您上市公司的股票和背后紧跟的资本，但是说到底你产品都做不好还谈什么上市谈什么企业，企业是要讲信用的。用良心推动别人消费的玩意都是骗子。 这游戏不管以后怎么更新dlc都只能差评 谢谢",0
BUG太多走位卡任務不停重複,0
我很喜歡蠢驢，但是目前2077的質量實在不能點好評。如果說獵魔人3的遊玩時期給我躲過了那BUG飛天的時候（我是最早那批預購黨）玩了全程都沒有遇到幾次BUG體驗超好，那這次2077能讓我遇到的都遇到了，並且十分影響體驗。 加上系統的老舊，互動性低下，優化奇差，我甚至為了2077，特意把最後也是花費中最貴的顯卡部分換上3070，依然沒有得到良好遊戲體驗。 https://www.acfun.cn/a/ac20798889,0
"BUG太多了,有些BUG直接影響到遊玩體驗,還有一些遊戲系統上給人不完整的感覺,過多的路人但是AI讓他們很空洞",0
"述說向極權抗爭的遊戲, 製作公司卻選擇向極權下跪, 打壓台灣遊戲工作室, 偽善行為不能接受。 已申請退款。",0
玩到一半自動關機 破遊戲,0
2021年3月，發佈了延期整整一個月的PATCH，就修了那麼一點點小BUG，呵呵,0
與當時宣傳落差太大，一堆問題與瑕疵。,0
玩遊戲都要靠運氣，想開10次0.1次才成功,0
Bug超多 有時候還要重新載入任務才能繼續 夜城表面華麗內在空洞無比 優點太少 太多缺點,0
我都符合系統配置 還是卡在遊玩進不去 到底是他媽的3小破GAME?,0
爛死了 BUG一堆 一直閃退 還不能退款 真D無言,0
有些失望，野心太大，但無法實現自己的野心,0
還願 在GOG上架再給正評,0
BUG 非常的多 玩起來非常不舒服 希望趕快改進,0
等到這遊戲有二周目再去試試吧，目前的完成度只能用悲劇來形容,0
撇開Bug和效能優化不說， 目前遊戲本身在除了劇情以外的部分幾乎沒有讓玩家有身至於夜城的體驗，整個夜城就像空有軀殼但沒有靈魂；看著這個城市確實能看到文化的交融再狠狠地摔下去，但這些居民就只是會說髒話的迴圈。 車輛、衣服、武器就像在垃圾桶裡翻東西一樣，沒有多少強調風格的互動、只是簡短介紹這車多炫、這衣服跟抹布一樣破。讓想要成為實用主義者或是拜金主義者顯得毫無意義，最扯的是就算全裸上街也沒有多少變化。 武器系統更是無話可說，就那幾樣再玩、改裝還得要罕見等級才能改個像樣點，改裝除了裝上滅音器和瞄準器以外幾乎沒多大區別。 希望之後的更新能改善這些問題,0
《電馭叛客2077》 上市後刪除的系統總整理 https://forum.gamer.com.tw/C.php?bsn=23379&snA=1891 《電馭叛客2077（Cyberpunk 2077）》從推出以來，不只 Bug 和優化的問題，可能很多最初就開始關注的老玩家會知道，開發商 CD Projekt RED 從遊戲畫面曝光開始，都有陸續承諾過一些遊戲系統，甚至是在遊戲的 DEMO 影片中出現。 然而當遊戲正式發售時，它們並沒有像是雙持武器或是攀牆系統一樣告知玩家已經刪除；因此國外網友也整理了一篇關於正式版中被移除的系統列表，一起來看看有哪些重要的吧。 1.令人驚豔的 AI 系統，包括警察、NPC 和敵人 這其實也是原訂於今年《電馭叛客2077》宣布在 4 月 16 日延期到 9 月的原因，那就是對於 AI 的不滿意。甚至在最初訪談中，CDPR 還表示遊戲中的 AI 會讓每一位 NPC 都充滿活力，擁有獨特的行動和動畫，但結果...我們也全都知道，每一位 NPC 反應都一模一樣。 2.完整的通緝系統和腐敗制度下的警察 原本遊戲中將會有一個可以賄賂腐敗警察的系統，甚至當你惹惱某些勢力或是傭兵公司時（遊戲設定裡的警察就是受到僱用的私人傭兵），他們還會在特定的地區追殺你；假如玩家殺掉的 NPC 太多，路人也會開始對玩家不友善、尖叫或是找警察來抓人丟進監獄。 3.不同的地區、時間會出現不同武裝的警察介入 如同字面上，當玩家在不同的地區犯罪時，會看到不同武裝等級或服裝的警察介入，玩家會聽到不同的警察講不同的語言。當然這在遊戲開始直接被捨棄，玩家一犯罪就是超時空戰警出現，各種武裝直接傳送過來。 4.更加有趣的戰鬥和駭客玩法 可以從影片中看到，以前駭客的玩法更加多樣，可以從倒地的敵人腦中獲取周圍敵人的資訊，甚至進行大範圍的駭入，不像是現在只是單純壓住 Tab 或是手把按鍵，隨便駭入。原本的戰鬥風格可以選擇「獨行俠」或是「竄網使」也被取消，變成更加開放沒有技能限制的，讓玩家自由配點。 5.更多更有趣的隨機任務系統，邊開車邊開槍 以前路上的隨機任務不只是單純固定區域內的犯罪事件，更像是玩家開車到一半，會遭遇歹徒展開激烈的公路槍戰，不像是現在想要在車上開槍，只剩下主線中的劇情需求而已。 6.玩家在夜城中的探索與決策都息息相關 這部分可能大多數人很難懂，當初 CDPR 提到了《殺出重圍（Deus Ex）》這款經典的賽博龐克遊戲，該遊戲在 2000 年的初代，最大的特色就是劇情的走向不單純是靠「對話」這種有意識的方法，而是通過玩家日常玩遊戲的行為，像是「撿了某個東西」、「跟某個路邊 NPC 說了話」、「殺死某個人」之類的方式，讓玩家在不知不覺中做出選擇，想要回頭重新想想是哪裡做錯了都很困難；甚至在單一任務上有更多的解決方式（不是指硬幹或潛行），而是完成的手段或路線。 7.有可操作進行駭入的無人機 沒錯就是可以到處查看的無人機，這在正式版中被刪除了，原本會是玩家可點技能中的一個專有能力。只剩下主線時，玩家控制攝影機來遠端命令無人的機械蜘蛛行動。 8.幻智之舞除了主線以外，還可以跟商人購買相關影片觀看 正式版只剩下主線能用了，雖然能買到影片，但是無法進行觀看。 9.車輛改裝系統 這應該是許多玩家當初看到遊戲中會有許多充滿科幻感的載具時，前面幾個最期待的系統吧。可惜目前只剩下阿傑的車子可以改一下，玩家的車子連改都不能改。 10.大眾交通工具系統 雖然曾經在遊戲預告片中經常看到，也在訪談中提到，但是正式版直接被移除，玩家想要移動就直接通過快速移動、走路或是載具的方式。 11.動態天氣會影響玩家，帶來如酸雨等致命環境傷害 這部份當初開發團隊並沒有說明太多，只表示遊戲中將會有動態天氣系統，畢竟夜城是一個因工業化出現高度污染的城市，所以可能會出現下酸雨、汙染或全球暖化等帶來的影響。,0
"明年就要出最後一個dlc,基本上可以確定cdpr放棄了這款遊戲,我當初預購花了這麼多錢,忍受各種遊戲錯誤和內容閹割都沒有退款就是相信他們能夠完善遊戲.現實再一次告訴我不要相信遊戲廠商. 本來還以為這款遊戲可以慢慢完善成為巫師3的佳作那樣的佳作,這種意念成為了妄想兩年後的今天這款遊戲終於可以玩了,但是我多花了200元港幣去買這款遊戲提早付費測試這是什麼世界. 而且到現在還沒有開通steam的創意工房要自己去網站上下載mod.受到資本和各種投資人的控制這款遊戲最終迎來了十分賽博朋克的結局. 不過我還是那一句你下年的dlc最好是免費給我們的尤其是預購玩家不是的話那麼你最初的承諾免費dlc就是詐騙不要告訴我之前幾個版本更新的衣服和車輛就是免費的dlc 希望動畫的成功能夠改變這款遊戲的結局",0
"本身還是很喜歡玩的,但是如果是跟風的話可能會被一堆BUG氣死,最重要的劇情其實不錯,但是劇情的自由度我覺得還是不夠,而且它的聲望系統就只能增加可以買的道具?.....不過全破的感覺還不錯!看看有沒有大更新再買會比較好.",0
各種bug和閃退 PC版也不建議現在購買,0
千萬別買！超多bug，有都時候會被卡死，或卡在一個地方出不來，只能讀檔重來。連個脫離異位功能也沒有。自動保存功能不完善，常常剛做完一下任務，但你沒手動保存，被場景卡死，這裡的卡死是真的被場景卡死，而不是另一種卡死，你在跑或走了的過程很可能被場景模型，特別是地面材質之間連接處的裂縫被卡死。 以下是我一些遊戲過程體驗，只供參考，但事實有發生。 我選擇了游牧民路線結局（帕娜） 最後一關開著坦克越過邊境 ，一越過邊境，就被自動殺死，說什麼警告你什麼不要嘗試越過邊界不然會被殺死，？？？？？當時是處於任務當中，正常而言處於非任務狀態才的遊戲中才會有越過地圖邊界才受到擊殺，但系統出現了bug就可以了這個錯誤的決定。最後一關，最後一關階段，最後的那幾分鐘，卻出現了一個bug，令我啞口無言，我就這樣卡在最後一關了，和不斷嘗試解決這個bug的方法，修復bug的職責就這樣卻到了我的手中。 後來，我嘗試了各種手段，包括被系統擊殺死掉後重新讀檔多跑幾次那個該死的沙漠，共4次、重開遊戲再讀檔跑那個該死的沙漠，N次。最後我重開機+讀前幾個檔案，重新打一次任務，然後就能通過了，浪費了我數小時的青春。 除此之外，這款遊戲中還有大大小小各種bug，至於一些不影響遊戲流程的遊戲我是不會理會及介意的，例如那些破圖，車飛天，無緣無辜就卡死，這種卡死狀況一波出現在地圖模型板塊與板塊之間的鏈接位，當你與這些鏈接位接觸，生命點就會立即跌至零。還有其他大大小小各種bug我就不一一列舉，因為網上已經有很多關於這遊戲bug的資料 說到npc卡住，讓我非常生氣，單純的卡住也不會有太大的影響，但在影響流程中的任務卡住時卻令人很生氣，例如在一開頭那關跟傑克闖進去那個地方拿小機器人，結果傑克走太慢，卡在那建築物裡出不來而完成不了任務，因為這個任務前，有一個可供選擇的選項。就是去找一個女人尋求幫助，諸如此類。任務完成後，那女的回跟她那幫人會把那建築物封鎖了，但是，然後傑克這個npc走太慢，太會卡在建築裡面，不能出來。（無語）。傑克卡在裡面了，出不了，但這個任務一定要跟他對話，才能激活任務進程，繼續進行任務，最後也是讀檔了幾次，也不行，結果又要重新退前幾個檔，重新打一次這個任務，然後這次我故意走慢一點讓傑克先走出去，然後就能跟他對話了。（該bug已於1.05版本修復） 這個遊戲最煩人的就是這種完成不了任務的bug，你一些普通委託任務就算了，給我在主線裡有bug。那些委託裡有bug我都直接放棄任務，還有一些街頭任務，通常把人打光了，然後就從敵人身上，或箱子裡找到對話記錄或一些資料證據什麼的，就能通關，但是很多個這些任務，我圍繞著周圍跑了N便，也找不到那些完成任務目標的物件，特別是在太平洲摩天輪底下的一個清楚黑幫分子的任務，我圍繞著它走了好幾遍，都找不到完成任務目標的物件，最後先跑去做一些其他任務，再回來看看，還是找不到，出現讀檔，還是找不到，重新開機也是沒有，這些街頭解決黑幫勢力的任務如果出現bug了存檔了的話就永遠有bug了，完全無法完成。,0
这游戏仿佛在屎上喷了点香水,0
"由2012開始公佈,2016年開始全力開發,2019年宣佈2020年4月發售,經歷三次跳票終於係前一星期發售。 最終出黎既成品令人感到惋惜,普通既人物穿模,黑屏,車、警察卡到地底個人覺得十分普通,但係比警察通緝上車跑個十秒什至幾秒就可以逃離通緝,或者走入商店都有同樣效果,警察打被通緝NPC可以打到五五開,玩家被通緝就無中生有一堆警察同無人機,然後一炮打撚死玩家,又或者係街道上打被通緝NPC有時都會被通緝,或者被科技部一齊圍抽玩家,十分""AI"",感覺已經唔係多bug既問題,而係感覺遊戲跟本未開發完成,趕鴨上架。遊戲不差,更多的覺得只是套上""cyberpunk""皮既RPG遊戲,美中不足,劇情故事什至沒有支線那麼有趣,相信後期優化方面CDPR一定會搞番好佢。",0
垃圾公司找玩家當白老鼠,0
bug極其多，嚴重影響體驗；地圖上的一大堆感歎號和問號都是重複元素；優化極差，只要人多遊戲就成ppt；武器系統設計稀爛，升級和製作要求的素材數量仿佛惡意延長遊戲時間用，導致我50個小時最多10小時在推劇情，其他時間都是到處跑找東西去拆成素材。 說到底CDPR也不過是資本家，與頑皮狗沒區別。 呵，營銷罷了,0
垃圾垃圾垃圾垃圾,0
各種不回報跟閃退之類的問題實在讓人難以推薦入坑，光是進入遊戲需要另外開個登入器然後不停閃退就讓人難以接受,0
把夜城快報裡的東西全部實現 我就改好評,0
我並不認為現在2077已經能夠正常遊玩，1.6 patch更新之後期待這款bug連連的遊戲能有甚麼大幅改進，事實證明我錯了，重新開始一個新的紀錄，在和阿傑將浴缸中的人帶往陽台等待救援，結果被阿傑卡住便無法繼續任務，更蠢的是阿傑就像一堵牆一動也不動，你也拿他無法，在開場的任務都如此愚蠢，我認為2077還在為他漫天的bug修復，但主線的劇情都能被bug影響體驗了，你們真的認為能好好體驗嗎? 更別說憑空出現的路人，瞬間生成在路上卻又馬上死亡等靈異現象。 NPC表現依然愚蠢，2077增加路人對於威脅時的反應，但你們很快能夠發現AI依舊愚蠢，他們表現出害怕，卻彷彿是為害怕而裝作害怕。另外擦肩而過多了撞肩的反饋，但你會發現它就只是個制式動作罷了，所謂NPC面對變化時的反應就只是單調的被撞肩而已，喜怒哀樂等表現皆無。 重新評價過後我還是不推薦2077，別被那些美好卻過譽的評論給騙了，當真正能好好體驗主線劇情而不是一直讀檔賭bug不會出現時，我會改為推薦。 我很後悔1.6 patch後對這遊戲重燃信心，它依舊是個大災難。 現在的2077依然不夠好，也完全不值得半價購入。(還有看評論區一堆看影集說劇情好就給個推薦，根本是在害死其他人),0
預告承諾縮水就算了，更新、修復就是一個笑話，當初遊戲公司的承諾跟狗屎一樣!現在依然不過是「可以玩的遊戲」而不是當初承諾樣貌(現在也只是皮不同的GTA)..強烈建議不管本體還是DLC沒打個3折不要買!會跳票的公司不值得花這麼多錢 退款承諾也跟公司當初給的承諾般聽聽就好，都在騙而已，會做行銷、動畫。但做能「玩」的遊戲做不出來?2023年了越更新越容易閃退?拜託動畫黨來玩得不要一昧稱讚，他們有錢做動畫是靠著騙我們這些第一線支持卻被當盤子的支持者。,0
BUG太多 影響遊戲體驗,0
還敢拿跳票一推內容、優化又差的未完成品出來賣阿CDPR，不怕玩家外送盒蛋到你們公司總部嗎？,0
古有劉備三顧草廬，今有蠢驢三次跳票。 年復年，月復月，時光流逝，優化了個啥? 優化了個寂寞。 ♥♥♥♥，我他媽的後悔，2080跑起來也夠嗆，60 FPS堅持不了多久，比打炮還難受。,0
BUG多到爆,0
"[h1] 金玉其外,败絮其中 [/h1]",0
又要在故事搞中台又要在那邊跪舔，原來是炎上商法,0
垃圾遊戲， 無辦法退款， 遊戲內容不乎， Bug 超級多， 而且今天GOG 自爆死 本來還想支持一下， 現在我想去玩還願了,0
"垃圾游戏，BUG一堆，之前读档还能玩就算了，这次电话BUG直接存读档都不行。1.05,BUG还没修好，继续差评",0
bug太多，还有很多严重破坏体验的恶性bug，莫名其妙任务失败的，目标不刷出来的。尤其是找车任务，车都没刷出来 也接不到电话。,0
1.BUG多 2.很多東西物理性邏輯性很敷衍了事，我以為我在玩10年前的遊戲,0
還沒買的別衝動,0
老實說我很難說服自己這遊戲的實際遊戲感受跟2018年E3展的Gameplay展示影片差不多 ＝＝＝＝＝ 剛申請退費就發現退費跳票，然後原本已宣布還願上架ＧＯＧ平台，結果被中國人隨便講講就直接立馬說不給上架了？ 哇，真是，這個膝蓋軟掉跪下來的速度真是令人歎為觀止哪！這遊戲bug會這麼多的原因還真的是不言而喻耶？令人佩服、令人佩服。 原來ＣＤＰＲ這間公司已經從原本花費多年製作遊戲的公司變成單純製作一款詐欺遊戲的廠商了啊？號稱花費八年時間開發製作的遊戲bug多的跟人家EA一兩個月的遊戲差不多，我真的蠻好奇這間公司到底把從前製作遊戲的心力放到哪去了。是放在練習如何跪給中國人看的跪姿怎麼樣比較好看正確嗎？ 事實證明還蠻成功的就是了，嘿這點我真的會想給予好評呢。 沒關係，如果不給退我這個負評就一直擺在這，你2077後來改到全世界都喜歡，沒問題。 但只要未來哪怕有可能會有一個人點開繁體中文負評，我就一定會擺到世界末日為止。,0
劇情和美術沒話說，真的一流 但是遊玩的感受不盡理想，打鬥感射擊感缺點太多，而且車子非常難開，整體並不差但是總覺得延期這麼多次品質能再更好才對 希望官方未來的更新可以慢慢改善,0
唔推薦依家買GAME 因為遊戲體驗超級差 不停彈GMAE 重開遊戲後行兩步又彈 做任務又彈 彈唔彈GAME完全睇運氣 重未計遊戲本身多BUG 真係要買就等佢之後多啲更新 修改好啲BUG先買,0
想入的建议等bug修完、1月和2月大更新完成，再考虑考虑。,0
多種結局破完 這遊戲不是預期的樣子 沒有太多NPC對話 BUG更是破壞劇情氣氛 像是每個結局過場衣服憑空出現 還有 戴頭飾照鏡子腳色光頭 影子沒看到頭髮 也許該植髮一下 希望加個多人合作還有改造身體的動畫,0
感覺真的就一般般 可能是期待太高了 跟我想的不太一樣,0
"除了劇情外,其他遊戲系統都奇差無比 沒射擊感沒打擊感,敵人AI簡直是10幾年前的水平,智障到不行,戰鬥系統單調 一大堆bug,常常撿東西都成問題",0
4/10： 建议凝聚力购买,0
幹 卡三小啦 登入就卡在Red Engine不動 到底三小,0
"支線任務超多但千編一律, 做不做都沒太大意義, 躲在一旁用速駭就能通關了 地圖超大但因此資訊量太大, 多解幾個任務我就沒耐心再看內容了",0
優化堪憂 可以過陣子在購買,0
BUG體驗 好像測試遊戲的小白,0
QNMDCDPR，这就是当年的无人深空,0
我買過最爛的遊戲，沒有之一， 廢土76、冒險聖歌都沒讓我玩的火氣這麼大， 這遊戲用腳做的吧， 各種BUG也就算了，最後劇情結束看完名單按繼續又給我看一次名單 買遊戲送月讀?,0
用400HKD買隻淨係識斷線 淨係識2077掛了既game返黎 係貼錢買難受定係我買左隻崩潰通知模擬器?_?,0
太多bug一直閃退,0
倒讚不解釋,0
玩了七個小時之後就再也打不開了重新安裝也沒辦法搞甚麼,0
50分，不及格，优点不多，缺点一大坨，武器系统一塌糊涂，支线又臭又长，优化很烂，满街都是bug,0
bug太多 主線一直閃退,0
游戏黑屏，闪退，穿模，卡任务，宣传放卫星，跳票，设置不能保存，照镜子光头......这些问题我都能接受。差评是给里面所有人点烟的时候不护火！我不能接受！,0
開放世界互動性超差，NPC形同擺設 路人AI智障到不行，警察各種憑空出現 不能改造型、不能改髮型、不能改車、不能改造槍枝 場景全部不能互動，攤販賣一堆吃的通通不能吃 飛天車空中一堆也不能開，買車還只能買二手車 車子超難開，整個遊戲只有一兩台車是好開的 遊戲射擊感、近戰打擊爆爛，像是在打空氣 物理引擎超爛，甚至有些玻璃都射不破 選出生根本沒意義，只有對話上有差而已 客製生殖器只是噱頭，只有裝備攔看的到 商店賣一堆廢品，買來只能拆的意義？ 幻智之舞只有主線能看，買來的連看都不能看 連小遊戲都沒有，巫師起碼還有昆特牌,0
求退款 很多BUG,0
优化差，bug多，根本就是一个半成品，明晃晃的宣传欺诈。,0
遊戲是很好玩，但是不知道你們自己有沒有玩過你們自己做出來的遊戲。 因為大家在宣傳片裡面看到的東西，和現在比起來，真的連爹娘都不認得。說好了一個夜城地鐵，結果變成了Apex那種復活機一樣的快速傳送裝置。還以為芯片真的可以銜接各種機器人，結果開局那個小蜘蛛已經出道即巔峰了。車尾箱和車前蓋還打算能放槍，結果不是每輛車都能放，車子還要賊貴，有部分打開了蓋子裡面又不能互動，就那麼開著個蓋子不知道幹嘛，棺材板要壓不住了？這個遊戲給人的感覺就是一個換了主題畫風的殺出重圍+輻射+殺手的系列融合，你硬要說的話可以把看門狗的元素也加進去。玩了這幾天後我情不自禁地回去看看原本那48分鐘的預告片，我是真的很想問一問那裡面到底有多少分鐘是CG。 遊戲內部做得粗糙的地方也是隨處可見，惡心的建模構建和莫名其妙的物理碰撞，二連跳可以低處摔死自己，有時候貼圖加載做不到無縫的時候就給你來個144p模型嚇你一跳。開車的手感倒是好得出奇，但是有時候可以明顯發現市中心以外的車子會在你前面慢慢消失給你騰空路況，我那時候真的是一邊開一邊大笑起來。好樣的，群魔亂舞阿。開車切換視角的按鍵有衝突，打電話有衝突，也就是你不能一邊高速開車一邊換視角。我就搞不懂了，你說我鍵盤鍵位的硬件衝突也就算了，你他媽的單機遊戲裡面鍵位衝突？ 所以到頭來這個遊戲就是一個四不像。唯一可圈可點的就是劇情還算引人入勝，支線任務方面也算給一些現實生活中沒什麼社交活動的玩家一些慰藉，然後就是倆字，煩悶。 我解決一件懸賞要打電話，我解決一個精神病要打電話，我除暴安良要打電話。就好像我是一個還沒成年的屁孩一樣，無論幹嘛都要跟父母報告。其實這也不算什麼，問題在於你遊戲地圖夠大阿，你可以做很多種這些任務阿，那你和育碧的遊戲有什麼不一樣？換了張皮就當自己天下無敵啦？而且開放世界越大，bug的問題也越大，這一點已經是遊戲界的共識，結果還是讓人覺得稀爛。我做個懸賞殺人，殺了半天都找不到要刺殺的目標。最後發現原來殺他之前要掃描，好嘛那我掃了，結果讓我壓制，可是他已經躺地上發羊癲瘋了阿，那我就上去補槍吧？補了大半天還是死不了，結果試一下加載存檔，連尸體都給我搞沒了，任務就那麼卡死在那裡。大地圖裡永遠都能看到那個懸賞圖標顯示未完成，難度極低，你說好不好笑。 其實我自己當初是一邊期待著，一邊擔憂著，畢竟開放世界遊戲不是那麼好做的。要在虛擬和真實的界線中央尋找平衡點一直都是開放世界面臨的一大困難，結果我從你們7年前的E3昂首以盼等你們公佈發售日期然後一再跳票的情況下居然等到你們出爐的成品就是這麼一灘玩意兒。你們波蘭一間小小的遊戲製作公司，和R星那些十年磨一劍母公司又有財力支撐下屬任性的大企業不一樣，這一點我懂。問題在於給了你們7年結果就做出來這種東西？和你們同期開始研發的還有荒野大鏢客2，兩款遊戲拿來對比一下其實就已經高下立見了。 我相信銀手本人在現實生活中是沒有玩過這個遊戲的實機，因為他沒有時間娛樂自己，就算有時間也不會拿這個遊戲來娛樂自己。,0
優點: 劇情敘事表現很好，第一人稱很好帶入玩家沉浸式體驗 缺點: 1. 劇情並無宣傳中所提及的繁多組合及路線，主線推進上太快制式化 2. 城市雖大但互動內容不足，明顯感受到許多被拿掉的元素 3. 路人 AI 舉止非常簡陋，對話行為回饋皆是 4. 導航視覺上設計不佳，配上載具操控性能中下，一定程度上影響遊玩體驗 5. 初始創角色外並無二次改變角色造型的選項，實為可惜 6. 遊戲優化差，進入製作介面會卡頓，無預警崩潰 7. CyberBug 2077 8. R.I.P. 家機,0
BBBBuuuuuuuuuuuuGGGGGGGGGGGGGG 最讓我不爽的就是那個通緝系統 有夠智障 屁股都貼著牆壁了 警察照樣從你屁股出生 跟屎一樣,0
一直閃退玩屁阿,0
打完結局前還能勉強說服自己這遊戲勉~~~~~~~~~~~~~~~強還可以 打完結局後，我只能說 請讓我回到只看過2077預告片的時候,0
更新後語言爆炸 負評不解釋,0
希望蠢驢2077年以前可以把宣傳片的內容都補回來，然後請我孫子燒給我.... BTW 場景做的很讚，目前把它當走路模擬器and駕駛(三寶)模擬器在玩,0
學什麼不好學育碧的看門狗,0
"購買了不知為何啟動不了,會彈出.",0
"首先，对于那些steam打不开游戏的， 1.要么你赛博朋克本地文件路径上有非英文字符（有全改成英文，改不了重新创个英文的steam下载文件地址重新下） 2.要么你VC++不是最新 3.要么你显卡驱动要更新 4.实在不行就直接玩本地的（steamapps.common,cyberpunk2077,bin,x64进去之后点图标即可单机运行)。（我玩了40个小时用第一个办法弄好的。） 其次，我对这游戏最根本的体验结论， 很失望。 自己吹的牛基本上百分之30都没收回去。捏脸是什么狗B玩意全是大妈眼睛没有一个比朱迪大鼻子没有一个比朱迪小那这不是当然就朱迪夜城第一美女了嘛？？ 这根本不算什么三A大作。什么bug满天飞就不说了，但我最气的是他们一开始承诺我们的游玩项目压根没有。你一进去头发剪不了，啥也动不了。什么汽车改装不存在的。什么你的选择影响游戏结果？不存在的。顶多多说几句话而已。还次时代，我不知道因为bug重开几次游戏了。gta5都跟不上的东西还次时代。那些试玩视频全是PC的，全被骗了。今天还发什么会给退款给主机玩家，结果索尼MS说压根没有这方面的谈判，不给退款。都没和主机老东家说好就自己决定给退款了哈哈哈啊哈哈哈唉。。。 可玩性 5/10 故事 8/10 期待回收率 1/10 感觉我被骗驴 100/10 创新：除了这个炫彩灯光弥漫的城市外表外，一无是处。 总结：以后我不知道，但是经我了解这个开发组确实有敲诈的嫌疑（刻意隐瞒发售游戏情况）。所以，现在别买。 ps: gta5更新了不说了我去玩gta5了",0
好评跳票了 六个月后发布,0
等你捏完脸就过了退款时间了~这都是套路~~但愿以后更新会有改善,0
幹 你哪來的臉在修到能玩以前就特價,0
這遊戲好無聊,0
啟動不了遊戲 重新下載還是檢視檔案完整性驅動更新都嘗試過 什麼時候能解決啟動不了的問題 我看到不少的window7用戶跟我一樣開不了遊戲,0
BUG真的太多,0
拖台費 BUG一堆 扯,0
這只是一款沉浸感極強的線性賽博龐克RPG 不是當初期待想看到的一個世界 不是活生生的夜城 沒有生氣，玩了十幾小時後只有深深的婉惜與難過 期待之後的更新，但目前只能給差評,0
很多Bug,0
修好BUG再说吧,0
很明顯遊戲還沒做完,0
"潛行,技能,非致命手段, 突然很想玩耻辱2 至少耻辱的槍強多了 負評原因是因為太蠢的路人",0
隻Game個結局想點?,0
藝術與劇情可以給將近滿分，但是滿滿的Bug與生硬的NPC互動、乏善可陳的商店、糟糕的AI行為模式等等讓人感覺這城市是死的，還記得1000種行為模式的承諾嗎? 目前看來就是標準的餅畫太大導致玩家預期與現行內容落差過多，如果能在畫面上取捨一些不必要的細節而專注調整其他元素，那結果肯定比現在好上很多，更別說PS4版同步推出佔用了部份資源 畢竟這是開放世界RPG遊戲，而不是單純的藝術品；玩家期望的是宣傳片的內容而不是閹割將近一半的半成品，現階段來說這遊戲只能算EA 直到當初宣傳承諾的項目補完為止，不會推薦這款遊戲,0
這遊戲不要當作RPG來玩， 要當成搞笑遊戲來看，各種神奇BUG絕對讓你發笑。 遊戲體驗糟糕，但各種BUG讓我笑得很開心,0
只能说宣发大于实际了,0
想了很久(十秒)要給好評還差評，想了想還是給差評 當然是bug太多了，在bug修復前也沒必要給太深入的評測了,0
細節太差了，跟宣傳內容天差地別,0
買BUG送遊戲，體驗不完的BUG讓你買到賺到 存檔壞掉三次，好玩遊戲不得不玩,0
"講真,開工坊沒準還能拯救一下,我是不抱太大期望在官方了,不是説不努力,很多是硬傷,我看修復的概率不大,以前沒覺得有什麽,玩完發現rockstar做ai是真的好,游戲框架沒什麽太大問題,ai,智障載具呼喚,碰瓷路人,載具駕駛問題很重,給差評是因爲你做了巫師系列,交出這個作業我不能接受,好像在玩ubi的看門狗,而ubi就是一坨屎",0
真的好可惜喔 一開始真的很期待 玩了兩天之後 發現沒內容 一直重複做同一件事情 開放世界也沒有想像中的豐富 感覺好像是開發商 開發到一半的產品,0
爛遊戲 一直閃退報錯 根本讓人玩不下去。退費又不給退 買這款遊戲的人小心了， 花了錢又玩不了真是神作,0
BUG一大堆遊玩體驗極差,0
無聊 沒有一點讓我想繼續玩下去的遊戲 戰鬥部分完全沒有感覺 完全不開放世界 車子還有不能偷的 劇情也很慢,0
请把之前宣传的大饼补上再说,0
其實如果全程都是FPP 那客制外觀的意義在那?,0
"不建議現在買 很多Bug,有時需要讀檔重來再能過 而且沒有自動存儲,常常有彈game的問題 一發生這個問題就要重新再玩一遍",0
"這遊戲動不動我的大蟒蛇就穿過我的褲子玩耍 破個任務妹子臉不見剩眼睛跟牙齒跟鬼片一樣,害我的褲子都穿回去 走路走一半被車撞到進入地底 打擊感跟迴避怎麼不沿用巫師三,卡的跟中邪一樣閃避還能連續閃爍卡進餐車裡 除了劇情跟世界觀還有支線內容其他的遊玩體驗真心不佳 他可能是出於壓力才把半成品丟出來 我覺得他的90分評分真的非常有爭議 想要考慮完整遊戲體驗不建議目前購買遊玩",0
BUG多到不能玩，說的再好玩也不能玩,0
跟宣傳片的細膩畫質差距頗大 戰鬥時的感覺很僵硬 幻想中的未來式酷炫殺敵技巧不夠流暢 單單地圖很大文本很多實在不符合個人喜愛,0
遊戲穩定一點再來玩,0
虛假宣傳、過度營銷 - 螳螂刀不能上墻 - 超夢體驗只有主線劇情的幾章 - 主線劇情幾乎單線 - 武器改件有且只有訪談時提到的消音器和瞄準鏡和插件，瞄準鏡甚至不能變焦、夜視、熱成像 - 數值設計崩壞 - 載具無法自訂 - 家具無法自訂 - 身體部件外觀無法自訂 - 沒有槍械模塊化 - 武器等級設定極度反人類，不朽武器只有兩次以內的直接同步等級機會 - 建議cdpr破產,0
實物與宣傳不符 承諾的東西很多都閹割 甚至沒有 Bug則多到讓你厭煩 優化極差 半成品,0
瘋狂閃退 但因第一次開服 持續觀望,0
"2023年6月1 日 : 好 再開始遊戲又能玩了 2023年4月16日: 差 之前玩完後, 開新人, 再從新玩一次, 不過主角會在地圖地面趺出地圖外 2020年12月30日: 好 更新後可以玩了, 2020年12月10日: 差 玩唔到, 玩唔到, 唔知點解玩唔到 玩不了, 玩不了, 不知為什麼開不了 我能玩就會轉好",0
內容空洞 預告片騙人 遊戲媒體也騙人 BUG一堆不能退費只能倒讚 媽的,0
游戏一周目评论我还在码，所以好评暂时先跳票啦，下次一定给好评！,0
滿滿的BUG糞作,0
除了失望，不知道還要說什麼 從開發到發售前，各種鋪天蓋地的宣傳，和遊戲內容的訪談，都讓我對這片遊戲有了過度的期待 而到了發售後，我只覺得CDPR吹破了牛皮，整體內容不到當初承諾的一半，衝了首發的我像個白癡一樣 BUG的數量多到誇張不說，遊戲的內容，說真的不像是一款2020年末的3A大作 除了一些基本的紙娃娃系統根本沒有做好，槍枝和載具的操作手感不OK外， 武器的平衡也是一團糟，把遊戲難度調到最高還是一把近戰武器就車過去了； 另外，開放世界的重點之一，NPC的AI，甚至比不上7年前的GTA5，千篇一律的對話，100個人整齊化一的動作 真的...沒有互動性可言，整座夜城，完全感受不到一絲靈魂,0
BUG太多，城市裡能做的事情其實很有限，建議等BUG修復及內容多點以後再入手會更合適。 如果你只是劇情黨，根本不在乎遊戲性及能忍受各種各樣的BUG，那這遊戲還是值得你一玩。,0
好多BUG,0
連遊戲都開不了 只能退款了,0
"就...这?饼有多少,实际内容里又有多少?",0
現在的BUG很多 日後更新完回改XD,0
有用心的去設計世界觀，強調第一視角卻忘了去提升遊戲體感（主線跟銀手基哥那段很棒）。進入遊戲很難讓人融入賽格朋克驚艷，跟我想的未來都市有差，可能很多人限於顯卡不給力、BUG，大大降低對這遊戲的評分。,0
bug不影响游玩无所谓，平地摔死玻璃人不太频繁也就算了，刚才某关闪退了七次每次同一个位置，心态崩了。赶紧修bug啊,0
2020年時頂著壓力給你好評 你是這樣回報我的? 找SBI?真的嗎?,0
"設定簡體中文語音,每次開遊戲,強制把語言滾回簡體中文,又得修改一番,為何不能設定繁中語言,簡體中文配音,未免太麻煩了,我幹你娘的",0
根本就半成品,0
"BUg實在太多,不能使用武器bug真的很煩,先等他更新或優化",0
不过如此，这就是新时代游戏吗，他配不上298,0
bug一大堆 是多開放壓???? 騙人,0
Bug多到不行 半成品遊戲 潛行<刺客 射擊<FPS遊戲 駭客<看門狗 開車&爽度<GTA 狂度<極地戰壕 畫面<10/10 少數能看的就故事跟任務裡的一些細節 說是神作還差地遠~ 日後也只能等改版看能否使我對本作改觀了... 失望透頂!,0
存在惡性BUG 優化不良 雖不影響大部分遊戲體驗 但只要遇到了惡性BUG就直接影響你遊戲整體進度,0
都這麼久了 你還沒修好,0
sb更新 mod全失效,0
2020史上最多最優化的完美爛BUG遊戲 開頭第一個任務 出門 就直接崩潰 還狂破圖 心態整個炸裂就飽 還玩個毛? 可以再爛一點 沒優化好敢直接上架? 宣傳做了這麼多 結果上市搞得吹牛第一名? 辜負了玩家期待是不是詐騙? 重新修復 還越修越黑 怎麼修的??? 遊戲開發商野心很大 卻沒誠意 還不如別趕著上市 失望到不行 直接退款!,0
劇情方面是不錯的，但有許多開放世界設計概念原先有的東西貌似都被移除或調整成不自由化了 舉個例子 外貌遊戲開始後不能變更 就是一個非常大的遺憾!!!這有被這麼科幻的世界觀吧?可以改造身體，卻不能再次改變髮型?好一個2077年,0
"故事悶得不行, UI 設計繚亂, AI很蠢, 載具駕駛感很差, 劇情中的元素沒有探索的動力, 完全不合格",0
我費盡千辛萬苦冒著生命危險去救的角色 cdpr給我的回報是弄死她，而不是讓我%%%?這什麼鬼?整個遊戲最棒的雞不給談戀愛? 整整等了兩年這遊戲還沒修復到令人滿意的程度就要推出DLC了.... 我說阿，你們好歹先把幻智之舞給做好再來談DLC好嗎? 騙我錢買那些肉片結果不給放是怎樣，我後來查了才發現幻智之舞通通不給看 這簡直騙錢 而且茱蒂還要打代碼才能談戀愛，為了討好那些LGBTQ來褻瀆噁心我們這些主流男性玩家? 我花錢買遊戲還要被特殊性向者褻瀆? 還有修車廠這麼簡單的功能都沒有 我都不要求你跟GTAV一樣可以改車，我就請你讓我修車也不行 這些基礎功能都沒沒有還談什麼DLC? 而且你們這群驢子真的不適合做槍戰遊戲 全境封鎖把槍戰遊戲搞成槍枝打怪遊戲是錯誤的 所有的賽博改造人應該都是向COD2022那樣，打掉裝甲塊後不堪一擊才正常 你把槍戰閹割成獵魔士那樣的拿劍砍怪扣生命值那就沒有槍戰的意義了 等於是我手上拿著照射魔法器而已 槍戰遊戲就是要有槍戰的意義，如果變成洛克人那種打生命值 那槍枝就沒有存在意義了 整個遊戲基礎定位有很大問題 還有導航系統兩年了整個工作室都不覺得給玩家大一點的地圖範圍會好很多嗎?,0
遊玩後的評價給予負評，原因如下： 萬眾矚目的遊戲，確實是一款3A大作，劇情來說我認為普普，可以當作影集在看， 目前的版本來說，遊戲優化實在很差，很多零零散散的BUG，介面殘留、卡介面操作、物理碰撞怪異、遊戲崩潰等等， 讓整個遊戲體驗一直越來越差，滿分10來說我給的分數是7/10，主要是BUG太多了， 還沒入手的玩家可以等等，待一段時間後，修正較多問題，會讓你的遊戲體驗更加好些， 照理來說應該要給好評，但那一坨BUG，讓我直接不考慮，而選擇負評。,0
BUG遠大於遊戲可玩程度,0
打最後主線連boss也沒看到就閃退了7次 Cyberbugs好耶,0
閃退問題無法改善，過個場就閃退且重開依然在同個畫面閃退,0
"配件怎麼按都不能裝,有時會出現射不死的敵人,修一下好嗎?",0
"可以玩但不是好作品 需要打磨的地方很多 劇情多但選擇太多 而且很多是無意義的選擇 例如偽娘到底該不該上 你能影響的地方其實不多 你根本不可以真正坐下來看劇情 比同類的變人更多需要去回答問題 更不少是限時回答 但選擇其實有時看得出只是純粹噴垃圾話 但也給你做限時回答 畫面其實不很好，很多地方模糊 光追也就只是存在 物理更比UBI爛一倍 早期的槍簡直是廢物，完全是水槍。 加上只有一個靈敏度選擇，R6,PUBG及COD玩家會抱怨。 很多人物跟組織就只是存在，你不能跟他們多互動 滅了他們也不行，最多就是以後你去他們那邊會打你，而在那個地方還不給你還手 槍支及車輛也不能自訂，你能幹的""犯罪""行為根本有限 ================================================ 9個月了 進來看看到底能上市沒有 結論是沒有，還是出來會被噴的程度 9個月來就大大小小修點BUG...唉 ========= 看完動畫回來玩一下，結果還是沒有想像中的應有姿態 自由度依然是比同類的OPW遊戲少一半 以開放世界來說還是有很多地方要改，而且遠跟當初畫的大餅差距還是很大 而且明明是板機社的努力居多，光是從Rebeeca是板機社堅持保留的人物就知道了 CDPR你只放個版權出來，不要太自以為是 以為名聲都回來了就又想割玩家一波，當初2077剛出來那道氣我還沒消呢 !! ------------- 你媽的，雖然變好玩了，但惡性BUG依然一地都是，不但有讀取的問題 跑在路上經常讀圖不及，卡成狗，要不就要等讀好才能互動，聲畫不同步的問題也經常出現 而且一堆消費不是自己做的動畫情懷，操 !!",0
"想問一下各位為什麼,建立入物後load不到進game,就會出現(哇,電馭叛客2077,掛了)!感謝",0
BUG超多！遊戲體驗極差！玩過RDR2就不會想碰2077了，開放世界真實度差太大！,0
"非常推薦的一款遊戲 但它很明顯的未完成 有點像試玩版本 但還是感謝製作團隊的辛苦 讓我把不好的回憶全都放在2020 那些為了這遊戲去買30系列顯示卡的朋友...年底可以拿出來賣了 還沒買到顯卡的朋友...可以再多""考慮考慮""了 再會了 我的夜城",0
趕工出來的粗糙產物。不否認遊戲設定非常抓人眼球且有趣，但是槽點實在太多，這已經不單單是bug的問題，我對這款作品是非常失望的。,0
人物的移動感很差，尤其是用近戰武器特別明顯，跟砍空氣一樣；Bug很多，路人會漂移，而且很多店家並不是店家，就是背景板而已，跟預期落差很大,0
Bug就多到离谱，开车开着开着开地里，任务明明目标都完成了就显示未完成，主线黑屏，卡扫描视角，任务字幕哪怕完成了也一直显示在底部重新加载存档都没用。这就不是最牛逼的，我在家里电脑上保存的存档然后笔记本上云同步先是一直显示云同步失败，重新点游戏五六次成功进游戏后居然能少几个小时的游戏进度（家里台式上手动保存的全没了，自动保存的存档也是少了很多的游戏进度），这是我steam上玩什么多游戏以来第一次遇到云存档还能不同步的游戏，先是宣传片里的东西大量阉割，然后就是一直跳票跳到最后发售了一个半成品，每做一个任务之前我还要担心会不会被bug影响我完不成这个任务或者影响到后续剧情，要不是我馋朱迪身子一周目能不能坚持打完还不一定。,0
開放世界難免會有BUG 這我知道 我也可以容忍 但這款的BUG數量如果以香蕉來形容 那就是整顆他媽的香蕉樹,0
真的沒想像中那麼好劇情篇短 希望有dlc加個劇情 畫面是真的不錯 至少不是10/10大便作品來教育你怎麼做人 但我嚴重懷疑這遊戲是ubi開發的 原來是Cyberbug 2077阿 他開發人員應該加上ubi全力遊戲開發支援 在通關後又玩了一段時間後才發現ubi的bug真的不是故意的,0
还能不能行了,0
更新完打不開 玩個機巴,0
2020年連CDPR都無法逃出魔咒 其公司的股價已經從 440 直插 到 320 了，跌了28% 要不是巫師3的情懷在，估計已經永不超生了…… 主線劇情，城市做得好沒用，隨時隨地刷出來的警察，與主線格格不入的開放世界玩法，智商感人的AI，這不是修幾個bug能夠解決的，已經是根基不穩了...................,0
配置： 5600X + GTX1060，只能開低畫質遊玩。 中畫質大概最高只有30-40fps，一開遊戲就破圖了，然後在暗殺的教學模式就卡bug過不了。 希望盡快優化吧,0
除了失望，不知道還要說什麼 從開發到發售前，各種鋪天蓋地的宣傳，和遊戲內容的訪談，都讓我對這片遊戲有了過度的期待 而到了發售後，我只覺得CDPR吹破了牛皮，整體內容不到當初承諾的一半，衝了首發的我像個白癡一樣 BUG的數量多到誇張不說，遊戲的內容，說真的不像是一款2020年末的3A大作 除了一些基本的紙娃娃系統根本沒有做好，槍枝和載具的操作手感不OK外， 武器的平衡也是一團糟，把遊戲難度調到最高還是一把近戰武器就車過去了； 另外，開放世界的重點之一，NPC的AI，甚至比不上7年前的GTA5，千篇一律的對話，100個人整齊化一的動作 真的...沒有互動性可言，整座夜城，完全感受不到一絲靈魂,0
年度CJB 想做很多，结果缝合了很多又抄不到精髓 想塞很满，技术不行优化稀烂 想多线化剧情，我打了这么多结局有什么意义？玩家什么都改变不了,0
"2077年了怎麼女生怎麼還是那麼的醜 2017 整容化妝術都很普遍了啊 怎麼2077年女角色是那個樣子? 超多各種各樣的bug,不過都是讀檔可以解決的,但是真的很影響遊戲體驗 新手教學也可以有bug我是服了 還有三種開局感覺就是多了幾種對話,多了幾個開頭的動畫 我想要的感覺是企業開局可以多一大堆錢去買東西而不是一個窮鬼 街頭開局就可以一開始地圖開得比較多 還有你調教了生殖器大小足夠大之後,有一些比較有趣的發展 好像會約你出來什麼的 全部都沒有 感覺就是為了宣傳的時候一個噱頭.然後硬加一個功能上去 支線的任務都好好玩.但是真的就是劇情好玩 我感覺支線就是四種,搜集東西 打拳 買車 故事 而且加點也是一個奇怪的東西 戰鬥加點完全沒有那種點了一個技能點之後有提升的感覺 就像多了一個子彈時間技能或者一個方式進去什麼的 而且不同的分支沒有那種 1+1>2 的感覺,感覺分支之間沒有什麼配合 一個分支沒有什麼可以點到質變的技能 一開頭的確好神奇好有趣 但是之後真的愈打愈無聊只想快一些打完結局算了 我覺得這個遊戲現在完全不只值得400",0
傻逼蠢驴尼玛死了,0
哇！《電馭叛客》掛了。 即使重新開機也完全進不去 然後就申請退款了 我也許等一年後特價再重新買回來吧,0
糞便遊戲 遊戲內容只有解主線+支線 支線一式一樣重重覆覆 高畫質版watch dog 1,0
BUG太多，等修好 再玩不遲,0
如果把優化形容是大便的話會侮辱大便這東西.,0
大家都期待CD Projekt能夠帶來與 The Witcher 3 一樣精彩的故事與風景 但本身就是不同的遊戲，所以我至少期待能夠帶來一座真正的夜城，走入他的世界 原本想說第一人稱能夠更加有待入感，但實際遊玩後發現，雜亂的城市與各種ＢＵＧ 大大影響了遊戲體驗，打擊感與射擊的感覺非常不佳，雖然在預告時就看到了 實際上的感覺更不佳，完全沒有帶入感的攻擊。 劇情也沒有成長的感覺，主角懂得我們不懂沒有與The Witcher一樣一起成長，了解夜城的感覺 大家都希望能夠帶來跟The Witcher一樣帶入感的故事，當一位夜城的平民？掌握實力的人？ 雖然我還沒有將劇情玩完，但到目前為止各種ＢＵＧ與第一人稱沒有帶入感的呈現方式 影響了我體驗劇情的感受。也沒有想像中選擇上會帶來多大影響的對話， 雖然還沒玩完，但我實在忍不住要給差評，如果結束時整理的故事很棒的話， 在考慮給好評吧 想了想，又想回去玩The Witcher 3了,0
主綫通關，支綫和委托也基本全做完了，這個游戲沒有完成，與宣傳存在極大的反差。 只做主綫，游戲時間大概15小時。 支綫和委托任務都加起來，頂天30小時。 各種Bug橫行，各種不合理不合邏輯，還有吹上天的夜之城，NPC只能回復你一句話。除了車，沒有其他載具。 玩過Cyberpunk2077之後再玩GTA5，我覺得GTA5要強過2077好幾條街。 極其不推薦購買。,0
完全無法玩 一開就黑屏(只有聲音) CPU直接飆到100% 下面寫的系統需求根本是寫好玩的 根本就跑不動 沒看過這麼離譜的遊戲 (win10已更新 nvidia已更新等等方法也都試過 還是無法玩),0
遊戲優化差 自由度沒當初展示高,0
遊戲劇情和和遊戲性我沒的說，CDPR做的很好了，麻煩蠢驢把優化和BUG整好點，咱把遊戲宣傳的耐心放在遊戲上好不好？好傢伙第一次到夜之城停在路邊突然天上給我刷一自爆卡車把我車和人全炸爛了，旁邊一堆NCPD，合著我跟這玩恐怖遊戲呢？黑拳歌舞伎區那倆雙胞胎打不掉血不知道為什麼，麻煩CDPR回神修修bug吧，PS4玩家評分都跌到1.8分了，咱別宣傳了，這都快過頭了,0
黑畫面 BUG 閃退 太多問題了 現在不要買,0
已經8月了，依然沒有什麼新東西，原本該承諾的東西也還沒加進去，非常失望。,0
遊戲內容過份無聊,0
糞優化爛遊戲，一直閃退遊戲體驗0,0
"跟 witcher 3 比 就是個半成品, 建議特價時在入手 說穿了 就跟 no man sky 一樣, 內容不符合 預告片 跟 宣傳的 一樣~就是個 不滿意的 AAA 大作!",0
"好多好多既bug, npc 大多一式一樣，沒有互動 還未俾錢既就唔好買,",0
完全就是个半成品,0
"淦，19年9月預購然後是1年3個月的等待 Bug，優化，人物穿模，還經常會直接刷NPC在旁邊 你CDPR沒做好乾脆當初就放2021,2022年發售，放20年4月發售兩次延遲，然後還放個未完成品出來是三小？",0
當你以為2020已經夠令人失望了，CDPR用這個遊戲告訴你，還能更糟,0
現在回去看2018年的Gameplay，這遊戲根本是詐欺，希望Steam可以放寬退款標準，因為這遊戲很多要素缺失並非2小時遊戲可以察覺到的,0
目前作為CRPG不合格,0
劇情好 優化爛 需要來自2077年的PC 尚未到神作 但也不至於差到不想破關 只能說失望大於期望 看看人家死亡擱淺4K穩定60幀以上,0
"呢隻game伏唔伏,如果佢賣HKD$250嘅我會話唔伏,但係你賣我HKD$399咁就真係伏咗了. 首先講咗bug先,隻game啱啱出嚟小小嘅bug就算啦,但係我遇到隻bug簡直係惡性. 係屋企附近,即係第一次見到神機醫同迷霧嗰個地方,如果我唔走鐵欄小巷繼續往右就會bug,然後彈我出Game, 所以我到而家都做唔到醜人多作怪呢個任務. 其次小地圖同指引做到勁垃圾,對我一D貢獻都冇.喺幻夢呢一個任務度你醒返嗰陣係乜嘢都會冇晒,然後你可以選擇搵返你D裝備 或者直接逃走,然後睇住小地圖我一D都搵唔到我D裝備,但係我又唔知點解放唔到銀手嘅墨鏡同背心入房,如果我要完成個任務,我八成搵唔番呢D嘢,真係DLLM.其次遊戲一啲改裝都做唔到,我以為可以揀Skin同魔改,點知只可以改下模組,同埋換下瞄準消音,車改造裝置同理 ,而且唔知街頭聲譽有咩用,好似只係限制你用唔用到D裝備,而且揸車無論你買咩車都係垃圾,比左勁多錢買返嚟架車都係勁唔好用,如果唔係佢生得好睇,我諗我唔會再買車. 然後遊戲一開始宣傳勁多角色立場幫派企業網監警察創傷小隊,全部攞嚟攝時間,做完個任務D特別角色好似死曬,完全唔明幫派系統有咩意思攪作. 係所有嘢都好靚,但係邊度都其實唔係好去到,又冇得爬牆建築物,Al又好似弱智. 可能係我FF太多,一開始以為會好似加速世界咁,各種關係勾結然後吞併成個大陸,結論係乜柒都冇.我真係好想要誇張嘅故事劇情,好似亂七八糟嘅走線,到最後會連結返埋一齊,可惜係我FF太多. 喺個畫面見到有好多商家,但係真正買到野嘅就只係嗰一兩個地方,康陶嘅作用竟然只係比我打低,有好多遊戲機,但係入邊係玩唔到的,手機pubg都做到,你做唔到真係笑大人個口. 但係真係好體驗到cyberpunk呢個概念,喺呢個Night city 之下你一定會面對好多唔想見到嘅生離死別 (Jackie係好男人).等咗你咁耐,只能怪我FF太多 我估應該係為咗出續集,因為完成度同伏筆我都覺得留咗唔少,只能怪我太喜歡cyberpunk 呢個概念了.唉,咁好嘅主題,本來勁想睇Judy,著真理褲(遊玩目的之一),但係一開始揀咗男V,但我真係唔撚想再玩二周目,再見了Judy",0
非常不推薦的遊戲!! 操作手感差勁到不行~開車跟拿槍射擊的控制上非常不合邏輯 還有NPC的攻擊性也很莫名其妙~站著看警察就會被射殺 主線初期的某個地方如果開門後沒立刻進去~就會卡BUG~門就不會再開啟直接卡死,0
"我預購等了一年,結果吃了一坨屎",0
越玩越失望，到了結局诶結束了就這樣? 能力技能選爽而已，劇情根本不需要太高甚至滿，基本上10就能開啟所有東西與對話了 自我改造也一樣，順著劇情走錢不夠換 買車方面也是，沒錢也不在意如何能開就好 從剛有消息時就關注這部，剛能預購時就預購 保證承諾會有的東西也沒出現 任務能有幾個解法什麼方面都想過的這系統跑哪去了 npc每個都有家都有職業?只剩一句話罷了 幻舞只剩主線出現也不驚豔 太多東西沒出現了 就看DLC能不能救起了，只怕線上模式誤事,0
為何不推，遊戲商給玩家太多承諾及希望結果太多都沒有做到，bug也很多，劇情還行，建議要買的人先考慮暫緩或等特價。,0
一直容易閃退影響遊戲體驗，不然遊戲本身很棒,0
bug太多，非常容易閃退。,0
仍然是个不成熟的游戏，没买的可以暂且观望,0
rpg的话是合格的，但a就感觉一般般了，之后就是一些不开心了，，，也有开心的，比如去转大荒坂塔的时候，我方和对方对战时，我用狙击观察到有几个npc站在车辆旁边拜pose。 看到可以评价，本想good，但是内心时抗拒的。 我就玩了25小时，就通关两个结局了，感觉有点短。。。,0
现在还是别买了，bug贼多，1660能流畅运行，我玩的时候刚开始还行，后面就闪退了，然后就再也进不去了。我想要一个解决进不去的方案！！！！！,0
一直閃退 回個家閃退6次 不想再開,0
優化好差 一直閃退,0
2077 是一個很空泛的開放射擊RPG 路人都是裝飾 說好的大樓間的戰鬥 大部分的屋子可以進去 但是那些屋子 門都是鎖住的 跟UBI一樣 用BUG做出來的遊戲 目前這遊戲 太多BUG 我很喜歡玩巫師3的支線 但是這款的支線 不是說算一個小型故事嗎? 沒感覺 就是接任務 打敵人回報 嗯? 跟巫師3來說 有些支線會在主線故事上或是地圖上出現改變 2077我都還沒玩到....,0
花錢當bug除錯員 一直延期還給出這種品質 驢子還是下去吧,0
"劇情被打了一下後, 我就進入盲眼模式了 盲眼模式玩了差不多一小時, 當中有劇情有槍戰(字幕正常, 按esc的UI也正常) 因為一直有紅光在閃, 眼睛累了就先關遊戲洗洗睡去 隔天再開, 啊 眼睛好了 劇情終於過了. 沒注意什麼就繼續玩下去. 現在玩得差不多了, 敢去看討論不太怕被劇透了 結果發現那一小時他媽是我中BUG? 這也太媽太爛了吧. 由4月延期延到12月你是幹什麼去了? 這麼大一個BUG 你他媽沒DE到? 一堆破圖, 物理混亂. 整個就獨立制作3D 小遊戲級別. 預告的遊戲內容也no man sky級地跳票. 如果你跟我一樣是巫師3 fans, 相信著這家公司 那你就等吧! 等dlc 等修bug! 以他預告的內容去計算的話, 現在這遊戲完成度30% 都沒有! 千! 萬! 別! 買! 說實在如果還可以退款, 我會想都不想直接退下去.",0
"1.04版本還是一堆bug 破圖,沒有畫面 不知道為何更新到1.04 每次登錄遊戲還是一樣需要重新設定語言",0
基本可以玩，但是bug还是存在，仍需要持续打磨,0
一直閃退耖你媽,0
"2020/12/13 我不講bug+優化 宣傳片八成的內容都沒有放進去 路人NPC互動超廢,宣傳片講到每個npc都有自己的生活,而事實上他們只是在那邊走來走去 世界很大但很空洞,建築物大多都不能進去 商店買的東西都差不多,去哪買都一樣 很多沒用的道具,幻片不能看,性玩具是廢品 在2077年竟然連理髮都做不到 遊戲沒爛到玩不下去 但以開放世界遊戲來講他是一隻不合格的遊戲 fallout歷代最垃圾的fallout 4也做得比2077好 65/100",0
極度強烈不建議現在入手，BUG太多，UI介面不人性，背景資訊過於龐大導致代入感不佳(不過我覺得每個cyberpunk世界的遊戲好像都這樣),0
警察系統就是狗屎，只要打了路人或NPC就必定招警察 只能跑不能還手，還手就升星。在密室裡殺指哥突然就刷出一部無人機把我秒了.狗屎,0
評分 5/10 等特價再買 如果這是一家普通的公司做出這款遊戲 那我會覺得這遊戲還不錯 但我已經玩過巫師三 在巫師三裡面 無論劇情 戰鬥 還是 角色刻劃等等都非常詳盡 細膩 cyberpunk 與之相比 真的黯然失色 先不說一堆莫名其妙地閃退 bug 這遊戲的路人真的就是擺設 完全沒有互動性可言 還有可笑的警察系統 走在路上被幫派打 正在激戰打到路人 警察還要追我 = = 劇情部分我覺得算是這遊戲免強及格的部分 看了不會像某 10/10 一樣令人作嘔 留下很多讓玩家思考的空間 總體來說我覺得這遊戲不到及格標準 1599 太貴了 等特價再買吧,0
BUG奇多，心態炸裂，這不好 勸！開發商 耗子尾汁,0
作爲一個帶有NVIDIA LOGO的PC游戲，它在AMD YES!的主機平臺上表現爆炸倒是不令人意外，不過游戲沒有第三人稱可選，以及各種UI設計的關係還有讓人費解的製作升級系統，作爲玩家恐怕要相當有愛才能摸索玩下去。 游戲的戰鬥選擇雖然多，但實際使用下來，最有效率的還是衝刺配砍刀，游戲爲了武器的升級改造系統，槍都不能爆頭，太令人遺憾。 總之有高階RTX顯卡的話就好好體驗游戲吧，不然我覺得再等等也不是一個壞的選擇。,0
遊戲優化極差 GPU CPU使用率低 設定全部調最低也不能穩定60FPS 延遲又延遲 最後給我們吃屎,0
优化 0/10 （3700X OC 4.5+5700XT非公稳不了1080P60） 剧情 4/10 （主线太短了，算上支线也不长） BUG 100/10 (没啥好说的，CDPR爪) 游戏性 7/10 （普通RPG水平，还挺好玩的？大概） 画质 5/10 （梦回2013，介玩意画质也没爹4好） 298买介玩意不如给自己吃顿好的，等debug和dlc罢 现在这种情况最多打个及格分，只能说CDPR还是预购玩家和狗相同待遇 剧情短是短但质量不错，介玩意也没啥好说的 CDPR给爷爪巴，虚假宣传扔半成品卖建议被黑色高级车追尾1145141919次,0
優化爛 BUG多到嚴重影響體驗，槍械、車輛駕駛手感差勁，街道上的人沒有靈魂，不能互動也沒有表情,0
BUG多到一個誇張 甚至影響到遊戲 沒事就閃退 不然就沒法開 數次延期拿出這種東西,0
"黑屏 敵角卡住不會動 每次登入要手動再轉一次語言 1080開低畫質只有30fps 無法自動安裝新的hotfix 這類bug/優化我都能忍 但在我用正常途徑關閉遊戲時變成視窗關掉程式卻在背後繼續進行 然後嘗試task manager 關遊戲結果導致windows broken是哪招 (i.e. task manager, windows properties等無法開啟 速成無法使用 重開機無效) 在這台pc玩了上百隻遊戲都未曾有遇過這種狀況 雖說內容很香我人也犯賤會繼續玩不退款 但請正視會導致這種影響到pc本體的bug/優化問題",0
1.4g的更新死活进不去游戏？？,0
闪退 我玩了7小时 保守估计闪退50次以上,0
開放世界老實說讓人失望，主線劇情的部分也沒辦法好好體驗，因為各種閃退(硬體每一項都有超過最低配置，所有效果也全部條最低了，還是各種閃退),0
恶性BUG太多了严重影响游玩，很多任务都无法继续进行,0
Ksq: 我差点以为是育碧出品。 @KingMico: 3D做得十分垃圾，玩一會兒就上瀉下吐。真以爲安倆霓虹燈就叫賽博朋克嗎，垃圾游戲。不如戰地5。,0
雖然沒有符合期待，但本該是足夠優秀的一款新作，卻打從一進入遊戲就各種bug，不要跟我說開放世界有bug不意外，這已經不是無傷大雅的程度了，槍枝隱形、npc瞬移、人物錯位、任務中黑屏各種問題大大影響遊戲體驗，我很失望不是因為遊戲內容不夠好，也不是甚麼射擊手感操作手感不佳，而是我感覺這像是一個半成品，如果是因為肺炎影響，我寧可多等一年。,0
我想知道 怎麼用 超夢 看自己購買的 東西 也搞不懂 超夢是 只有 劇情需要才能用嗎 .. 這也太爛了吧,0
原本這遊戲可以玩的 更新過後連玩都不能玩了,0
一直閃退 可以理解遊戲多多少少有bug 幹他媽一直閃退也太扯了八 最基本的都沒達到 還又延期 根本砸自己招牌,0
垃圾！！！,0
畫面整個爛到不行 音效輸出有問題 嚴重破圖,0
一款巫師跩到天上去啦?,0
沒有辦法裸奔 這真的不能忍 決定為了這個給負評 這樣選擇大小有什麼意義 根本就是騙人,0
一直閃退 這是怎麼樣 玩不到3分鐘就閃退一次,0
等優化好點在入手吧,0
完全進不了遊戲 瘋狂閃退,0
BUG 太多 遊戲經常崩潰 經常強制關遊戲 不建議買 滿滿惡意遊戲,0
"啥玩意,突然存檔崩潰連進遊戲都不能了?",0
垃圾，連game都開唔撚到，RTX3090都冇用，屌，,0
就目前來說不推 槍械準心跟不上滑鼠總是慢一點點瞄準很累 地圖角色物件各種破開 卡SHIFT一直跳畫面 幻舞變成超難切資訊面 重開進去字體聲音都被改掉每次登入都要換回來 總之優化極爛 期待太高失望太多,0
"12/9已預載檔案,然後12/10當天要開始玩又載了一次十幾G的檔案,RTX3080陰影跟體積雲都開中光追開最低張數設定60遊玩過程FPS很不穩定有些場景會低於40但免強還能玩,其中除了語言設定會跑回英文以及有些東西撿不起來以外倒是沒什太大問題也沒閃退過. 但是12/12今天更新1.04後我開始很想罵髒話了,一開始更新顯示1.4G更新完後為了安全起見又重新驗證了一次檔案完整性,不驗證還好一驗證之後跟我說三個檔案驗證錯誤需要重新下載共21G真的是一整個!@#$%^馬上想問候CDP全家,你說BUG很多遊戲優化不好這我都能免強忍耐,但不更還好一更新我現在光下載這些檔案我就飽了請問我還需要玩嗎???? 那我當初預載是載心酸的嗎你一個更新除了又要浪費硬碟容量外光那個時間那我不如整個檔案砍掉再重新下載安裝一次可能還比較快......然後等你全部下載好又搞到半夜~YA很好我今天又不用玩了我隔天還要上班好不容易下了班想玩一下,整個時間又浪費在更新重載.....請問我還能玩嗎??? 12/24 1.06更新越修越糟糕....在地圖上走到北工區 伊布尼克瑪頭直接閃退屢試不爽,不管重來幾次都一樣只要走到那個地方直接崩潰閃退.....真的很想罵x你娘 cdprojekt你他媽在搞什麼????? 修西牆壞東牆.....",0
辣鸡游戏能别TM动不动闪退了么,0
整個畫面都是樹是要玩什麼,0
解個任務會在同一個地方閃退是給不給玩,0
半成品 惡性BUG太多 主線劇情短 優化不足，遊戲體驗一般 如果可以透過後續DLC補救會比較推薦,0
"2077年, 不應該這麼多bug! 舉一些例: 1. 每次開始遊戲都要改兩次語言(必定還原成英文, Steam收藏庫又沒有繁中可以選); 2. 每次讀檔, 武器全部被脫下, 應該改名做: 空手道2077。而且有些情況不讓你中途進入功能畫面換裝備, 竟然空手叫我去開槍? 3. 我戴頂帽然後去照鏡, 變了光頭! 4. 我朋友曾經給我看人物沒有頭的圖; 優點: 1. 我用1050Ti, 畫質用高, 暫時沒有試過延遲。 2. 女生似乎可以去嫖妓; 缺點: 1. 自創人物後不能再修改; 2. 如果用手把, 會發現很多很多地方要像滑鼠慢慢移動來選擇: 包括道具欄, 不能用上下左右來簡單選擇; 3. 我覺得NPC的皮膚比我好; 4. 主角的聲音只能選男/女, 6個主角可以選, 卻只有2把聲... 5. 有大量物品, 看得到, 但撿不到! 評價: 對我來說, 我的配備能正常地玩, 是很好的了。 但對於高配備的一般人來說, 大概會很不滿。 玩法我不評價了, 我不是玩慣開放世界的人。",0
連GTA5都比不過。,0
前几天玩的时候bug漫天飞啊 终于今天来了个1.4g的补丁，我想我有救了 刚下载完，点开始游戏 芜湖，崩溃 现进不去游戏，差评为敬，等哪天bug和优化能让人顺畅玩了我再改回来,0
bug太多,0
bug非常多 2024 還沒有改好,0
更新之後閃退問題嚴重 連主畫面都進不去 射擊手感不佳 打敵人有點像全境封鎖一樣要打很久 沒辦法實現爆頭潛行的玩法 建議等日後BUG解決後在買也不遲,0
優化極差 偵數過低 Npc像死人一樣 身邊發生什麼事都與他沒關係 Npc車子會穿模超車,0
"優化超爛，bug滿天飛 玩3天下來閃退跟黑屏的次數早就多到數不清了 經歷了三次延期，還給玩家這麼差勁的遊玩體驗 就算劇情做的好又怎樣?我現在只要一開始主線就直接進入無限黑屏卡讀取，不然就是直接閃退，連故事都不用看了 然後官方標註GTX1060是建議配備 我把特效幾乎全關才勉強跑到60fps 結果畫面根本糊到爆，最糊的那種 :) ---------------------------------------------------------------------------------------------- 針對優化部份，我覺得我還要在補充一下 在Steam商店頁面，下面都會有一個系統需求，那是一個配備指標，讓玩家知道，遊玩這個遊戲大概會需要怎樣的電腦設備。這次2077的系統需求官方標註的並不高，建議配置顯卡使用GTX1060就能玩，CPU則是Intel Core i7-4790 or AMD Ryzen 3 3200G以上，那請問我用""建議配置""遊玩，卻得不到良好的遊戲體驗，是玩家的問題，還是官方的問題? 我知道1060這張卡放到2020年來看，確實效能已經不強了，但我玩其他3A大作，至少畫面是清晰的，我特效開低也能平均60以上，啊我玩2077，為什麼開低了連平均60都不能，畫面也是糊的，我是不相信我這張顯卡輸出這麼糊的畫面連60fps都跑不到啦。2077優化爛是事實，youtube上benchmark影片多看就知道了，希望護航仔不要把CDPR捧上天了，那些護航的言論真的是挺可笑的。",0
屎一般的開車手感外加腦殘敘事架構 小兒麻痺般的ui介面 就在我以為這就是全部缺點後喔不還有上古遊戲才會發生的黑屏bug 我說cdpj你不會做這種遊戲就別做早點滾回去做巫師四行嗎 這種狗屎糞作我居然還他媽預購了 不能退款我還不能給你差評嗎,0
BUG一堆 失望,0
真的两年都没更新新东西啊，哈哈，闲着把蓝色任务刷完了。显卡都换了还优化到现在帧数也上不去，跑快一点模型还是刷不出来，看远一点全是糊的，至今没出回忆任务倒档功能。到现在就剩一个终章任务了，之前支线没选好也没法倒档玩单刷荒坂塔。想玩也没任务玩咯，乐,0
主頁面跟序章一堆bug,0
真他媽買BUG送遊戲欸，而且操作介面也很拙劣，根本不像2020的遊戲,0
[h1]過譽的半成品[/h1] 就是一個半成品遊戲 令人非常失望 主線劇情還不錯 但其他部分都沒完成 AI智障、開車智障、武器也得沒那麼多樣化 可攻略人物就一隻手數得出來 幫派業都只碰到一點點 跟宣傳真的差很多!!!!!!!! 就是一個把錢全花在宣傳 遊戲內容未完成的半成品 不用說還框PS玩家 真的非常過分，令人失望，把巫師所累積的陰德值全消耗光了 兩個字 過譽,0
請修複荒街老友沒有任務对话的BUG,0
射击手感不好，数值设计有问题，战斗状态有问题。,0
"才玩兩天就不能開遊戲，BUG一堆，才第一個主線， 關掉的攝影機還可以看到我?是我認知有問題還是攝影機會自動重開機? 駭入PING功能是什麼?為了找開關?才顯示一秒最好找得到開關啦， 潛行撞到東西，東西噴滿天聲音超大，敵人沒看到?沒聽到? 殺了一個平民，警察閃現出來?我在荒郊野外耶， 重點想退費的時候才發現玩了6小時，不能退費了，捏臉就花一小時了，跟本看準了STEAM的退費機制，讓你不能退費， 先讓你捏臉捏久一點，進去遊戲發現根本超爛，然後不能退費，騙人買一個不能玩的遊戲? 你開遊戲還故意告訴你，""哇電馭叛客 2077 掛了""""哇電馭叛客 2077 掛了""""哇電馭叛客 2077 掛了""， 只能玩兩天要花你1599，根本就是預謀詐騙， 千萬不要買，買了玩超過兩小時，你就會看到""哇電馭叛客 2077 掛了""",0
2020-12-10_購買，開始玩各種Bug，每次把介面語言調成中文，重開就會跳回預設值； 2020-12-13_更新之後，連開都開不起來，什麼廢物,0
滿滿的bug加上渣優化,0
水哦!人物捏好就掛了,0
作爲一個玩了20多小時的玩家 非常不推薦 或許這遊戲目前就如夜城一樣 金玉其外，敗絮其中 首先，感覺劇情和遊戲細節較草率 不能置信這是延期了幾次的大作的質素，不能稱次等，也不能稱上品， 恕祇約草草之等 -劇情真的過於急促 -人物對話等小細節甚更草率，基本與非主要角色的對話都是千篇一律，實在不免有失落感 -街道建築細節十分精細 但可奈如上文 金玉其外，敗絮其中 -還有不少漏洞，特別是在建築物槍戰 中，建模偶會失實，不免影響遊玩質素及感受 總結：考慮中的，真的不要急於買 個人認爲目前遊戲質素完全不值得這個價，望未來CDPR能以更新彌補，不要辜負玩家的期望和貴公司多年的聲譽。,0
爛死了買了下載好進不去,0
NPC互動和GTA比少很多，又不能第三人稱視角，捏那麼久的造型是要.............. 先退款等GTA6,0
BUG太多... 用PC玩的時候滑鼠游標一直向上移.... 裝備還有顏色的模板都不一樣....色差超大... 而且劇情我都看到打呼了...,0
跳票一年然后bug满天飞，还有人吹黑屏bug是良性bug，这么喜欢黑屏请自插双眼。所以一个亮眼的题材就能吸金，而认真打磨游戏的人还在默默奋斗，那以后就集体cjb算了，玩锤子游戏。,0
過度誇大的遊戲,0
优化差，剧情也无聊，玩法公式化，没有什么特别的地方,0
BUG一堆 路人npc互動性有夠差 期待越大 傷害越大,0
"去到酒店任務後不停彈GAME, 超多BUG",0
目前不推薦 太多bug 實際體驗也跟當初宣傳影片時有落差,0
第一次接觸CDproject的遊戲，覺得Cyberpunk不像Rockstar的GTA5跟RDR2，會用比較多的任務去教導玩家遊戲的操作以及武器、物品的使用及用途，導致不太清楚有些物品拿了可以幹嘛，或是武器拿了怎麼裝備、販賣，還有自家內有哪些地方可以幹嘛幹嘛的，前期玩得滿混亂的。不過這些都還好，最重點是我主線玩到要逃出飯店的時候，遇到一個Bug，我的荒坂幹部在大樓地圖外，然後沒有殺他我不能操作電梯，我就這樣卡著劇情的Bug沒辦法推進…玩到主線有Bug卡關心情整個很不爽，不過玩久一點後會再思考更改一次心得,0
I7 1060 RAM16GB 閃退太嚴重，更新檔後也一樣。,0
不好好做游戏，参和政治。 俄罗斯发动战争你抵制，很好！那么，请把美国也一起抵制了！美利坚合众国发动的战争更多！ 1950年到2015年，美国曾轰炸过的国家：韩国、中国、危地马拉、印度尼西亚、古巴、刚果、越南、老挝、柬埔寨、格林纳达、黎巴嫩、利比亚、萨尔瓦多、尼加拉瓜、伊朗、巴拿马、伊拉克、科威特、索马里、波斯尼亚、苏丹、阿富汗、南斯拉夫、也门、伊拉克、巴基斯坦、叙利亚。,0
"世界觀不錯..很新鮮非常特別..但是沒有完成..為了趕上架..預告的東西也被刪了..劇情雖好..但遊玩體驗差..... 1..武器裝備..槍枝種類不完善..部分槍枝沒有傳說級別..而且衣服沒有特殊能力..打到幾洞就是幾洞..沒有刷裝機制乾脆做成時裝吧..可就算改成時裝也看不大到..畢竟沒有多人連線..而且還第一人稱....= ="" 2..技能與義體..真的只能說是糟糕..世界觀不一樣..做法也要不一樣..以身體改造為主的世界..技能跟等級在我看來只是多餘..而且一堆廢技能..流派平衡性極差還不如改成動作..之前預告不就有螳螂刀爬牆的動作嗎?..東西勒~~~~ 3..車輛...操作有夠可憐的..還不能改裝..說好的改裝哩..而且無法分辨性能差異...只能全部都買...不買任務一直掛著驚嘆號...看了就煩... 4..食物攤位與酒吧...雖然有做出來是加分...但可以做得更好...只有任務才有吃喝畫面...非常可惜... 5..優化與BUG...i7.4790k-RTX2070..市區低開卡頓..= =... 6..成人部分..第一人稱..非常代感..但視角固定..看不到重點..本來期待超夢..但是被刪了..都已經18禁了就大膽做出來啊 ..那些政治名嘴..我X他X的..自己小孩沒教好怪遊戲害的..再說了為甚麼小屁孩買的到18禁..這不就是父母的問題嗎... 7..購買心情..失望..被騙了....感覺跟EA的冒險聖歌一樣..預告漂漂亮亮..發售後這缺那少..都是高層搞事..退款大風潮..就差還沒棄坑而已.......我很同情主機玩家....就像娶個漂亮老婆回家.....結果發現他是帶把的....我X......",0
垃圾遊戲 BUG幾點的? 多到靠杯 打個小田 不會回復耐力 反而倒扣 是怎樣 BUG多就開放了 耖你媽的 在战斗都有可能被一个纸杯卡住 操 製作跟保存都被停止 是腦殘嗎? 有BUG都不會修復? 廢物遊戲 重大改版 連遊戲都玩不了 是在錯誤幾點的? 至今为止说好的多人连线也都不知道去哪 到底有没有在做事?,0
遊戲只有第一人稱，這樣創角色樣貌一點意義也沒有，這種不合理的矛盾設定又找奇怪的理由來塘塞合理化，感覺好像製作遊戲的初級錯誤一樣，npc互動完全沒有，全部對話一模一樣，路邊小販不能買點餐、不能整容(身體都能改來改去不能整容？)、自由度極低、車也就那幾台二手車(人都能改裝了車不能改),0
BUG有點多，不過整體來說遊戲算不錯 希望GOG可以早日修復這些BUG 動不動人車突然冒出來，甚至直接在天上飛，還有拆解也有點麻煩，希望可以加速一點(?,0
男角冇得屌judy 好撚多bug,0
"先給差評 問題真的太多 剛玩90分鐘就跳錯4次.... 目前不打算退款,希望盡快修理 ------------------------------------------ 12/13 到底是在搞什麼鬼.. 重開一個檔,捏了快半小時的角色選游牧開局 直接跳錯,也不能把捏好的角色先存好 每次進遊戲設定好的字幕語言全部都變成簡中 真的不想把話講得太難聽 現在就是一坨屎,如果這些問題沒有改善 負評永遠掛在這裡",0
明顯的半成品 遊戲性甚至比同類型的fallout比下去 npc跟低能一樣 在街上隨便用拳打個路人 只會大叫 跑走 而且全數一樣 你能想像畫面有多詭異嗎? 路人對話千篇一律 有跟沒有一樣 然而這是一個用8年開發的遊戲 當中更經歷數次延期 結果最後出來是個跟6 7年前的遊戲差不多甚至更差 宣傳跟媒體的大量報導過度吹奏 當日的誇下海口 最後是這樣的製成品 最後老實說一句話 要是沒有Keanu Reeves 現在銷量大概會減半吧(我也是因Keanu買的人) 結論:bug太多 比起Trailer 所呈現的遊戲中只有大概一半 現時不值這個價錢 要買的話(比較理性的做法就是等幾年後減價再等fix bug update,0
經過長時間的維修雖然已經是個可玩且還不錯的作品，但現在因動畫熱潮公司卻想趁著這波直接研發續作，聽說這個消息後我對他們感到失望，因為很多當初畫的餅根本補沒多少連線上模式都還沒完成就想著手進行續作的開發，個人覺得吃像難看。,0
這個bug數量跟ubi比有過之而無不及，水喔。對了，優化是真的慘，想買但沒買的再等等吧 1.2更新之後 ～就這個優化，你除非有辦法且口袋夠深，在黃牛跟礦工中買到一張高端顯卡，不然就繼續等！ 8/5 你們的更新跟DLC呢?,0
BUG真是很多，不斷見到樹木的殘像，未寫好的遊戲就不要推出吧,0
為什麼我卡在創造腳色! 每次創造完 就掛了我已經重複好幾次了 求救!!!!!! 我下載簡體中文版本!,0
这游戏是我最期待的游戏，也是我最失望的游戏，首先画质比起并不高。而且优化真的太差。本人是做游戏的。一看就知道他们根本不会做优化呀。而且画质都不会设置，明明可以设置的更真实把画面做得更好。而且能把优化做得更好。可能是团队偷懒吧，或者是赶着把它搬上去电脑。反正这游戏10分给满分的话，我给5分。我用了两天就玩爆了。剧情还行，三分给剧情剩下两分就是你优化和画面。荒野大镖客带给我的是前所未有的画面啊。而cyberpunk2077是带给我失望。gtx1660ti 也只有40fps真的太差了。不开AMD的FX设置的话完全不能达到60，而且还不能开空间反射,0
bug多我可以忍 你他媽中間20分鐘全黑到底是要玩家玩3小 還不影響遊玩 我連主角發生什麼事都不知道 乒乒砰砰 一堆槍聲 就他媽 沒畫面 還這麼久,0
閃退跟bug就不說了，我是覺得還沒玩過的不用急，個人真的蠻失望。買這個遊戲純粹是跟個風畢竟不想看到也都看到這個遊戲的發售消息，大部分人應該也都是。劇情目前只有玩到前面一點點而已，給人感覺很單調，沒有那種讓你想下班趕快打開繼續玩的衝動，劇情一大部分時間就是在講話然後選回答，而且因為第一人稱的關係真的超無聊，至少要聊天可以像別的遊戲那樣直接第三人稱電影視角讓他們講完還能接受。其他方面我很想請問賽博龐克的點在哪？整個遊戲就所有東西的外形風格有而已，但做的事跟一整個給人的感覺完全不賽博龐克，就一堆改造人耍耍帥而已。AI也是低能到不行，警察更是懶得講，會直接刷在你旁邊到底怎麼打。基本上你不破任務就是完全沒事做，想去剪個頭髮換個刺青都沒有，衣服也是普通，自由度很低。 結論就是真的期待很久的自然不管怎樣還是會買，但跟我一樣是跟風的或是看到預告的真的三思，1599值得拿去買其他遊戲或做更多事。,0
都这么跳票了还能做出这种东西 看门狗军团长舒一口气 全境封锁2在烂的路上不再孤单 今年居然能让年货信条笑到最后 丢不丢人 ========================================= 冲着动画给游戏好评的我只能说，你们真是够疯的。,0
滿滿的BUG...不斷的閃退...現在卡在義肢任務，一接近任務點就閃退,0
優化爛到笑,0
給還沒完成2077就在畫新大餅的波蘭蠢驢,0
只要開啟掃描幾乎很容易BUG莫名其妙閃退，開開關關玩有夠痛苦~,0
2020一款大作，可以讓我掉出去地圖三次,0
DLC什麼垃圾結局，CDPR在自我感動什麼？這首先是一款服務於玩家的遊戲，其次才是你那B賽博朋克！我買你DLC是衝著完美結局，V治好病繼續V震天，強尼成功脫離身體，V的愛人都在身邊； 你這傻逼DLC結局是什麼雞巴啊！,0
Bug超多 FPS非常不穩 細節也沒有GTA好 整體而言令人失望,0
一堆BUG，这就是跳票这么久的优化？,0
觉得应该改成cyberbug，这bug的问题，有点严重,0
一直閃退是搞什麼鬼,0
同樣的地方閃退10次，是要玩個雞槌?,0
6小時閃退60次 很爽,0
延期兩次就算了 遊戲容易卡在劇情內無法繼續馬的那台直升機我如果不讀檔重來是不是就在天上飛到武漢肺炎終結才肯降落? 能讀檔就算了馬的妓女街的妓女長那樣還不打緊做愛畫面就那樣我連庫子都懶得脫 第一人稱畫面結果只有那些角度李宗瑞都比你們製作組還董男生需要什麼,0
一堆bug,0
期望越大 失望越大,0
看不懂的射击看不懂的穿墙敌人在哪都找不到，啥都想做啥都是半吊子,0
跟試玩片段一樣，畫面很好，代入感較強，任務也不止一種解法 但是整體感覺有點落差，像半成品 bug很多，而且都是顯而易見的，隨便玩幾小時都能抓一堆那種 自由度也沒有游戲商說得那麼大，雖然不至於給差評，但是真心覺得游戲沒做好就拿出來賣，現階段不建議買 (更新) 嚴重的bug出現了，非常影響游戲體驗，回檔以及重載都沒有用，要換成差評了 出了更新檔說是修復bug，結果反而更多bug了 =.= (再更新) 大改版了，可是改完更垃圾,0
玩了43個小時，主線終於破解完， 但許多問題還是必須要說， bug的問題網上已太多了，多說無益， 本人就遊戲內容跟CDPR開發初期自己承諾粉絲的內容來評價， 醜話先說在前面，如果你是為了Steam上標示的『色情內容』而買來玩的， 極度勸你立刻、馬上退費， 這遊戲沒有任何裸露畫面，絕對沒有，就算有也不夠你硬起來的時間， 對，很多人會說，遊戲中有第一人稱的福利畫面， 但真不好意思，就整整30秒，且這30秒不會讓你看到放進去的畫面 甚至有人會說，創角時候就有福利畫面，可以自己調整大小， 是可以，但只有大、中、小，且不論大小對遊戲中沒有任何影響， 不會因為大，福利畫面就多， 除了以上兩點，遊戲中沒有其他福利畫面， 當進遊戲時，你看到的所有一切，舉例主角、NPC、路人、敵人等， 全部都給你包的緊緊的，比現實中你看過的還要緊， 所以不要妄想你可以看到什麼， 可能有人會說你沒開什麼裸露選項， 但不好意思，這裸露選項只影響特定時候，整個遊戲的99%的時間還是不裸露的， 說這麼多，簡而言之就是CDPR把你們玩家當凱子在騙而已， 早在開發階段時，CDPR就曾承諾玩家及粉絲， 他們的內容絕不刪減，並絕對包含有「性化」、「性剝削」、「裸露」、「賣淫」、「性關係」、以及「激烈的性關係」等成人內容， 但當遊戲上市後，顯然CDPR認為的性化與大眾認為的性化好像處在不同時空一樣， 有著非常大的落差， 舉個例子，大眾看成人影片叫成人片，CDPR看成人『圖』片叫成人片， 如此一來，基本可斷定CDPR根本不管玩家想要什麼，也不管自己曾說過什麼， 就是CDPR想要大撈一筆而已，隨便打個廣告，弄個幌子，就騙倒全世界100萬人， 當然很多人會說，劇情做的很棒，是，本人不與否定， 但本人必須要說這功勞歸功於基諾李維，不是CDPR， 可以說CDPR早就認知到自己做的東西很爛，必須依靠大明星救起， 除了劇情，其他系統可以說是東拼西湊，甚至牛皮吹破了還在吹， 本人無論從哪個角度看，這款遊戲非常像趕鴨子上架的作品， 完成度僅僅30%， 未來CDPR沒有完成自己剩下的那70%及做出自己承諾過的事情， 本人還是繼續保留不推薦，待CDPR找回自己的良心，再考慮。 以下劇透，要看的人自己反白， [spoiler] 據國外玩家親測，遊戲中主角的出身背景與性別完全不影響結局， [/spoiler] [spoiler] 影響結局的僅僅只有最終任務， [/spoiler] [spoiler] 那問題來了，既然不影響結局，CDPR為何大費周章給玩家選擇性， [/spoiler] [spoiler] 原因很簡單，CDPR要讓你感覺他很用心，但事實證明他把你當小丑耍了。 [/spoiler],0
吃相難看 捏角捏一小時 前面幹話剛好一小時 就是設計到你真的開始玩已經2小時 就不給你退款了 這說明什麼? 他們早就料到會被退爆才這樣設計 幹他娘的 到底甚麼垃圾廠商 這跟賣減肥藥那些騙子到底區別在哪 我預言拉 3天以內 評價就變紅色了 我幹 大多好評點開一堆 好多BUG還是給好評的 到底是沙小?,0
玩到個人好似病撚左,0
"好多bug,比想像中沒有太好玩可能我期望太高",0
GG做了八年的游戏？就这？？？,0
太貪心想每種東西都做一下，結果每種都做不好。槍支種類太少，手感也非常差; 近戰系統有夠爛，0打擊感，而且敵人被近戰打到的硬直過大，導致近戰1v1基本無敵，明明巫師的近戰系統做得這麼好，不懂為什麼不用; 改造有點單調，做成特點的武器化手臂要刷很久才能體驗到; 玩家和敵人的傷害差距有點大，敵人一個手雷直接秒殺，玩家的手雷的扣不到1/4; 車子的控制和手感非常差，而且經常飛天。Bug的問題也不用說了，基本上每個人都有碰到。遊戲的劇情做得很用心，夜之城也做得非常酷，但玩起來的遊戲體驗真的不太好。,0
原价购买，有点冤大头，cdpr似乎搞不明白什么叫开放式rpg。所有的结局其实都没什么太大区别，无论你做了什么，世界都没有变的好起来，除了毁灭还是毁灭，人类没救了——剧情基本就是这样给你喂shi。通关后回档到荒坂楼前也是没谁了。。。我是玩了个什么？寂寞吗？消灭敌人没有什么实质上的兴奋感，掉落平平无奇，没什么build的改善和特色。制作系统很繁琐，低级合成高级材料的过程非常漫长无聊。除了初见游戏的两三个小时外，后面完全没有意思，故事看完了就没有任何动力二刷，游戏本身没有任何养老内容，辐射四起码通关了还可以刷马桶，盖房子，2077在通关后的时长延续性上做的简直弱爆了。。。整体来说，即便降价了，也不太值得入手。,0
真的受不了3个出生 3个固定位闪退 怎么都过不去 没话说 了RNM退钱,0
正如大家所說的「這真的是開發了八年，更新修飾延遲了一年發售的大作嗎?」，整個質感就像是還沒開發完成就匆忙上市的半成品，撇開大家詬病的成堆BUG，糟糕的射擊體驗和晃到不行的體感操作，簡陋到不行的紙娃娃系統，單一且沒有靈魂的NPC互動，讓我不禁懷疑這預購是否很不值，緊接著走上了「復仇者聯盟」的後塵，排山倒海的負評接踵而來！ 現今各世代主機都已開啟全額退費和商店下架，那我們PC版是不是也能至少退個一半阿... 題外話：18x的部分根本就只作半套，幾個畫面就想呼攏過去...男人最討厭就是只能做一半。,0
DLC還真不錯 差評是給本體的,0
"我按的好评怎么变差评了,怎么好评也出bug了",0
可以考慮在2077年前把優化跟BUG做好再上市也不遲,0
bug量直迫ubi的半完全品 街上的npc幾孚不會說話 反應 強尼出來的那一章直接黑屏 如果你是跟風買的話建議收手或等大update,0
遊戲連開都開不了,0
BUG出奇的多 如果不是非現在玩不可的話 建議先等等 不過遊戲本身是好玩的,0
一個地方當機六次 我已經給機會了,0
"玩了一段時間缺點滿多的.. 街道行人幾乎都很死板,行動都很規律 希望之後可以優化好一點.. 再來就是通緝系統了,只要犯一點罪 警察馬上憑空出現,根本沒辦法做壞事..... 希望可以參考GTA.....",0
bug极多，优化极差，一直跳票还过度宣传，甭和我说什么巫师3一开始也这样后来优化好了，事前能做好的东西为什么一定要发售了才弄，什么态度 过了三年再回头看，现在优化得勉强说得过去，但还是有不少bug、并且物理运算导致的问题依然很多。大改技能树后总算是能形成更多样的build了，但战斗的核心体验还是做得不太行，不过总得来说官方的态度是十分有诚意的。不过这么多的改变还是没能解决一个很重要的问题，就是不好玩。,0
行，但是不是特別行。 目前的體驗大概是8/10，因爲我的硬件不太行所以導致體驗不佳，真正的評分大概再高點，但不至於滿分奇跡。 先從細節上説説優點。 其一是小地圖導航的精確性，會把很多小路怎麽走都清清楚楚標記出來，不會在建築群裏給你標一條直綫害你找半天。 體力值充足，一條體力可以跑個一公里，不會老停下來喘氣，有了點傭兵的樣子。（不過其實稍微短一點我也不介意） 背包也充足，一把槍也就兩三四點重量，一個背包可以揹好幾十件裝備，連續打幾個小據點都不用考慮清背包，更何況還可以當場拆掉裝備換材料。事實上這十幾個小時下來我一直在打小混混清據點做支綫，至今沒有背包煩惱。（不過其實背包更少一點我也不介意） 可以到處爬爬跳跳，這個游戲應該是鼓勵跑酷的，很多據點都可以找一些高處很方便地偵察到，高處也偶爾會找到獎勵。 錢不好賺，使得賺錢很有成就感（至少目前還是很缺錢），這是好事，讓人有賺錢的動力以及賺到錢的興奮感。 經驗的獲取方式也很合適，不同的擊殺方式可以獲得不同經驗，而且每場戰鬥完都能看到獲得的經驗，這種明確地意識到角色在一點點變强的感覺很不錯。 畫面和游戲性什麽的就想不到什麽好説的，畫面風格大概像是看門狗或者全境封鎖，駭入的戰鬥方式也在看門狗裏體驗過，總之是沒缺點，但也不新鮮。 缺點也不少，感覺版本早期還是有很多bug可修。 最大的缺點是優化吧？1060開最低畫質，竟然只有三十多幀，大場景戰鬥起來甚至會掉到將將二十幀？我知道1060已經過時了，但是老實説，開最低畫質之後我感覺上畫面沒有比全境封鎖2或者看門狗2好多少，那兩個游戲我可是能跑一百幀欸？ 然後各種細節上的缺點，比如奇怪的布娃娃效果，從車上拉下尸體的時候角色和尸體的互動非常僵硬。 再比如模型邊界的細節，用汽車做掩體的時候探頭開槍，明明整個槍身都露出去了，子彈竟然會被車體擋住。 再比如一些有空隙的物品，比如曡起來的運貨木板什麽的，子彈竟然不能穿過縫隙。放在別的游戲裏這几乎是理所應當，但是這個游戲宣傳這麽誇張，卻做不到這些“不那麽細節”的細節？是不是有違期待？ 再比如任務細節，我做一個護送人逃走的任務，把護送目標送到目的地，任務完成目標上車之後沒開多遠竟然直接原地消失？？ 再比如，誇張的物品破碎效果和音效，很多時候莫名其妙的就有一些小東西破碎發出很大的聲音。 再比如，爲什麽有時候跳到一些物體上的時候會有很快速的滑走的感覺？ 再比如，潛行的難度是否太低？消音器的效果太誇張，敵人完全聽不到，潛行的效果也太誇張，敵人完全聽不到蹲下走路的聲音。 再再比如，千萬不要點自動拆解廢料的技能！！！這個技能本意應該是讓玩家撿垃圾的時候不用費心拆垃圾，但是有很多價值比較高的掉落物也被判定為垃圾拆掉，很虧欸！比如可以賣750的項鏈什麽的，我注意到的都有八九個了！害我少賺了好多錢！你們測試的時候竟然沒有人質疑過這個設定嗎！ 剩下的我想到再説，畢竟劇情幾乎沒做，也沒逛過酒吧妓院，之後再來補充 缺點補充，開車小地圖範圍太小，無法提前判斷轉彎位置，建議像GTA5一樣根據玩家速度改變小地圖範圍 好评改差评，细节太差，开放世界很空洞，除去支线任务透露着浓重的育碧式假开放世界味道，靠各种重复无新意的据点撑起游戏时长。 经济系统奇差无比，一个支线任务只能拿到两千到五六千不等，但随便一把传说武器就卖十万，而且武器不保值，用几级就要汰换，升级装备消耗也很高，导致满级之前任何刷武器的行为几乎都是亏。 同时刷钱的方法也很多，导致货币贬值，但这并没有弥补奇高物价带来的别扭感，只是用一方面的数值不合理恰好解决了另一方面的数值不合理，作为一个货币不是厕纸的开放世界游戏这样的经济系统绝对不合格。 难度太低，最高难度仍然可以横行。潜行消音左輪手槍可以輕鬆偷點，能量武器及穿墻大狙的穿墻能力無限大也衍生出了隔墻虐殺流派。即使胡亂加點不考慮任何成型流派，也可以用霰彈槍輕鬆平推。過低難度導致各種build無法凸顯出特色，後期殺敵相當乏味。 武器特點不夠鮮明，傳説級武器只是多了一些暴擊率或者暴擊傷害、出血幾率之類的詞條，獨特武器的特殊技能也不夠明顯不夠獨特，製作方也許是想學習無主之地那樣的傳説武器系統，但是腦洞不夠，便顯得東施效顰。 最最惡心的，還是刷新在玩家背後的NCPD條子。條子兩槍可以帶走玩家，但是一旦逃出通緝範圍，只需要三秒就能銷聲匿跡，一方面警察太强，一方面又太容易逃脫，完全沒有犯罪的緊張刺激感。 可能等個十天半個月，更新幾個版本之後再考慮重玩吧,0
我用雙螢幕一直跳到我的副螢幕 每次玩遊戲我就要把副螢幕HDMI拔掉開遊戲在插回去 螢幕顯示1和2根本形同虛設(選都不能選) 字幕語音設定每次進遊戲要重選 創人物強制鎖鼠標BUG 鼠標移動不了到各類選項 各種BUG,0
簡單來說就是過譽遊戲，有很多遊戲的影子，但也是因為有很多遊戲的影子而顯得出並沒有哪邊特別出眾 但整體遊戲來說玩起來還算ok，以開放世界來講的話，就普普 沒到神的地步 再來是優化問題 真的搞不懂明明遊戲優化做的很差，BUG多到靠北還有一堆人在那邊護航 你沒遇到閃退跟bug是你家的事，但其他人遇到了，然後我們這些遇到的還要被你們黑 延期三次端出這種狗屎，我為啥不能噴，如果今天準時發行是這副鳥的性還說得過去，如今是延期了他 X 的三次欸 還是這bug一堆各種掉禎的問題，我是不知道公司內部有沒有高層壓力，但如果沒有，他們應該選擇再延期一年來打磨這遊戲 如果他們願意跟無人深空一樣接受玩家批評持續改善，之後真的有把問題修復好的話，我會改為好評,0
其他部份沒的挑剔 但優化極差無比 bug有 但沒遇到惡性BUG 沒甚麼問題,0
玩法一般般，做成純CRPG可能還舒服些。3090開極致DLSS都不能穩住60，明顯優化不行，可不可以心不要那麼大一次性多平台宣傳還鋪天蓋地呢？,0
理想很丰满现实很骨感，与预期差距太大。,0
我玩1.2小時不是閃退就是在閃退的路上，有測試過?,0
BUG太多了 什么时候修复再给好评,0
沒有中文語音，如果華人耳聾了很適合玩這個遊戲,0
買到的是閃退版嗎? 退一百次要怎麼玩,0
先把一直閃退修好可以嗎?= = 2080有這麼弱嗎?驅動都更新到最新了! BUG太多了，還有整段黑畫面的,0
幹你鬼哩!第一個任務接完走出酒吧就跳出了?有人跟我遇到一樣的問題嗎?畫質設定成超低也沒用我的是rtx3070ㄟ~1.04更新修復也沒用換了初生也一樣會跳出...,0
一款被大企業控制遊戲方生成的半成品遊戲，本來可能是像之前巫師3一樣的劃時代級別遊戲，然而，走到這步，一切也太可惜了。。,0
◎這是遊戲時間11小時的評論 ◎我有開允許留言 我認為一個人對這款遊戲的優劣評價，取決於兩點： ○對【電馭叛客2077】主劇情的喜好程度會有多少 ○玩過多少所謂的【開放式3A大作(比如:ubisoft旅遊局系列)】 如果你不會特別喜歡(無論你以何種方式大致上了解)主劇情 那我認為這款遊戲很大程度的樂趣會喪失掉 其次，這款遊戲並未感覺到在開放類型上取得突破 如果你之前玩同類遊戲已經很難取得樂趣的話 那在遊戲上的體驗，就會變得更難得到好的回饋 電馭叛客2077絕對是一款精心打造的好遊戲 無須猶疑的劇情細節、精緻的遊戲世界 但我目前為止的體驗，所給出的答案是不推薦,0
食屎啦CDPR,0
"當預購玩家無法退費，修正方法都嘗試過，測試到我遊玩時數都一小時以上，等點開cyberpunk2077能看到""開始遊戲""我再改成好評。",0
太多腦粉跑去別的遊戲硬要拿來比較 只好改負平 ---------------------------------------------------------------------------------------- 畫面7/10 劇情?/10 都在亂解支線到處逛先不討論 我個人覺得技能分配跟成長很有感覺， 等級越高加上改造後可以感覺出差異， 個人玩最高難度，覺得目前遊戲體感非常好 經過NCPT旁邊就是拿鈍器先往臉上貓過去 爽~~實際描述大概 就是 垂死之光+湯姆克蘭西+GTA 8小時遊玩綜合分數 8.5/10,0
"well,雖然顯卡問題修復了 但是拖了太長時間我還是要給個差評.",0
閃退BUG修好再來重新評價，現在0分的滿分遊戲,0
還有一堆問題希望以後可以改善 故事是好的 但故事有點接不上 角色也做得很好,0
BUG多的批爆，各种卡关影响游戏游玩。自由度低，地图小。载具少，摩托操控像一坨屎，没有改车系统，枪械只能加瞄具和消音。 波兰臭驴经典超墨迹剧情。甚至不如巫师三故事精彩。有看门狗的味。 弟中之弟,0
挺垃圾的前面不是黑屏游戏就是在黑屏的路上,0
整好角色後就彈game 之後就連遊戲也不能開 太多BUG,0
這是我心中的看門狗3! 跟ubi的開放世界不相上下喔～,0
玩着挺郁闷的，玩了2个多小时，第一场战斗莫名其妙连枪都没，要拿拳头打，不知道是BUG还是什么，反正换不了衣服也，没有枪可以用。界面太过于繁琐了，玩着糟心。,0
"可能是期待太大吧...失望也比較大,沒想象中的自由開放... 之前所說的每一棟大廈每一間房子都能進去,現在完全沒實現. 就算裸體在街上走來走去,NPC完全沒有任何反應,這些小細節都沒有.",0
強烈建議不要買 正宗買BUG送遊戲,0
2021/7/13更新 現在回顧這款遊戲，不得不說在這遊戲剛開始的時候簡直是藝術品等級，就算出現了BUG，其精彩跟沉浸程度讓人窒息、流淚，很美 這遊戲基本上沒救了，遊戲的設計思路本身就有問題，有太多太多結構性上的缺點，導致就算BUG修完了，這款遊戲本質上就是個內部機制衝突的半成品，注定都不是一款佳作 但真的很美，這遊戲的沉浸感跟開場的故事，即便是現在想起來都讓人流淚，畫面跟美術的衝擊感在我剛開始玩的兩個小時內讓我無法從當初的震撼抽離 該怎麼說，即便我討厭這款遊戲，即便這遊戲真的讓人討厭，但我心裡卻覺得，這款遊戲的美是史無前例的 ------------------------------- 撇開bug優化不論，這款遊戲是一個閹割、未完成作品 沈浸感是很好，人物的刻劃也算恰到好處 但故事本身並沒有特別可圈可點之處，而你的角色行為實際上對世界或他人幾乎沒有任何有深度的影響，你說的話也大多只是美學層次上的自言自語 最難忍的是這看似龐大充實的世界觀卻幾乎沒有表現出來，車輛行人沒靈魂，AI超蠢，幫派沒幫派的樣子，警察沒警察的樣子，你跟他們打交道的時候唯一能分辨這些人差異的方式是靠腦機掃描他們的身分，為了趕劇情很多有層次的設定都沒有被提及或刪除，甚至玩到遊戲結束都不太明白很多名詞含義 接任務不需要跟和事佬打交道，只要接電話就行，根本就欠缺很多角色扮演元素。以及你搶來的車、換來的武器，最後只會消失在某個角落裡。NPC真正會有結局的其實也就兩三個，警察追擊你時瞬間移動...... 沒有在夜城裡生活的感覺，沒有在餐廳進食、沒有酗酒、沒有更多妓女、沒有刺激的幻舞、沒有毒品、沒有飛車追逐、沒有幫派惡鬥、沒有人知道你是哪位、沒有改裝車輛、沒有髮型變更、沒有整型、沒有炫酷駭入介面、沒有有用的植入物 這樣也好，至少當我為他很多真正做得很好的角色跟劇情段落落淚時，還會想起這虛幻的世界終究不會是我的人生，真的真的好可惜 我個人對CDPR的後續更新是很悲觀的，因為我知道我所說的東西在一兩年內根本不會被更新，畢竟他們有更多的問題要煩惱、有Bug要修、有優化要做，還等著弄Dlc再賺一筆，但我心裡知道——這座城市就是這樣了，沒有夜城，只是座空城,0
"這個負評是給CD的高層, 遊戲是好玩的, 我亦推薦大家去買, 但為了趕上發售日而出真的不欣賞, 導致太多bug.... 不過還是要感謝CD員工的付出",0
垃圾遊戲大家別買 很多BUG打一關中3次BUG 還是無解的,0
延了再延 沒差 別給屎我吃就好 千萬人期待的'大作' 我還是給了負評 介面拆東西有BUG 地上物品撿了但標示還在 按C跳動畫卡幾秒才能繼續對話 中間直昇機前畫面全黑 只能靠看小地圖走路 光線問題(沒開RTX) 有些位置 空間很黑 看不清楚 一堆BUG 以下雖然不是BUG 但體驗不佳 人人都說車輛手感超差 但高級車輛手感正常 玩具槍 以為在玩全境 一堆BUG 但劇情可以 還是會先衝主線 等官方FIX BUG,0
好撚多bug呀屌,0
繼刺客教條奧德賽 新 - 眾生平等 優質優化的遊戲 優化是真的糟糕....,0
首先10個小時呢 遊戲故事蠻ok 角色系統也不錯 但是你都3次跳票了 那處理Bug多一點 玩過程一直Bug 你要人家玩Bug嗎？ 隔壁Ubi都想和你做朋友了 是不是和他合作？一起搞Bug 我是會耐心玩完主線+支線 白金的話 隨緣了 不想花太多Bug體驗 最近刺客已經讓我體驗到很多了,0
哇！《電馭叛客 2077》掛了。 這句句子內含了60GB的容量 所有工作人員所製作的文字遊戲 坐等補丁拯救蒼生,0
開車 開槍手感差 BUG多 優化差 任務廢話太多 未來更新的如何不知道 總之 暫時不推薦入手 除非你配備很頂 又能接受一堆BUG,0
哇咧~~~畫面BUG太嚴重了!! 時常畫面看不到，這樣要怎麼玩啊?,0
狗屎爛遊戲 跟你宣傳說可以捏扶他 進去遊戲褲子脫掉還是會給你套內褲 製作人到底在想啥 又要我自己去做MOD了是不是,0
Sorry，必須要差評直至bug有所改善... 主線卡bug無法跟阿傑說話交任務，幾個鐘的進度就沒有了,0
首衝給的負評 但現在還是覺得這遊戲不好玩,0
本來很期待的，雖然整體是不錯啦，但是BUG 真的有點多啊。例如：畫面一直有遠方的植物一直破圖，好像我是專精植物穿透眼似的。還有任務要走出房間需要走過一個門，但是我的搭檔一直站在門口不動，然後我就被困在房間了。等修好再給好評吧。,0
無限閃退 2020年最後的大作就是這個？ 太神了！,0
AI設定令人非常失望 !! 智障AI和憑空出現在你身邊的警察 是在房子裡!,0
一款做了7年，並跳票3次的作品不應該是這種水平,0
除了硬體殺手和奶子，沒甚麼好說的。 這遊戲性和互動性不行啊,0
枉費被眾人稱為大作 相信不少 想了解這遊戲的人都找過遊戲相關內容及設定 看了真的是很不錯 不過遊戲體驗我覺得極差 那遊戲BUG程度能壓垮你對這遊戲的熱衷 所以我 給差評 等遊戲BUG改善再看看吧,0
等了这么久等了个半成品，BUG多的要死，真失望,0
马上2023年了，我地铁呢？？,0
花了一段時間直接把主線衝完 簡單講個幾句遊玩結語 順便把起初的好評改成差評 不得不說2077真的非常令人失望 完全想不到這款半成品竟出自與巫師系列同公司之手 數不清的BUG 不盡人意的優化 毫無感情的死人NPC 出乎意料低的自由度 當初在預告片看到的憧憬及期待 實際遊玩幾乎感受不到 剩下的只有失望跟後悔 劇情說實在也稱不上多優秀 可取得只剩下酷酷的基哥 目前只能等待DLC看看能不能改變些東西 後續會不會更新修正我實在不敢奢求 只能說我在這款發售前野心勃勃 發售後黯然失色的作品中 窺伺到了聖歌的影子,0
没第三人称只能给差评了！这就是不给玩家选择权的报应！,0
等問題都修完再說吧，現在真心不建議買來玩,0
屌你老味 成個community一次又一次delay都不離不棄 屌你竟然夠膽拎件半成品出黎賣？ 俾399幫手DEBUG？依加咩事先 1yr update roadmap承諾繼續放飛機 繼續當玩家免洗 一流美術 九流營運 just corpo things 2.0 update 秒彈 入驚都有困難,0
為啥過了那麼久玩這遊戲還是那麼盪，還是我真的要用4090,0
需求配置太高，即使較低配置也能跑得動，但畫面表現效果差距過大，坐等優化,0
谁能告诉我哪里有学习班补丁 我要退款,0
結果過了三年回來重玩了一次，BUG還是滿天飛阿，人物穿模，聲音不同步或消失，車子憑空出現或卡住爆炸，優化爛等等，評論區說的BUG修好是在騙誰?= =,0
期待越大傷害越大..爛一職退出桌面...爛片,0
奇洛李維斯你有玩過嗎 bug比你的粉絲還多 玩5小時就有500個bug是要怎玩辣,0
與預期相差很大,0
"非常不好玩,且當機",0
BUG 超級超級多... NPC手裡東西有時都會透明 等更新後再來玩吧，目前BUG量多到不能忽視,0
警察跟路上NPC會突然生成 車子撞到路人會飛天 爬樓梯不用手 視覺轉一下 背後美女也會變老伯 在警察面前被幫派/通緝NPC攻擊 警察會視若無睹 在警察面前攻擊被通緝NPC 會被當作犯罪 一堆不可思議的問題,0
bug超级多，新手教程就有bug，画质颗粒感说实话挺严重的，玩法也没觉得多新颖说实话。。。,0
兩個字 失望,0
玩到好頭暈,0
弟弟感覺一般,0
"連遊戲都進不了,先送你差評",0
"[h1]不如回爐重造的佳作[/h1] 作為玩過witcher1,2,3的人，本來想説可以相信cdpr波蘭蠢驢的遊戲，所以預購開放没幾天就預購了。 但是cdpr最近表現太跌宕起伏了，3A原價出來的正式版竟然賣半成品的品質不説，宣傳内容更是先cut掉一半，而主機版竟然直接萎掉，加上GOG還願下架事件。 首先，在角色創造方面,單人劇情如同online般創建人物，人物模樣卻祇在過場動畫出現，不會出現在任務對話中，代入感相當差。 其次,三種角色背景看似提供多樣性，但是只存在三種不同的序章以及三種對應角色背景的對話選項,無聊的序章作業感十足。 最後,UX和UI設計 [olist] [*]大量影響體驗bug,部分需要讀檔 [*]遊戲雖是punk風格但字幕顏色實在過度鮮艷,不方便長時間閱讀 [*]槍枝重覆度高,不外乎幾種 [*]大量垃圾道具和文字檔撿取 [*]AI和物理表現泛善可陳 [*]大量作業感小支綫 [*]大量紙板建築物同npc [*]UI整體感覺非常亂,血量條經常進入戰鬥後會自動隱藏 [*]不存在任何地圖導航線輔助(小地圖放在右上角加深不少跑圖難度,要不時快速一瞥右上角才能確認方位) [/olist] 可能全破感覺會不同吧，但目前前提要等debug工序完成。",0
"聽說2.0更新了 也買了dlc了 一打開,遊戲檔案缺失,再進遊戲 想說開看看光追看一下畫面是否有提升,3070ti開完光追剩1fps :D 關掉之後,最高只剩15fps,要重開遊戲才能變回60上下 主要是過了那麼久,優化還這樣...隨處可見的穿模,光影bug 或莫名閃爍。 真的覺得沒必要再給好評了",0
真的不OK。各種Bug、破圖，教學關卡我居然卡關差不多1小時(操作指示不清晰)，第一人稱視角超暈眩。媒體過度吹捧！,0
Q切换视角失败了,0
開不到遊戲....,0
還可以，普通3a 算了還是挺垃圾的，兩年後讓我看看蠢驢更新到哪了,0
垃圾遊戲一直彈game又有好鬼多bug,0
为了强行增加银手戏份至少删了一半主线内容（杰克和V的剧情居然在开头一段即时演算一笔带过了），其他的开放世界内容几乎删完了，去看看火线夜之城就知道删了多少，目前来看就是半成品，完成度不到50%,0
本以为延后发售是为了优化，但拿到手这个帧数实在是让人无法接受。。 猜测可能是为了硬件厂商塞钱增加市场中新硬件的需求 但游戏是做给厂商玩的还是玩家玩的真是摸不着头脑 同时巨多的bug也不能让人认为是真正是一款制作完整的制品版游戏,0
"讓遊戲無法正常運行的BUG不少 曾預告會出現而沒出現的內容超級超級之多 比方幻舞、更多元的npc的AI、更豐富的角色自定義 通通都被閹割掉了 雖然遊戲在完成前多少會有比較寬闊的願景 上市後少一兩個內容的情形在3A級大作內可能也不在少數 但2077是我目前見過最誇張的 你說之後這些內容可能會補上？ 抱歉 那也要等他們真的補上了再說 遊戲內容本身不差 第一人稱視角加上故事的描繪讓整體遊玩沉浸感還不錯 但是粗糙的槍枝彈藥物理引擎和車輛物理引擎以及三不五時就會出現的人物模型BUG 實在是讓人無法不出戲 遊戲的攻略方式還算多元 但是各方法間的平衡性有待改善 尤其是狙擊步槍 我完全不懂狙擊步槍可以射穿看起來厚達好幾公尺的牆到底是怎麼一回事 再加上腦袋洞滿大的敵人AI 讓整個戰鬥的難度變得很謎 然後車輛的改裝自定義先不提 連車庫系統和車輛外觀自定義都無法使用 真的會讓人懷疑這是五到十年前出產的遊戲 如果我是完全沒有聽過這款遊戲的玩家 玩了STEAM版 滿分十分我大概會給個六分或七分 而我今天是從兩三年前就盯著此遊戲新消息一直到推出後的玩家 被該廠商以詐欺的方式駁眼球並購買了這款半成品 我是覺得很不爽（遊玩兩小時內可以退款沒錯 但沒玩超過兩小時根本很難發現自己究竟被詐欺了多少程度的遊戲內容） 滿分十分我頂多給個四分 期待後續官方patch及DLC能為這款半成品帶來的改善 以符合被欺騙的玩家們的期待 在那之前我認為蠢驢是沒資格被稱作蠢驢的 ""詐驢""肯定貼切許多",0
开开心心买了连开始游戏都没反应，修复了给好评。,0
不要買 不符合期待上的內容,0
太多bug,0
糞game，優化極差，畫質模糊，跳票一年就給我玩這個？N年前就已經開發中的game，2080ti竟然陣亡，根本無考慮到優化問題,0
延期這麼多次優化還是很差，1660Ti在最低畫面下也沒辦法穩定60幀，室外場景有時候甚至掉到20幀以下。,0
"唔好,冇免費dlc",0
畫質超差 啲人嘅皮膚好似開咗美肌咁個樣超曚 啲bug勁個ubi,0
我以為我在玩 全境封鎖,0
遊戲開啟黑畫面(黑屏)但有聲音,0
開了只有聲音，沒有畫面 更新完驅動也一樣,0
"中配很爛,bug蠻多的,操作生硬,1070全低畫質經常跑不滿60fps",0
CDPR你也是个成年人了 我想这个评价先给你也没什么问题吧 ============= 内容通关再评价 ============== 结局全开，来说一下感受 我不是重度玩家 但是现象级游戏 ，我也是一定会去玩的 通关之后最大感受就是 这个城市没有后续了 所有玩法都没有了后续 超梦 潜行 黑客 装备 种种玩法 你们也别和我杠 说什么地图支线任务奇遇任务清完了没 装备打造最好了没 系统都体验了吗 这样只会让我越来越怀疑这个游戏的定位 不是CRPG吗？ 真要拿他去对标大镖客 对标看门狗 对标光逝吗 不 他只需要做到一点 那就是大于或等于巫师3 抛开题材 你们通关后再问问自己 他做到了吗？ 庞大的世界分割下来 散落成一个一个不完善的系统 给玩家们的期望太大 甚至连前作水平都达不到 这算得上一个新颖的游戏 但他绝对不是一个优秀的游戏 像玩家说的一样 via魔王_迪诺 通关后仿佛感觉2077仿佛变成了另一个游戏 这里的一切都是真的 所有看到的高楼，楼梯间，阳台，天台，即使无法正常到达，但依然有实体建模，有结构 但这里的一切又都是假的 费劲千辛万苦寻找刁钻角度进入的楼梯间，阳台，天台，高楼，都空无一物 高楼下车水马龙，人声鼎沸 高楼上风光无限，但却死寂一片 走过很多无人的阳台，楼梯间的时候，我总是在想 也许CDPR一开始想做的游戏，这里也如地面一般喧哗 可惜，他们想做的，却又没能做到 也希望后续的更新会让2077成为真正的 当之无愧的 【现象级游戏】 说句淦话 未来可期,0
什么B优化啊？？,0
預購玩家 --------- 1.降價太快 2.更新太慢,0
目前优化太糟糕，不建议现在购买，以后看情况再说。,0
根本進不去，玩不了阿!!,0
[h1] 太早推出的遊戲 [/h1] 當硬件都跟不上遊戲內容 承諾的全地圖互動NPC 高畫質流暢畫面光影 全部就會消失 [h1] 再為你呈現 [/h1] 全地圖機械人 每分鐘都會看到各款bug 各種可能讀檔都救不到完全卡死任務的bug 只要開最高畫面3090也救不到你的藍畫面 [h1] 可惜故事還是很好看呢 [/h1],0
有D失望，無想象那麽好玩，事情係高清版ge borderland，我會建議未買ge可以等多人模式先。,0
BUG太多了,0
一選完角就閃退 怎玩啊,0
为啥要给《上时代》的游戏评价,0
首先，游戏本身出去bug和优化还是不错的，中文配音很不错，演出效果也很带感，不过依旧不达标，很多剧情跳转不是很自然，可探索区域很多房间上锁，依旧是满地图问号，缺乏小游戏，加上捡东西不太友好等bug，可互动元素太少了，和宣发比可以说是诈骗了，太让人失望了，等还是期待后续更新吧。,0
"100%肯定製作組沒親身試玩,各種場合閃退,一堆BUG,優化極差 極品配置的電腦都玩不了全最高效果 還有駕駛手感極差比watch dog2 更差 我玩了3小時都不知道各人物各幫派的事 劇情接近零銜接 我等了這麼久就為了買這種未完成品嗎???????????? 太失望了,我先退費了,你們慢慢玩吧,等之後改好了我才考慮回來",0
1080p幀數穩60還能接受 但瘋狂破圖常常有一痕在螢幕上不太舒服 新手教學戰鬥模擬玩到一半卡bug 還不能存檔退出 到時候又要重打一遍 先等後續優化過後再開起來玩了,0
創角就閃退 給不給玩?,0
這款遊戲的主線總時數約在17個小時上下 心得:畫大餅+抄襲天外世界+買BUG送遊戲 ---------------------------------------------------------------------- 欸這大餅怎麼會這麼好吃阿，畫大餅畫成這樣 而且是不是抄襲天外世界阿，怎麼一堆東西都像 原來是天外世界低配版喔，我還以為是強化版欸 不光UI全像，對話框，對話風格，技能選擇， 還有各個場景，就連每把槍的手感也都很像， 也是要到處拾荒，撿破爛到處賣，再買一堆垃圾 最像的是有個紅色蓋子的彈藥盒，竟然一模一樣 喔對了還有，主線的長度也差不多是17個小時上下 ---------------------------------------------------------------------- 可是天外世界多少錢? Xbox，只要你花30塊就能玩 那這款呢??? 1600?，更不用提這些多到靠杯的bug 優化更是大便，3090都不保證2K全開能穩60FPS了 也別說什麼畫質光影，二選一的屁話，卡皇乾脆折了 BUG多，最印象深刻的是基哥出場，在最重要的地方 竟然黑掉????? 還以為基哥出場有多神秘，有多驚喜 笑死，結果讀之前檔沒用，要直接讀進入基哥章節的 最重要的地方你還出Bug，這款到底還有什麼能看的? ---------------------------------------------------------------------- 再來講問題，雖然都有小Bug小毛病，但是一多就幹 爆音，雜音，掉幀，抖動，穿模，發生次數非常頻繁 還有阿傑的BUG最多，阿傑會飛會騎空氣，還會在車上彈 不說光影或DLSS有問題，這些都關掉一樣會出現 這些問題 所以不要說配備三小，優化有問題就優化，這問題非常明顯 ---------------------------------------------------------------------- 氣到不知道還要補什麼了，反正我不推薦，絕對不推 真的要推不如去推會員30塊的天外世界，樂趣比較多 而且宇宙跟星球的美感真的很讓人著迷 ，真的是很美 BUG都是有趣的BUG，不是遇到2077這些煩躁的BUG,0
遊戲是好遊戲 還是很推薦的 整體的劇情跟玩法都很讚 但4070+i7 14700k玩到一半會突然閃退是我不理解的,0
